/**
 * Automatically generated by gif_to_splash.py
 * Source: vega_shadaloo_attract_loop_preview.gif
 * Total frames: 38
 * Total duration: 7570 ms
 */

#ifndef _SPLASH_ANIM_H_
#define _SPLASH_ANIM_H_

#include <stdint.h>

#define SPLASH_ANIM_ENABLED 1
#define SPLASH_ANIM_FRAME_COUNT 38
#define SPLASH_ANIM_TOTAL_DURATION_MS 7570

static const uint16_t splash_anim_delays[38] = {
    1100, 1100, 300, 600, 110, 80, 80, 80, 140, 80, 180, 100, 100, 140, 110, 110, 110, 110, 110, 120, 130, 140, 140, 210, 100, 100, 100, 100, 100, 110, 110, 130, 120, 100, 100, 100, 120, 700
};

static const uint32_t splash_anim_cumulative[38] = {
    1100, 2200, 2500, 3100, 3210, 3290, 3370, 3450, 3590, 3670, 3850, 3950, 4050, 4190, 4300, 4410, 4520, 4630, 4740, 4860, 4990, 5130, 5270, 5480, 5580, 5680, 5780, 5880, 5980, 6090, 6200, 6330, 6450, 6550, 6650, 6750, 6870, 7570
};

static const uint8_t splash_anim_frames[38][1024] = {
    // Frame 0 (delay: 1100ms)
    {
        0x00, 0x00, 0x00, 0x00, 0x00, 0x00, 0x00, 0x00, 0x00, 0x00, 0x00, 0x00, 0x00, 0x00, 0x00, 0x00,
        0x00, 0x00, 0x00, 0x00, 0x00, 0x00, 0x00, 0x00, 0x00, 0x00, 0x00, 0x00, 0x00, 0x00, 0x00, 0x00,
        0x06, 0x00, 0x00, 0x00, 0x00, 0x00, 0x00, 0x00, 0x00, 0x00, 0x00, 0x00, 0x00, 0x00, 0x00, 0x60,
        0x07, 0x80, 0x00, 0x00, 0x00, 0x00, 0x00, 0x00, 0x00, 0x00, 0x00, 0x00, 0x00, 0x00, 0x01, 0xE0,
        0x03, 0xE0, 0x00, 0x00, 0x00, 0x00, 0x00, 0x00, 0x00, 0x00, 0x00, 0x00, 0x00, 0x00, 0x07, 0xC0,
        0x01, 0xFC, 0x00, 0x00, 0x00, 0x00, 0x00, 0x00, 0x00, 0x00, 0x00, 0x00, 0x00, 0x00, 0x3F, 0x80,
        0x01, 0xFF, 0x80, 0x00, 0x00, 0x00, 0x00, 0x00, 0x00, 0x00, 0x00, 0x00, 0x00, 0x01, 0xFF, 0x80,
        0x00, 0xFF, 0xE0, 0x00, 0x00, 0x00, 0x00, 0x00, 0x00, 0x00, 0x00, 0x00, 0x00, 0x07, 0xFF, 0x00,
        0x00, 0x7F, 0xFC, 0x00, 0x00, 0x00, 0x00, 0x00, 0x00, 0x00, 0x00, 0x00, 0x00, 0x3F, 0xFE, 0x00,
        0x00, 0x1F, 0xFF, 0x30, 0x00, 0x00, 0x00, 0x00, 0x00, 0x00, 0x00, 0x00, 0x0C, 0xFF, 0xF8, 0x00,
        0x04, 0x0F, 0xEF, 0xCC, 0x00, 0x00, 0x00, 0x1F, 0xF8, 0x00, 0x00, 0x00, 0x33, 0xF7, 0xF0, 0x20,
        0x03, 0xC3, 0xF9, 0xF7, 0x80, 0x00, 0x01, 0xFB, 0xFF, 0x80, 0x00, 0x01, 0xEF, 0x9F, 0xC3, 0xC0,
        0x01, 0xF8, 0x7E, 0x3B, 0xF0, 0x00, 0x03, 0x83, 0xF1, 0xC0, 0x00, 0x0F, 0xDC, 0x7E, 0x1F, 0x80,
        0x00, 0xFF, 0x8F, 0x20, 0xFE, 0x00, 0x0C, 0x03, 0xE0, 0x30, 0x00, 0x7F, 0x04, 0xF1, 0xFF, 0x00,
        0x00, 0x7F, 0xF3, 0x9E, 0x3D, 0xE0, 0x18, 0x07, 0xC0, 0x18, 0x07, 0xBC, 0x79, 0xCF, 0xFE, 0x00,
        0x00, 0x1F, 0xFE, 0x4F, 0xCE, 0x7C, 0x30, 0x07, 0xFC, 0x0C, 0x3E, 0x73, 0xF2, 0x7F, 0xF8, 0x00,
        0x00, 0x0F, 0xEF, 0xE7, 0xF3, 0xCE, 0x60, 0x0F, 0xF8, 0x06, 0x73, 0xCF, 0xE7, 0xF7, 0xF0, 0x00,
        0x00, 0x01, 0xFE, 0xF1, 0xEE, 0xE6, 0x60, 0x1F, 0xF0, 0x06, 0x67, 0x77, 0x8F, 0x7F, 0x80, 0x00,
        0x00, 0x78, 0x7F, 0xCC, 0x7B, 0x6C, 0x48, 0x1C, 0xF0, 0x12, 0x36, 0xDE, 0x33, 0xFE, 0x1E, 0x00,
        0x00, 0x3F, 0xC1, 0xEF, 0xFE, 0x68, 0x48, 0x01, 0xC0, 0x12, 0x16, 0x7F, 0xF7, 0x83, 0xFC, 0x00,
        0x00, 0x0F, 0xFF, 0x23, 0xFE, 0x68, 0x4C, 0x01, 0xC0, 0x32, 0x16, 0x7F, 0xC4, 0xFF, 0xF0, 0x00,
        0x00, 0x07, 0xFF, 0xF8, 0xF6, 0x68, 0x4C, 0x03, 0x00, 0x32, 0x16, 0x6F, 0x1F, 0xFF, 0xE0, 0x00,
        0x00, 0x01, 0xFF, 0xF8, 0x0F, 0x68, 0x66, 0x02, 0x00, 0x66, 0x16, 0xF0, 0x1F, 0xFF, 0x80, 0x00,
        0x00, 0x00, 0x7F, 0xF9, 0xF6, 0x6C, 0x67, 0xC4, 0x03, 0xE6, 0x36, 0x6F, 0x9F, 0xFE, 0x00, 0x00,
        0x00, 0x00, 0x01, 0xFE, 0x77, 0x37, 0x6F, 0xF0, 0x4F, 0xF6, 0xEC, 0xEE, 0x7F, 0x80, 0x00, 0x00,
        0x00, 0x01, 0xFF, 0xF1, 0x80, 0x19, 0xB9, 0x7B, 0xDE, 0x9D, 0x98, 0x01, 0x8F, 0xFF, 0x80, 0x00,
        0x00, 0x01, 0xFF, 0xFC, 0x7F, 0xCC, 0xB1, 0x3F, 0xFC, 0x8D, 0x33, 0xFE, 0x3F, 0xFF, 0x80, 0x00,
        0x00, 0x00, 0x3F, 0xFF, 0x1F, 0xB6, 0x13, 0xCC, 0x33, 0xC8, 0x6D, 0xF8, 0xFF, 0xFC, 0x00, 0x00,
        0x00, 0x00, 0x01, 0xFF, 0x03, 0xE3, 0x99, 0xE1, 0x87, 0x99, 0xC7, 0xC0, 0xFF, 0x80, 0x00, 0x00,
        0x00, 0x00, 0x00, 0x01, 0xE7, 0xB8, 0xBC, 0x07, 0xE0, 0x3D, 0x1D, 0xE7, 0x80, 0x00, 0x00, 0x00,
        0x00, 0x00, 0x00, 0x3F, 0xB8, 0x76, 0x7B, 0xBE, 0x7D, 0xDE, 0x6E, 0x1D, 0xFC, 0x00, 0x00, 0x00,
        0x00, 0x00, 0x03, 0xFF, 0xF6, 0x4E, 0x2F, 0xFE, 0x7F, 0xF4, 0x72, 0x6F, 0xFF, 0xC0, 0x00, 0x00,
        0x00, 0x00, 0x01, 0xFF, 0xDD, 0x8D, 0x9E, 0x7C, 0x3E, 0x79, 0xB1, 0xBB, 0xFF, 0x80, 0x00, 0x00,
        0x00, 0x00, 0x00, 0x00, 0x7F, 0x41, 0x80, 0x19, 0x98, 0x01, 0x82, 0xFE, 0x00, 0x00, 0x00, 0x00,
        0x00, 0x00, 0x00, 0x00, 0xEE, 0xED, 0x40, 0x5D, 0xBA, 0x02, 0xB7, 0x77, 0x00, 0x00, 0x00, 0x00,
        0x00, 0x00, 0x00, 0x03, 0xF9, 0x68, 0xD5, 0x3F, 0xFC, 0xAB, 0x16, 0x9F, 0xC0, 0x00, 0x00, 0x00,
        0x00, 0x00, 0x00, 0x03, 0xC3, 0xDE, 0xB3, 0x07, 0xE0, 0xCD, 0x7B, 0xC3, 0xC0, 0x00, 0x00, 0x00,
        0x00, 0x00, 0x00, 0x00, 0x07, 0xBE, 0xE3, 0x35, 0xAC, 0xC7, 0x7D, 0xE0, 0x00, 0x00, 0x00, 0x00,
        0x00, 0x00, 0x00, 0x00, 0x0F, 0x3D, 0xE3, 0x1F, 0xF8, 0xC7, 0xBC, 0xF0, 0x00, 0x00, 0x00, 0x00,
        0x00, 0x00, 0x00, 0x00, 0x1E, 0x79, 0xC5, 0x93, 0xC9, 0xA3, 0x9E, 0x78, 0x00, 0x00, 0x00, 0x00,
        0x00, 0x00, 0x00, 0x00, 0x10, 0x73, 0x86, 0xBE, 0x7D, 0x61, 0xCE, 0x08, 0x00, 0x00, 0x00, 0x00,
        0x00, 0x00, 0x00, 0x00, 0x00, 0xC2, 0x00, 0xF6, 0x6F, 0x00, 0x43, 0x00, 0x00, 0x00, 0x00, 0x00,
        0x00, 0x00, 0x00, 0x00, 0x00, 0x00, 0x00, 0x7F, 0xFE, 0x00, 0x00, 0x00, 0x00, 0x00, 0x00, 0x00,
        0x00, 0x00, 0x00, 0x00, 0x00, 0x00, 0x00, 0x3F, 0xFC, 0x00, 0x00, 0x00, 0x00, 0x00, 0x00, 0x00,
        0x00, 0x00, 0x00, 0x00, 0x00, 0x00, 0x00, 0x1F, 0xF8, 0x00, 0x00, 0x00, 0x00, 0x00, 0x00, 0x00,
        0x00, 0x00, 0x00, 0x00, 0x00, 0x00, 0x00, 0x0F, 0xF0, 0x00, 0x00, 0x00, 0x00, 0x00, 0x00, 0x00,
        0x00, 0x00, 0x00, 0x00, 0x00, 0x00, 0x00, 0x00, 0x00, 0x00, 0x00, 0x00, 0x00, 0x00, 0x00, 0x00,
        0x00, 0x00, 0x00, 0x00, 0x00, 0x00, 0x00, 0x00, 0x00, 0x00, 0x00, 0x00, 0x00, 0x00, 0x00, 0x00,
        0x00, 0x00, 0x00, 0x00, 0x00, 0x00, 0x00, 0x00, 0x00, 0x00, 0x00, 0x00, 0x00, 0x00, 0x00, 0x00,
        0x00, 0x00, 0x00, 0x00, 0x00, 0x00, 0x00, 0x00, 0x00, 0x00, 0x00, 0x00, 0x00, 0x00, 0x00, 0x00,
        0x00, 0x00, 0x00, 0x00, 0x00, 0x00, 0x00, 0x00, 0x00, 0x00, 0x00, 0x00, 0x00, 0x00, 0x00, 0x00,
        0x00, 0x00, 0x00, 0x00, 0x00, 0x00, 0x00, 0x00, 0x00, 0x00, 0x00, 0x00, 0x00, 0x00, 0x00, 0x00,
        0x00, 0x00, 0x00, 0x00, 0x38, 0x44, 0x38, 0x78, 0x38, 0x40, 0x38, 0x38, 0x00, 0x00, 0x00, 0x00,
        0x00, 0x00, 0x00, 0x00, 0x44, 0x44, 0x44, 0x44, 0x44, 0x40, 0x44, 0x44, 0x00, 0x00, 0x00, 0x00,
        0x02, 0x00, 0x00, 0x00, 0x40, 0x44, 0x44, 0x44, 0x44, 0x40, 0x44, 0x44, 0x00, 0x00, 0x00, 0x40,
        0x03, 0xFF, 0xFF, 0xF0, 0x38, 0x7C, 0x7C, 0x44, 0x7C, 0x40, 0x44, 0x44, 0x1F, 0xFF, 0xFF, 0xC0,
        0x02, 0x00, 0x00, 0x00, 0x04, 0x44, 0x44, 0x44, 0x44, 0x40, 0x44, 0x44, 0x00, 0x00, 0x00, 0x40,
        0x00, 0x00, 0x00, 0x00, 0x44, 0x44, 0x44, 0x44, 0x44, 0x40, 0x44, 0x44, 0x00, 0x00, 0x00, 0x00,
        0x00, 0x00, 0x00, 0x00, 0x38, 0x44, 0x44, 0x78, 0x44, 0x7C, 0x38, 0x38, 0x00, 0x00, 0x00, 0x00,
        0x00, 0x00, 0x00, 0x00, 0x00, 0x00, 0x00, 0x00, 0x00, 0x00, 0x00, 0x00, 0x00, 0x00, 0x00, 0x00,
        0x00, 0x00, 0x00, 0x00, 0x00, 0x00, 0x00, 0x00, 0x00, 0x00, 0x00, 0x00, 0x00, 0x00, 0x00, 0x00,
        0x00, 0x00, 0x00, 0x00, 0x00, 0x00, 0x00, 0x00, 0x00, 0x00, 0x00, 0x00, 0x00, 0x00, 0x00, 0x00,
        0x00, 0x00, 0x00, 0x00, 0x00, 0x00, 0x00, 0x00, 0x00, 0x00, 0x00, 0x00, 0x00, 0x00, 0x00, 0x00,
        0x00, 0x00, 0x00, 0x00, 0x00, 0x00, 0x00, 0x00, 0x00, 0x00, 0x00, 0x00, 0x00, 0x00, 0x00, 0x00,
    },
    // Frame 1 (delay: 1100ms)
    {
        0x00, 0x00, 0x00, 0x2A, 0xA0, 0x00, 0x00, 0x00, 0x00, 0x00, 0x00, 0x00, 0x00, 0x00, 0x00, 0x00,
        0x00, 0x00, 0x00, 0x00, 0x14, 0x00, 0x00, 0x00, 0x00, 0x00, 0x00, 0x00, 0x00, 0x00, 0x00, 0x00,
        0x00, 0x00, 0x00, 0x00, 0x02, 0x00, 0x00, 0x00, 0x00, 0x00, 0x00, 0x00, 0x00, 0x00, 0x00, 0x00,
        0x00, 0x00, 0x00, 0x00, 0x01, 0x00, 0x00, 0x00, 0x00, 0x00, 0x00, 0x00, 0x00, 0x00, 0x00, 0x00,
        0x00, 0x00, 0x00, 0x00, 0x00, 0x80, 0x00, 0x00, 0x00, 0x00, 0x00, 0x00, 0x00, 0x00, 0x00, 0x00,
        0x00, 0x00, 0x00, 0x00, 0x00, 0x40, 0x00, 0x00, 0x00, 0x00, 0x00, 0x00, 0x00, 0x00, 0x00, 0x00,
        0x00, 0x00, 0x00, 0x00, 0x00, 0x20, 0x00, 0x00, 0x00, 0x00, 0x00, 0x00, 0x00, 0x00, 0x0F, 0xE0,
        0x00, 0x00, 0x00, 0x00, 0x00, 0x00, 0x00, 0x00, 0x00, 0x00, 0x00, 0x00, 0x00, 0x00, 0x00, 0x20,
        0x00, 0x00, 0x00, 0x28, 0x00, 0x00, 0x00, 0x00, 0x00, 0x00, 0x00, 0x00, 0x00, 0x00, 0x00, 0x20,
        0x00, 0x00, 0x00, 0x14, 0x00, 0x00, 0x00, 0x00, 0x00, 0x00, 0x00, 0x00, 0x00, 0x00, 0x00, 0x20,
        0x00, 0x80, 0x00, 0x02, 0x80, 0x00, 0x00, 0x00, 0x00, 0x00, 0x00, 0x00, 0x00, 0x00, 0x00, 0x20,
        0x05, 0x00, 0x00, 0x01, 0x14, 0x00, 0x00, 0x00, 0x00, 0x00, 0x00, 0x00, 0x00, 0x00, 0x00, 0x20,
        0x0A, 0x80, 0x00, 0x00, 0xA8, 0x00, 0x00, 0x00, 0x00, 0x00, 0x00, 0x00, 0x00, 0x00, 0x00, 0x20,
        0x15, 0x00, 0x00, 0x00, 0x14, 0x00, 0x00, 0x00, 0x00, 0x00, 0x00, 0x00, 0x00, 0x00, 0x00, 0x20,
        0x2A, 0x00, 0x00, 0x00, 0x2A, 0x80, 0x00, 0x00, 0x3F, 0xFF, 0xFF, 0xFF, 0xFF, 0xFF, 0xFF, 0x20,
        0x50, 0x00, 0x00, 0x00, 0x10, 0x00, 0x00, 0x00, 0x00, 0x00, 0x00, 0x00, 0x00, 0x00, 0x00, 0x20,
        0x00, 0x00, 0x00, 0x00, 0x00, 0x00, 0x00, 0x00, 0x00, 0x00, 0x00, 0x00, 0x00, 0x00, 0x00, 0x20,
        0x00, 0x00, 0x00, 0x00, 0x00, 0x00, 0x00, 0x00, 0x00, 0x00, 0x00, 0x00, 0x00, 0x00, 0x00, 0x20,
        0x00, 0x00, 0x00, 0x00, 0x00, 0x00, 0x00, 0x00, 0x00, 0x00, 0x00, 0x00, 0x00, 0x00, 0x00, 0x20,
        0x00, 0x00, 0x00, 0x00, 0x00, 0x00, 0x00, 0x00, 0x00, 0x89, 0xF1, 0xC3, 0x80, 0x00, 0x00, 0x20,
        0x00, 0x00, 0x00, 0x00, 0xA8, 0x00, 0x00, 0x00, 0x00, 0x89, 0x02, 0x24, 0x40, 0x00, 0x00, 0x20,
        0x00, 0x00, 0x00, 0x15, 0x54, 0x00, 0x00, 0x00, 0x00, 0x89, 0x02, 0x04, 0x40, 0x00, 0x00, 0x20,
        0x00, 0x00, 0x00, 0x0A, 0xA8, 0x00, 0x00, 0x00, 0x00, 0x51, 0xE2, 0xE7, 0xC0, 0x00, 0x00, 0x20,
        0x00, 0x00, 0x00, 0x00, 0x14, 0x00, 0x00, 0x00, 0x00, 0x51, 0x02, 0x24, 0x40, 0x00, 0x00, 0x20,
        0x00, 0x00, 0x00, 0xA0, 0x02, 0x80, 0x00, 0x00, 0x00, 0x21, 0x02, 0x24, 0x40, 0x00, 0x00, 0x20,
        0x00, 0x00, 0x14, 0x40, 0x00, 0x00, 0x00, 0x00, 0x00, 0x21, 0xF1, 0xC4, 0x40, 0x00, 0x00, 0x20,
        0x00, 0x00, 0x2A, 0xA0, 0x20, 0x00, 0x00, 0x00, 0x00, 0x00, 0x00, 0x00, 0x00, 0x00, 0x00, 0x20,
        0x00, 0x00, 0x57, 0xF5, 0x50, 0x00, 0x00, 0x00, 0x00, 0x00, 0x00, 0x00, 0x00, 0x00, 0x00, 0x20,
        0x00, 0x00, 0x2B, 0xFA, 0xA0, 0x00, 0x00, 0x00, 0x00, 0x00, 0x00, 0x00, 0x00, 0x00, 0x00, 0x20,
        0x00, 0x05, 0x15, 0xF5, 0x74, 0x00, 0x00, 0x00, 0x00, 0x00, 0x00, 0x00, 0x00, 0x00, 0x00, 0x20,
        0x00, 0x0A, 0xAA, 0xEA, 0xFE, 0x00, 0x00, 0x00, 0x3F, 0xFF, 0xFF, 0xFF, 0xFF, 0xFF, 0xFF, 0x20,
        0x00, 0x45, 0x55, 0xD5, 0x5E, 0x00, 0x00, 0x00, 0x00, 0x00, 0x00, 0x00, 0x00, 0x00, 0x00, 0x20,
        0x00, 0x22, 0xAB, 0xAA, 0x2E, 0x00, 0x00, 0x00, 0x00, 0x00, 0x00, 0x00, 0x00, 0x00, 0x00, 0x20,
        0x00, 0x55, 0x51, 0x55, 0x5C, 0x00, 0x00, 0x00, 0x00, 0x00, 0x00, 0x00, 0x00, 0x00, 0x00, 0x20,
        0x00, 0x2A, 0xAA, 0x02, 0xFE, 0x00, 0x00, 0x00, 0x00, 0x00, 0x00, 0x00, 0x00, 0x00, 0x00, 0x20,
        0x00, 0x15, 0x55, 0x55, 0xFC, 0x00, 0x00, 0x00, 0x00, 0x00, 0x00, 0x00, 0x00, 0x00, 0x00, 0x20,
        0x00, 0x2A, 0xA2, 0xFE, 0xAC, 0x00, 0x00, 0x00, 0x00, 0x00, 0x00, 0x00, 0x00, 0x00, 0x00, 0x20,
        0x04, 0x15, 0x55, 0x77, 0xDC, 0x00, 0x00, 0x00, 0x01, 0xA9, 0x31, 0x21, 0x10, 0x00, 0x00, 0x20,
        0x00, 0x02, 0xAA, 0xFE, 0xB8, 0x00, 0x00, 0x00, 0x02, 0x2A, 0xAA, 0xA2, 0xA8, 0x00, 0x00, 0x20,
        0x00, 0x45, 0x55, 0x7F, 0x38, 0x00, 0x00, 0x00, 0x01, 0x3B, 0xAB, 0xA2, 0xA8, 0x00, 0x00, 0x20,
        0x00, 0x02, 0xAA, 0xBF, 0xB0, 0x00, 0x00, 0x00, 0x00, 0xAA, 0xAA, 0xA2, 0xA8, 0x00, 0x00, 0x20,
        0x00, 0x05, 0x55, 0x57, 0xF0, 0x00, 0x00, 0x00, 0x03, 0x2A, 0xB2, 0xB9, 0x10, 0x00, 0x00, 0x20,
        0x00, 0x02, 0x2A, 0x82, 0xB0, 0x00, 0x00, 0x00, 0x00, 0x00, 0x00, 0x00, 0x00, 0x00, 0x00, 0x20,
        0x00, 0x01, 0x14, 0x5F, 0x40, 0x00, 0x78, 0x00, 0x00, 0x00, 0x00, 0x00, 0x00, 0x00, 0x00, 0x20,
        0x00, 0x02, 0xAA, 0xBF, 0xE0, 0x00, 0xF8, 0x00, 0x00, 0x00, 0x00, 0x00, 0x00, 0x00, 0x00, 0x20,
        0x00, 0x01, 0x55, 0x5F, 0xE3, 0x01, 0xF8, 0x00, 0x00, 0x00, 0x00, 0x00, 0x00, 0x00, 0x00, 0x20,
        0x00, 0x20, 0xAA, 0xAF, 0xEF, 0x83, 0xF0, 0x00, 0x00, 0x00, 0x00, 0x00, 0x00, 0x00, 0x00, 0x20,
        0x00, 0x00, 0x15, 0x55, 0xFF, 0x05, 0xE0, 0x00, 0x00, 0x44, 0x8D, 0xDD, 0x80, 0x00, 0x00, 0x20,
        0x80, 0x00, 0x0A, 0x2A, 0xFE, 0x0A, 0xC0, 0x00, 0x00, 0x6D, 0x50, 0x91, 0x40, 0x00, 0x00, 0x20,
        0x40, 0x00, 0x00, 0x00, 0x7C, 0x15, 0x80, 0x00, 0x38, 0x55, 0xC8, 0x99, 0x83, 0x80, 0x00, 0x20,
        0xA0, 0x00, 0x00, 0x00, 0xA8, 0x2B, 0x00, 0x00, 0x00, 0x45, 0x44, 0x91, 0x40, 0x00, 0x00, 0x20,
        0xD0, 0x00, 0x00, 0x01, 0x50, 0x54, 0x00, 0x00, 0x00, 0x45, 0x58, 0x9D, 0x40, 0x00, 0x00, 0x20,
        0xF8, 0x00, 0x00, 0x02, 0xA0, 0xAA, 0x08, 0x00, 0x00, 0x00, 0x00, 0x00, 0x00, 0x00, 0x00, 0x20,
        0xFC, 0x00, 0x00, 0x05, 0x5D, 0x54, 0x10, 0x00, 0x00, 0x00, 0x00, 0x00, 0x00, 0x00, 0x00, 0x20,
        0xFE, 0x00, 0x00, 0x8A, 0xBA, 0xAE, 0x28, 0x00, 0x00, 0x00, 0x00, 0x00, 0x00, 0x00, 0x00, 0x20,
        0xFE, 0x00, 0x01, 0x15, 0x75, 0x5F, 0x50, 0x00, 0x00, 0x00, 0x00, 0x00, 0x00, 0x00, 0x00, 0x20,
        0xFE, 0x00, 0x02, 0x2A, 0xAA, 0xAA, 0xA8, 0x00, 0x00, 0x00, 0x00, 0x00, 0x00, 0x00, 0x00, 0x20,
        0xFF, 0x00, 0x05, 0x55, 0x55, 0x55, 0x58, 0x00, 0x00, 0x00, 0x00, 0x00, 0x00, 0x00, 0x0F, 0xE0,
        0xFF, 0x80, 0x0A, 0x2A, 0xAA, 0xAA, 0xB8, 0x00, 0x00, 0x00, 0x00, 0x00, 0x00, 0x00, 0x00, 0x00,
        0xFF, 0xD0, 0x14, 0x55, 0x51, 0x51, 0x70, 0x00, 0x00, 0x00, 0x00, 0x00, 0x00, 0x00, 0x00, 0x00,
        0xFF, 0xAA, 0x2A, 0x22, 0xAA, 0xA2, 0xE0, 0x00, 0x00, 0x00, 0x00, 0x00, 0x00, 0x00, 0x00, 0x00,
        0xFF, 0xD5, 0x44, 0x45, 0x55, 0x45, 0x50, 0x00, 0x00, 0x00, 0x00, 0x00, 0x00, 0x00, 0x00, 0x00,
        0xFF, 0xEA, 0xAA, 0x2A, 0xAA, 0xAA, 0xA0, 0x00, 0x00, 0x00, 0x00, 0x00, 0x00, 0x00, 0x00, 0x00,
        0xFF, 0xD5, 0x55, 0x15, 0x55, 0x55, 0x40, 0x00, 0x00, 0x00, 0x00, 0x00, 0x00, 0x00, 0x00, 0x00,
    },
    // Frame 2 (delay: 300ms)
    {
        0x00, 0x00, 0x00, 0x00, 0x00, 0x00, 0x00, 0x00, 0x00, 0x00, 0x00, 0x00, 0x00, 0x00, 0x00, 0x00,
        0x00, 0x00, 0x00, 0x00, 0x00, 0x00, 0x00, 0x00, 0x00, 0x00, 0x00, 0x00, 0x00, 0x00, 0x00, 0x00,
        0x00, 0x00, 0x00, 0x00, 0x00, 0x00, 0x00, 0x00, 0x00, 0x00, 0x00, 0x00, 0x00, 0x00, 0x00, 0x00,
        0x00, 0x00, 0x00, 0x00, 0x00, 0x00, 0x00, 0x00, 0x00, 0x00, 0x00, 0x00, 0x00, 0x00, 0x00, 0x00,
        0x00, 0x00, 0x00, 0x00, 0x00, 0x00, 0x00, 0x00, 0x00, 0x00, 0x00, 0x00, 0x00, 0x00, 0x00, 0x00,
        0x00, 0x00, 0x00, 0x00, 0x00, 0x00, 0x00, 0x00, 0x00, 0x00, 0x00, 0x00, 0x00, 0x00, 0x00, 0x00,
        0x00, 0x00, 0x00, 0x00, 0x00, 0x00, 0x00, 0x00, 0x00, 0x00, 0x00, 0x00, 0x00, 0x00, 0x00, 0x00,
        0x00, 0x00, 0x00, 0x00, 0x00, 0x00, 0x00, 0x00, 0x00, 0x00, 0x00, 0x00, 0x00, 0x00, 0x00, 0x00,
        0x00, 0x00, 0x00, 0x00, 0x00, 0x00, 0x00, 0x00, 0x00, 0x00, 0x00, 0x00, 0x00, 0x00, 0x00, 0x00,
        0x00, 0x00, 0x00, 0x00, 0x00, 0x00, 0x00, 0x15, 0x00, 0x00, 0x00, 0x00, 0x00, 0x00, 0x00, 0x00,
        0x00, 0x00, 0x00, 0x00, 0x00, 0x00, 0x00, 0x2A, 0x80, 0x00, 0x00, 0x00, 0x00, 0x00, 0x00, 0x00,
        0x00, 0x00, 0x00, 0x00, 0x00, 0x00, 0x00, 0x15, 0x00, 0x00, 0x00, 0x00, 0x00, 0x00, 0x00, 0x00,
        0x00, 0x00, 0x00, 0x00, 0x00, 0x00, 0x00, 0x0A, 0xE0, 0x00, 0x00, 0x00, 0x00, 0x00, 0x00, 0x00,
        0x00, 0x00, 0x00, 0x00, 0x00, 0x00, 0x00, 0x07, 0x57, 0xF0, 0x00, 0x00, 0x00, 0x00, 0x00, 0x00,
        0x00, 0x00, 0x00, 0x00, 0x00, 0x00, 0x00, 0xFA, 0xBE, 0xA8, 0x00, 0x00, 0x00, 0x00, 0x00, 0x00,
        0x00, 0x00, 0x00, 0x00, 0x00, 0x00, 0x03, 0xFD, 0x5D, 0x44, 0x00, 0x00, 0x00, 0x00, 0x00, 0x00,
        0x00, 0x00, 0x00, 0x00, 0x00, 0x00, 0x02, 0xFA, 0xBA, 0xA8, 0x00, 0x00, 0x00, 0x00, 0x00, 0x00,
        0x00, 0x00, 0x00, 0x00, 0x00, 0x00, 0x00, 0x7D, 0xD5, 0x50, 0x00, 0x00, 0x00, 0x00, 0x00, 0x00,
        0x00, 0x00, 0x00, 0x00, 0x00, 0x00, 0x02, 0xBF, 0xEA, 0xA0, 0x00, 0x00, 0x00, 0x00, 0x00, 0x00,
        0x00, 0x00, 0x00, 0x00, 0x00, 0x00, 0x05, 0x5F, 0xD5, 0x40, 0x00, 0x00, 0x00, 0x00, 0x00, 0x00,
        0x00, 0x00, 0x00, 0x00, 0x00, 0x00, 0x02, 0x8B, 0xEA, 0x80, 0x00, 0x00, 0x00, 0x00, 0x00, 0x00,
        0x00, 0x00, 0x00, 0x00, 0x00, 0x00, 0x05, 0x45, 0xF5, 0x40, 0x00, 0x00, 0x00, 0x00, 0x00, 0x00,
        0x00, 0x00, 0x00, 0x00, 0x00, 0x00, 0x0A, 0x8B, 0xEA, 0x80, 0x00, 0x00, 0x00, 0x00, 0x00, 0x00,
        0x00, 0x00, 0x00, 0x00, 0x00, 0x00, 0x14, 0x01, 0xD4, 0x00, 0x00, 0x00, 0x00, 0x00, 0x00, 0x00,
        0x00, 0x00, 0x00, 0x00, 0x00, 0x00, 0x3E, 0x00, 0xCA, 0x00, 0x00, 0x00, 0x00, 0x00, 0x00, 0x00,
        0x00, 0x00, 0x00, 0x00, 0x00, 0x00, 0x3F, 0x00, 0x54, 0x00, 0x00, 0x00, 0x00, 0x00, 0x00, 0x00,
        0x00, 0x00, 0x00, 0x00, 0x00, 0x00, 0x3F, 0x02, 0x08, 0x00, 0x00, 0x00, 0x00, 0x00, 0x00, 0x00,
        0x00, 0x00, 0x00, 0x00, 0x00, 0x00, 0x3E, 0x00, 0x04, 0x00, 0x00, 0x00, 0x00, 0x00, 0x00, 0x00,
        0x00, 0x00, 0x00, 0x00, 0x00, 0x00, 0x38, 0x00, 0x00, 0x00, 0x00, 0x00, 0x00, 0x00, 0x00, 0x00,
        0x00, 0x00, 0x00, 0x00, 0x00, 0x00, 0x3C, 0x00, 0x41, 0x00, 0x00, 0x00, 0x00, 0x00, 0x00, 0x00,
        0x00, 0x00, 0x00, 0x00, 0x00, 0x00, 0x3E, 0x28, 0x80, 0x00, 0x00, 0x00, 0x00, 0x00, 0x00, 0x00,
        0x00, 0x00, 0x00, 0x00, 0x00, 0x00, 0x3D, 0x54, 0x11, 0x40, 0x00, 0x00, 0x00, 0x00, 0x00, 0x00,
        0x00, 0x00, 0x00, 0x00, 0x00, 0x00, 0x6E, 0xAA, 0x02, 0xA0, 0x00, 0x00, 0x00, 0x00, 0x00, 0x00,
        0x00, 0x00, 0x00, 0x00, 0x00, 0x00, 0x55, 0x50, 0x41, 0x50, 0x00, 0x00, 0x00, 0x00, 0x00, 0x00,
        0x00, 0x00, 0x00, 0x00, 0x00, 0x00, 0x2A, 0xA0, 0x02, 0xA8, 0x00, 0x00, 0x00, 0x00, 0x00, 0x00,
        0x00, 0x00, 0x00, 0x00, 0x00, 0x00, 0x55, 0x50, 0x01, 0x54, 0x00, 0x00, 0x00, 0x00, 0x00, 0x00,
        0x00, 0x00, 0x00, 0x00, 0x00, 0x00, 0xEA, 0x80, 0x08, 0xA8, 0x00, 0x00, 0x00, 0x00, 0x00, 0x00,
        0x00, 0x00, 0x00, 0x00, 0x00, 0x01, 0xF5, 0x40, 0x01, 0x54, 0x00, 0x00, 0x00, 0x00, 0x00, 0x00,
        0x00, 0x00, 0x00, 0x00, 0x00, 0x01, 0xE2, 0x80, 0x00, 0x8F, 0x00, 0x00, 0x00, 0x00, 0x00, 0x00,
        0x00, 0x00, 0x00, 0x00, 0x00, 0x01, 0xF0, 0x00, 0x00, 0x5F, 0x80, 0x00, 0x00, 0x00, 0x00, 0x00,
        0x00, 0x00, 0x00, 0x00, 0x00, 0x01, 0xF8, 0x00, 0x00, 0xBF, 0x80, 0x00, 0x00, 0x00, 0x00, 0x00,
        0x00, 0x00, 0x00, 0x00, 0x00, 0x01, 0x70, 0x00, 0x00, 0x1D, 0x00, 0x00, 0x00, 0x00, 0x00, 0x00,
        0x00, 0x00, 0x00, 0x00, 0x00, 0x01, 0xA8, 0x00, 0x00, 0x0A, 0x80, 0x00, 0x00, 0x00, 0x00, 0x00,
        0x00, 0x00, 0x00, 0x00, 0x00, 0x01, 0x50, 0x00, 0x00, 0x15, 0xC0, 0x00, 0x00, 0x00, 0x00, 0x00,
        0x00, 0x00, 0x00, 0x00, 0x00, 0x01, 0xA0, 0x00, 0x00, 0x0A, 0xC0, 0x00, 0x00, 0x00, 0x00, 0x00,
        0x00, 0x00, 0x00, 0x00, 0x00, 0x01, 0xD0, 0x00, 0x00, 0x05, 0xC0, 0x00, 0x00, 0x00, 0x00, 0x00,
        0x00, 0x00, 0x00, 0x00, 0x00, 0x01, 0xA0, 0x00, 0x00, 0x02, 0xC0, 0x00, 0x00, 0x00, 0x00, 0x00,
        0x00, 0x00, 0x00, 0x00, 0x00, 0x01, 0xC0, 0x00, 0x00, 0x05, 0x40, 0x00, 0x00, 0x00, 0x00, 0x00,
        0x00, 0x00, 0x00, 0x00, 0x00, 0x01, 0xA0, 0x00, 0x00, 0x02, 0xE0, 0x00, 0x00, 0x00, 0x00, 0x00,
        0x00, 0x00, 0x00, 0x00, 0x00, 0x01, 0xC0, 0x00, 0x00, 0x01, 0x40, 0x00, 0x00, 0x00, 0x00, 0x00,
        0x00, 0x00, 0x00, 0x00, 0x00, 0x03, 0x80, 0x00, 0x00, 0x02, 0xE0, 0x00, 0x00, 0x00, 0x00, 0x00,
        0x00, 0x00, 0x00, 0x00, 0x00, 0x03, 0x40, 0x00, 0x00, 0x01, 0x40, 0x00, 0x00, 0x00, 0x00, 0x00,
        0x00, 0x00, 0x00, 0x00, 0x00, 0x0F, 0x80, 0x00, 0x00, 0x00, 0xE0, 0x00, 0x00, 0x00, 0x00, 0x00,
        0x00, 0x00, 0x00, 0x00, 0x00, 0x07, 0x10, 0x00, 0x00, 0x01, 0x70, 0x00, 0x00, 0x00, 0x00, 0x00,
        0x00, 0x00, 0x00, 0x00, 0x00, 0x22, 0x00, 0x00, 0x00, 0x00, 0xA8, 0x00, 0x00, 0x00, 0x00, 0x00,
        0x00, 0x00, 0x00, 0x00, 0x00, 0x51, 0x40, 0x00, 0x00, 0x00, 0x00, 0x00, 0x00, 0x00, 0x00, 0x00,
        0x00, 0x00, 0x00, 0x00, 0x00, 0x2A, 0x00, 0x00, 0x00, 0x00, 0x20, 0x00, 0x00, 0x00, 0x00, 0x00,
        0x00, 0x00, 0x00, 0x00, 0x00, 0x00, 0x00, 0x00, 0x00, 0x01, 0x54, 0x00, 0x00, 0x00, 0x00, 0x00,
        0x00, 0x00, 0x00, 0x00, 0x00, 0x00, 0x00, 0x00, 0x00, 0x00, 0x00, 0x00, 0x00, 0x00, 0x00, 0x00,
        0x00, 0x00, 0x00, 0x00, 0x00, 0x00, 0x00, 0x00, 0x00, 0x00, 0x00, 0x00, 0x00, 0x00, 0x00, 0x00,
        0x00, 0x00, 0x00, 0x00, 0x00, 0x00, 0x00, 0x00, 0x00, 0x00, 0x00, 0x00, 0x00, 0x00, 0x00, 0x00,
        0x00, 0x00, 0x00, 0x00, 0x00, 0x00, 0x00, 0x00, 0x00, 0x00, 0x00, 0x00, 0x00, 0x00, 0x00, 0x00,
        0x00, 0x00, 0x00, 0x00, 0x00, 0x00, 0x00, 0x00, 0x00, 0x00, 0x00, 0x00, 0x00, 0x00, 0x00, 0x00,
        0x00, 0x00, 0x00, 0x00, 0x00, 0x00, 0x00, 0x00, 0x00, 0x00, 0x00, 0x00, 0x00, 0x00, 0x00, 0x00,
    },
    // Frame 3 (delay: 600ms)
    {
        0x00, 0x00, 0x00, 0x00, 0x00, 0x00, 0x00, 0x00, 0x00, 0x00, 0x00, 0x00, 0x00, 0x00, 0x00, 0x00,
        0x00, 0x00, 0x00, 0x00, 0x00, 0x00, 0x00, 0x00, 0x00, 0x00, 0x00, 0x00, 0x00, 0x00, 0x00, 0x00,
        0x00, 0x00, 0x00, 0x00, 0x00, 0x00, 0x00, 0x00, 0x00, 0x00, 0x00, 0x00, 0x00, 0x00, 0x00, 0x00,
        0x00, 0x00, 0x00, 0x00, 0x00, 0x00, 0x00, 0x00, 0x00, 0x00, 0x00, 0x00, 0x00, 0x00, 0x00, 0x00,
        0x00, 0x00, 0x00, 0x00, 0x00, 0x00, 0x00, 0x00, 0x00, 0x00, 0x00, 0x00, 0x00, 0x00, 0x00, 0x00,
        0x00, 0x00, 0x00, 0x00, 0x00, 0x00, 0x00, 0x00, 0x00, 0x00, 0x00, 0x00, 0x00, 0x00, 0x00, 0x00,
        0x00, 0x00, 0x00, 0x00, 0x00, 0x00, 0x00, 0x00, 0x00, 0x00, 0x00, 0x00, 0x00, 0x00, 0x00, 0x00,
        0x00, 0x00, 0x00, 0x00, 0x00, 0x00, 0x00, 0x00, 0x00, 0x00, 0x00, 0x00, 0x00, 0x00, 0x00, 0x00,
        0x00, 0x00, 0x00, 0x00, 0x00, 0x00, 0x00, 0x15, 0x00, 0x00, 0x00, 0x00, 0x00, 0x00, 0x00, 0x00,
        0x00, 0x00, 0x00, 0x00, 0x00, 0x00, 0x00, 0x2A, 0x80, 0x00, 0x00, 0x00, 0x00, 0x00, 0x00, 0x00,
        0x00, 0x00, 0x00, 0x00, 0x00, 0x00, 0x00, 0x15, 0x00, 0x00, 0x00, 0x00, 0x00, 0x00, 0x00, 0x00,
        0x00, 0x00, 0x00, 0x00, 0x00, 0x00, 0x00, 0x0A, 0xE0, 0x00, 0x00, 0x00, 0x00, 0x00, 0x00, 0x00,
        0x00, 0x00, 0x00, 0x00, 0x00, 0x00, 0x00, 0x07, 0x57, 0xF0, 0x00, 0x00, 0x00, 0x00, 0x00, 0x00,
        0x00, 0x00, 0x00, 0x00, 0x00, 0x00, 0x00, 0xFA, 0xBE, 0xA8, 0x00, 0x00, 0x00, 0x00, 0x00, 0x00,
        0x00, 0x00, 0x00, 0x00, 0x00, 0x00, 0x03, 0xFD, 0x5D, 0x44, 0x00, 0x00, 0x00, 0x00, 0x00, 0x00,
        0x00, 0x00, 0x00, 0x00, 0x00, 0x00, 0x02, 0xFA, 0xBA, 0xA8, 0x00, 0x00, 0x00, 0x00, 0x00, 0x00,
        0x00, 0x00, 0x00, 0x00, 0x00, 0x00, 0x00, 0x7D, 0xD5, 0x50, 0x00, 0x00, 0x00, 0x00, 0x00, 0x00,
        0x00, 0x00, 0x00, 0x00, 0x00, 0x00, 0x00, 0xBF, 0xEA, 0xA0, 0x00, 0x00, 0x00, 0x00, 0x00, 0x00,
        0x00, 0x00, 0x00, 0x00, 0x00, 0x00, 0x01, 0x5F, 0xD5, 0x40, 0x00, 0x00, 0x00, 0x00, 0x00, 0x00,
        0x00, 0x00, 0x00, 0x00, 0x00, 0x00, 0x02, 0x8B, 0xEA, 0x80, 0x00, 0x00, 0x00, 0x00, 0x00, 0x00,
        0x00, 0x00, 0x00, 0x00, 0x00, 0x00, 0x05, 0x45, 0xF5, 0x40, 0x00, 0x00, 0x00, 0x00, 0x00, 0x00,
        0x00, 0x00, 0x00, 0x00, 0x00, 0x00, 0x0A, 0x83, 0xEA, 0x80, 0x00, 0x00, 0x00, 0x00, 0x00, 0x00,
        0x00, 0x00, 0x00, 0x00, 0x00, 0x00, 0x05, 0x01, 0xD5, 0x00, 0x00, 0x00, 0x00, 0x00, 0x00, 0x00,
        0x00, 0x00, 0x00, 0x00, 0x00, 0x00, 0x0E, 0x00, 0xCA, 0x00, 0x00, 0x00, 0x00, 0x00, 0x00, 0x00,
        0x00, 0x00, 0x00, 0x00, 0x00, 0x00, 0x1F, 0x00, 0x54, 0x00, 0x00, 0x00, 0x00, 0x00, 0x00, 0x00,
        0x00, 0x00, 0x00, 0x00, 0x00, 0x00, 0x1F, 0x82, 0x08, 0x00, 0x00, 0x00, 0x00, 0x00, 0x00, 0x00,
        0x00, 0x00, 0x00, 0x00, 0x00, 0x00, 0x1F, 0x00, 0x04, 0x00, 0x00, 0x00, 0x00, 0x00, 0x00, 0x00,
        0x00, 0x00, 0x00, 0x00, 0x00, 0x00, 0x1B, 0x00, 0x00, 0x00, 0x00, 0x00, 0x00, 0x00, 0x00, 0x00,
        0x00, 0x00, 0x00, 0x00, 0x00, 0x00, 0x17, 0xC0, 0x40, 0x00, 0x00, 0x00, 0x00, 0x00, 0x00, 0x00,
        0x00, 0x00, 0x00, 0x00, 0x00, 0x00, 0x0E, 0x88, 0x80, 0x00, 0x00, 0x00, 0x00, 0x00, 0x00, 0x00,
        0x00, 0x00, 0x00, 0x00, 0x00, 0x00, 0x0D, 0x54, 0x10, 0x40, 0x00, 0x00, 0x00, 0x00, 0x00, 0x00,
        0x00, 0x00, 0x00, 0x00, 0x00, 0x00, 0x1A, 0xA8, 0x02, 0xA0, 0x00, 0x00, 0x00, 0x00, 0x00, 0x00,
        0x00, 0x00, 0x00, 0x00, 0x00, 0x00, 0x11, 0x54, 0x11, 0x50, 0x00, 0x00, 0x00, 0x00, 0x00, 0x00,
        0x00, 0x00, 0x00, 0x00, 0x00, 0x00, 0x0A, 0xA8, 0x02, 0xA8, 0x00, 0x00, 0x00, 0x00, 0x00, 0x00,
        0x00, 0x00, 0x00, 0x00, 0x00, 0x00, 0x05, 0x50, 0x45, 0x50, 0x00, 0x00, 0x00, 0x00, 0x00, 0x00,
        0x00, 0x00, 0x00, 0x00, 0x00, 0x00, 0x0A, 0xA8, 0x0A, 0xA8, 0x00, 0x00, 0x00, 0x00, 0x00, 0x00,
        0x00, 0x00, 0x00, 0x00, 0x00, 0x00, 0x35, 0x04, 0x05, 0x54, 0x00, 0x00, 0x00, 0x00, 0x00, 0x00,
        0x00, 0x00, 0x00, 0x00, 0x00, 0x00, 0x7A, 0xA0, 0x02, 0xA8, 0x00, 0x00, 0x00, 0x00, 0x00, 0x00,
        0x00, 0x00, 0x00, 0x00, 0x00, 0x00, 0xF1, 0x40, 0x01, 0x1E, 0x00, 0x00, 0x00, 0x00, 0x00, 0x00,
        0x00, 0x00, 0x00, 0x00, 0x00, 0x00, 0xF8, 0x00, 0x00, 0xBF, 0x00, 0x00, 0x00, 0x00, 0x00, 0x00,
        0x00, 0x00, 0x00, 0x00, 0x00, 0x00, 0xFC, 0x00, 0x00, 0x7F, 0x00, 0x00, 0x00, 0x00, 0x00, 0x00,
        0x00, 0x00, 0x00, 0x00, 0x00, 0x00, 0xB8, 0x00, 0x00, 0x3B, 0x80, 0x00, 0x00, 0x00, 0x00, 0x00,
        0x00, 0x00, 0x00, 0x00, 0x00, 0x00, 0xD4, 0x00, 0x00, 0x15, 0x00, 0x00, 0x00, 0x00, 0x00, 0x00,
        0x00, 0x00, 0x00, 0x00, 0x00, 0x00, 0xA8, 0x00, 0x00, 0x2B, 0x80, 0x00, 0x00, 0x00, 0x00, 0x00,
        0x00, 0x00, 0x00, 0x00, 0x00, 0x01, 0xD0, 0x00, 0x00, 0x15, 0xC0, 0x00, 0x00, 0x00, 0x00, 0x00,
        0x00, 0x00, 0x00, 0x00, 0x00, 0x00, 0xE0, 0x00, 0x00, 0x0A, 0x80, 0x00, 0x00, 0x00, 0x00, 0x00,
        0x00, 0x00, 0x00, 0x00, 0x00, 0x01, 0xD0, 0x00, 0x00, 0x05, 0xC0, 0x00, 0x00, 0x00, 0x00, 0x00,
        0x00, 0x00, 0x00, 0x00, 0x00, 0x01, 0xE0, 0x00, 0x00, 0x02, 0xC0, 0x00, 0x00, 0x00, 0x00, 0x00,
        0x00, 0x00, 0x00, 0x00, 0x00, 0x01, 0xC0, 0x00, 0x00, 0x05, 0x40, 0x00, 0x00, 0x00, 0x00, 0x00,
        0x00, 0x00, 0x00, 0x00, 0x00, 0x01, 0xA0, 0x00, 0x00, 0x02, 0xE0, 0x00, 0x00, 0x00, 0x00, 0x00,
        0x00, 0x00, 0x00, 0x00, 0x00, 0x01, 0xC0, 0x00, 0x00, 0x01, 0x60, 0x00, 0x00, 0x00, 0x00, 0x00,
        0x00, 0x00, 0x00, 0x00, 0x00, 0x03, 0x80, 0x00, 0x00, 0x02, 0xA0, 0x00, 0x00, 0x00, 0x00, 0x00,
        0x00, 0x00, 0x00, 0x00, 0x00, 0x0F, 0x50, 0x00, 0x00, 0x01, 0x60, 0x00, 0x00, 0x00, 0x00, 0x00,
        0x00, 0x00, 0x00, 0x00, 0x00, 0x06, 0x80, 0x00, 0x00, 0x00, 0xF0, 0x00, 0x00, 0x00, 0x00, 0x00,
        0x00, 0x00, 0x00, 0x00, 0x00, 0x45, 0x00, 0x00, 0x00, 0x00, 0x50, 0x00, 0x00, 0x00, 0x00, 0x00,
        0x00, 0x00, 0x00, 0x00, 0x00, 0x28, 0xA0, 0x00, 0x00, 0x00, 0x00, 0x00, 0x00, 0x00, 0x00, 0x00,
        0x00, 0x00, 0x00, 0x00, 0x00, 0x54, 0x00, 0x00, 0x00, 0x00, 0x50, 0x00, 0x00, 0x00, 0x00, 0x00,
        0x00, 0x00, 0x00, 0x00, 0x00, 0x00, 0x00, 0x00, 0x00, 0x00, 0xA8, 0x00, 0x00, 0x00, 0x00, 0x00,
        0x00, 0x00, 0x00, 0x00, 0x00, 0x00, 0x00, 0x00, 0x00, 0x00, 0x00, 0x00, 0x00, 0x00, 0x00, 0x00,
        0x00, 0x00, 0x00, 0x00, 0x00, 0x00, 0x00, 0x00, 0x00, 0x00, 0x00, 0x00, 0x00, 0x00, 0x00, 0x00,
        0x00, 0x00, 0x00, 0x00, 0x00, 0x00, 0x00, 0x00, 0x00, 0x00, 0x00, 0x00, 0x00, 0x00, 0x00, 0x00,
        0x00, 0x00, 0x00, 0x00, 0x00, 0x00, 0x00, 0x00, 0x00, 0x00, 0x00, 0x00, 0x00, 0x00, 0x00, 0x00,
        0x00, 0x00, 0x00, 0x00, 0x00, 0x00, 0x00, 0x00, 0x00, 0x00, 0x00, 0x00, 0x00, 0x00, 0x00, 0x00,
        0x00, 0x00, 0x00, 0x00, 0x00, 0x00, 0x00, 0x00, 0x00, 0x00, 0x00, 0x00, 0x00, 0x00, 0x00, 0x00,
    },
    // Frame 4 (delay: 110ms)
    {
        0x00, 0x00, 0x00, 0x00, 0x00, 0x00, 0x00, 0x00, 0x00, 0x00, 0x00, 0x00, 0x00, 0x00, 0x00, 0x00,
        0x00, 0x00, 0x00, 0x00, 0x00, 0x00, 0x00, 0x00, 0x00, 0x00, 0x00, 0x00, 0x00, 0x00, 0x00, 0x00,
        0x00, 0x00, 0x00, 0x00, 0x00, 0x00, 0x00, 0x00, 0x00, 0x00, 0x00, 0x00, 0x00, 0x00, 0x00, 0x00,
        0x00, 0x00, 0x00, 0x00, 0x00, 0x00, 0x00, 0x00, 0x00, 0x00, 0x00, 0x00, 0x00, 0x00, 0x00, 0x00,
        0x0C, 0x4A, 0xC8, 0xE1, 0x59, 0xDC, 0x00, 0x00, 0x00, 0x00, 0x00, 0x00, 0x00, 0x00, 0x00, 0x00,
        0x0A, 0xAA, 0xA8, 0x81, 0x95, 0x10, 0x00, 0x00, 0x00, 0x00, 0x00, 0x00, 0x00, 0x00, 0x00, 0x00,
        0x0A, 0xAA, 0xC8, 0xC1, 0x15, 0x98, 0x00, 0x00, 0x00, 0x00, 0x00, 0x00, 0x00, 0x00, 0x00, 0x00,
        0x0A, 0xAA, 0xA8, 0x81, 0x95, 0x10, 0x00, 0x00, 0x00, 0x00, 0x00, 0x00, 0x00, 0x00, 0x00, 0x00,
        0x0C, 0x44, 0xCE, 0xE1, 0x55, 0xDC, 0x00, 0x00, 0x00, 0x00, 0x00, 0x00, 0x00, 0x00, 0x00, 0x00,
        0x00, 0x00, 0x00, 0x00, 0x00, 0x00, 0x00, 0x00, 0x00, 0x00, 0x00, 0x00, 0x00, 0x00, 0x00, 0x00,
        0x00, 0x00, 0x00, 0x00, 0x00, 0x00, 0x00, 0x00, 0x00, 0x00, 0x00, 0x00, 0x00, 0x00, 0x00, 0x00,
        0x00, 0x00, 0x00, 0x00, 0x00, 0x00, 0x00, 0x00, 0x00, 0x00, 0x00, 0x00, 0x00, 0x00, 0x00, 0x00,
        0x00, 0x00, 0x00, 0x00, 0x00, 0x00, 0x00, 0x00, 0x00, 0x00, 0x00, 0x00, 0x00, 0x00, 0x00, 0x00,
        0x00, 0x00, 0x00, 0x00, 0x00, 0x00, 0x00, 0x00, 0x00, 0x00, 0x00, 0x00, 0x00, 0x00, 0x00, 0x00,
        0x00, 0x00, 0x00, 0x00, 0x00, 0x00, 0x00, 0x00, 0x00, 0x00, 0x00, 0x00, 0x00, 0x00, 0x00, 0x00,
        0x00, 0x00, 0x00, 0x00, 0x00, 0x00, 0x00, 0x00, 0x00, 0x00, 0x00, 0x00, 0x00, 0x00, 0x00, 0x00,
        0x00, 0x00, 0x00, 0x00, 0x00, 0xFD, 0x00, 0x00, 0x00, 0x00, 0x00, 0x00, 0x00, 0x00, 0x00, 0x00,
        0x00, 0x00, 0x00, 0x00, 0x01, 0xAE, 0xA8, 0x2A, 0x80, 0x00, 0x00, 0x00, 0x00, 0x00, 0x00, 0x00,
        0x00, 0x00, 0x00, 0x00, 0x01, 0x17, 0xD5, 0x55, 0x00, 0x00, 0x00, 0x00, 0x00, 0x00, 0x00, 0x00,
        0x00, 0x00, 0x00, 0x00, 0x00, 0x2B, 0xAA, 0x2B, 0x00, 0x00, 0x00, 0x00, 0x00, 0x00, 0x00, 0x00,
        0x00, 0x00, 0x00, 0x00, 0x01, 0x55, 0xD5, 0x51, 0x00, 0x00, 0x00, 0x00, 0x00, 0x00, 0x00, 0x00,
        0x00, 0x00, 0x00, 0x00, 0x02, 0xAA, 0xEB, 0xF8, 0xC0, 0x00, 0x00, 0x00, 0x00, 0x00, 0x00, 0x00,
        0x00, 0x00, 0x00, 0x00, 0x05, 0x55, 0x75, 0xFD, 0xF0, 0x00, 0x00, 0x00, 0x00, 0x00, 0x00, 0x00,
        0x00, 0x00, 0x00, 0x00, 0x0A, 0xAA, 0xEA, 0xFA, 0xF0, 0x00, 0x00, 0x00, 0x00, 0x00, 0x00, 0x00,
        0x00, 0x00, 0x00, 0x00, 0x15, 0x55, 0x7D, 0x7D, 0xF8, 0x00, 0x00, 0x00, 0x00, 0x00, 0x00, 0x00,
        0x00, 0x00, 0x00, 0x00, 0x2A, 0xA8, 0xBA, 0x2B, 0xA8, 0x00, 0x00, 0x00, 0x00, 0x00, 0x00, 0x00,
        0x00, 0x00, 0x00, 0x00, 0x55, 0x51, 0x55, 0x17, 0x00, 0x00, 0x00, 0x00, 0x00, 0x00, 0x00, 0x00,
        0x00, 0x00, 0x00, 0x00, 0xAA, 0xA2, 0xAA, 0xAA, 0x00, 0x00, 0x00, 0x00, 0x00, 0x00, 0x00, 0x00,
        0x00, 0x00, 0x00, 0x00, 0x55, 0x05, 0x55, 0x11, 0x00, 0x00, 0x00, 0x00, 0x00, 0x00, 0x00, 0x00,
        0x00, 0x00, 0x00, 0x00, 0xAF, 0xAA, 0xAA, 0x2F, 0x80, 0x00, 0x00, 0x00, 0x00, 0x00, 0x00, 0x00,
        0x00, 0x00, 0x00, 0x01, 0x5F, 0xD5, 0x50, 0x5F, 0x80, 0x00, 0x00, 0x00, 0x00, 0x00, 0x00, 0x00,
        0x00, 0x00, 0x00, 0x02, 0x3F, 0xE8, 0x00, 0x8E, 0x80, 0x00, 0x00, 0x00, 0x00, 0x00, 0x00, 0x00,
        0x00, 0x00, 0x00, 0x14, 0x1F, 0x74, 0x00, 0x17, 0xF0, 0x00, 0x00, 0x00, 0x00, 0x00, 0x00, 0x00,
        0x00, 0x00, 0x02, 0xA8, 0x2E, 0xFF, 0xA8, 0x8E, 0xF8, 0x00, 0x00, 0x00, 0x00, 0x00, 0x00, 0x00,
        0x00, 0x00, 0x15, 0x50, 0x55, 0xFD, 0x05, 0x51, 0x54, 0x00, 0x00, 0x00, 0x00, 0x00, 0x00, 0x00,
        0x00, 0x00, 0x2A, 0x80, 0xAB, 0xFE, 0x2A, 0xA8, 0xAA, 0x00, 0x00, 0x00, 0x00, 0x00, 0x00, 0x00,
        0x00, 0x01, 0x55, 0x01, 0x55, 0xFD, 0x55, 0x55, 0x5C, 0x00, 0x00, 0x00, 0x00, 0x00, 0x00, 0x00,
        0x00, 0x02, 0xA8, 0x00, 0xAA, 0xFE, 0xAA, 0xAA, 0x88, 0x00, 0x00, 0x00, 0x00, 0x00, 0x00, 0x00,
        0x00, 0x05, 0x40, 0x01, 0x55, 0x54, 0x55, 0x55, 0x10, 0x00, 0x00, 0x00, 0x00, 0x00, 0x00, 0x00,
        0x00, 0x0A, 0x00, 0x02, 0xAA, 0xA0, 0xAA, 0xAA, 0x38, 0x00, 0x00, 0x00, 0x00, 0x00, 0x00, 0x00,
        0x00, 0x00, 0x00, 0x01, 0x55, 0x40, 0x01, 0x55, 0x70, 0x00, 0x00, 0x00, 0x00, 0x00, 0x00, 0x00,
        0x00, 0x08, 0x00, 0x03, 0xAA, 0x80, 0xA2, 0xA8, 0xE0, 0x00, 0x00, 0x00, 0x00, 0x00, 0x00, 0x00,
        0x00, 0x10, 0x00, 0x07, 0xD5, 0x40, 0x50, 0x55, 0x40, 0x00, 0x00, 0x00, 0x00, 0x00, 0x00, 0x00,
        0x00, 0x00, 0x00, 0x0F, 0xFA, 0x80, 0xA8, 0x2E, 0x80, 0x00, 0x00, 0x00, 0x00, 0x00, 0x00, 0x00,
        0x00, 0x10, 0x00, 0x1F, 0xF0, 0x00, 0x55, 0x7F, 0x00, 0x00, 0x00, 0x00, 0x00, 0x00, 0x00, 0x00,
        0x00, 0x00, 0x00, 0x3F, 0xEA, 0x00, 0x28, 0xBA, 0x00, 0x00, 0x00, 0x00, 0x00, 0x00, 0x00, 0x00,
        0x00, 0x00, 0x00, 0x1F, 0xF9, 0x00, 0x11, 0x70, 0x00, 0x00, 0x00, 0x00, 0x00, 0x00, 0x00, 0x00,
        0x00, 0x00, 0x00, 0x3F, 0xFA, 0x00, 0x00, 0xA0, 0x00, 0x00, 0x00, 0x00, 0x00, 0x00, 0x00, 0x00,
        0x00, 0x00, 0x00, 0x1F, 0x44, 0x00, 0x00, 0x58, 0x00, 0x00, 0x00, 0x00, 0x00, 0x00, 0x00, 0x00,
        0x00, 0x00, 0x00, 0x0E, 0x28, 0x00, 0x00, 0x3E, 0x80, 0x00, 0x00, 0x00, 0x00, 0x00, 0x00, 0x00,
        0x00, 0x00, 0x00, 0x1C, 0x50, 0x00, 0x00, 0x1C, 0x00, 0x00, 0x00, 0x00, 0x00, 0x00, 0x00, 0x00,
        0x00, 0x00, 0x00, 0x3E, 0x00, 0x00, 0x00, 0x08, 0x80, 0x00, 0x00, 0x00, 0x00, 0x00, 0x00, 0x00,
        0x00, 0x00, 0x00, 0x7E, 0x00, 0x00, 0x00, 0x00, 0x00, 0x00, 0x00, 0x00, 0x00, 0x00, 0x00, 0x00,
        0x00, 0x00, 0x00, 0xEE, 0x00, 0x00, 0x00, 0x00, 0x00, 0x00, 0x00, 0x00, 0x00, 0x00, 0x00, 0x00,
        0x00, 0x00, 0x00, 0x01, 0x00, 0x00, 0x00, 0x00, 0x00, 0x00, 0x00, 0x00, 0x00, 0x00, 0x00, 0x00,
        0x00, 0x00, 0x00, 0x28, 0x00, 0x00, 0x00, 0x00, 0x00, 0x00, 0x00, 0x00, 0x00, 0x00, 0x00, 0x00,
        0x00, 0x00, 0x00, 0x14, 0x00, 0x00, 0x00, 0x00, 0x00, 0x00, 0x00, 0x00, 0x00, 0x00, 0x00, 0x00,
        0x00, 0x00, 0x00, 0x00, 0x00, 0x00, 0x00, 0x00, 0x00, 0x00, 0x00, 0x00, 0x00, 0x00, 0x00, 0x00,
        0x00, 0x00, 0x00, 0x00, 0x00, 0x00, 0x00, 0x00, 0x00, 0x00, 0x00, 0x00, 0x00, 0x00, 0x00, 0x00,
        0x00, 0x00, 0x00, 0x00, 0x00, 0x00, 0x00, 0x00, 0x00, 0x00, 0x00, 0x00, 0x00, 0x00, 0x00, 0x00,
        0x00, 0x00, 0x00, 0x00, 0x00, 0x00, 0x00, 0x00, 0x00, 0x00, 0x00, 0x00, 0x00, 0x00, 0x00, 0x00,
        0x00, 0x00, 0x00, 0x00, 0x00, 0x00, 0x00, 0x00, 0x00, 0x00, 0x00, 0x00, 0x00, 0x00, 0x00, 0x00,
        0x00, 0x00, 0x00, 0x00, 0x00, 0x00, 0x00, 0x00, 0x00, 0x00, 0x00, 0x00, 0x00, 0x00, 0x00, 0x00,
        0x00, 0x00, 0x00, 0x00, 0x00, 0x00, 0x00, 0x00, 0x00, 0x00, 0x00, 0x00, 0x00, 0x00, 0x00, 0x00,
    },
    // Frame 5 (delay: 80ms)
    {
        0x00, 0x00, 0x00, 0x00, 0x00, 0x00, 0x00, 0x00, 0x00, 0x00, 0x00, 0x00, 0x00, 0x00, 0x00, 0x00,
        0x00, 0x00, 0x00, 0x00, 0x00, 0x00, 0x00, 0x00, 0x00, 0x00, 0x00, 0x00, 0x00, 0x00, 0x00, 0x00,
        0x00, 0x00, 0x00, 0x00, 0x00, 0x00, 0x00, 0x00, 0x00, 0x00, 0x00, 0x00, 0x00, 0x00, 0x00, 0x00,
        0x00, 0x00, 0x00, 0x00, 0x00, 0x00, 0x00, 0x00, 0x00, 0x00, 0x00, 0x00, 0x00, 0x00, 0x00, 0x00,
        0x0C, 0x4A, 0xC8, 0xE1, 0x59, 0xDC, 0x00, 0x00, 0x00, 0x00, 0x00, 0x00, 0x00, 0x00, 0x00, 0x00,
        0x0A, 0xAA, 0xA8, 0x81, 0x95, 0x10, 0x00, 0x00, 0x00, 0x00, 0x00, 0x00, 0x00, 0x00, 0x00, 0x00,
        0x0A, 0xAA, 0xC8, 0xC1, 0x15, 0x98, 0x00, 0x00, 0x00, 0x00, 0x00, 0x00, 0x00, 0x00, 0x00, 0x00,
        0x0A, 0xAA, 0xA8, 0x81, 0x95, 0x10, 0x00, 0x00, 0x00, 0x00, 0x00, 0x00, 0x00, 0x00, 0x00, 0x00,
        0x0C, 0x44, 0xCE, 0xE1, 0x55, 0xDC, 0x00, 0x00, 0x00, 0x00, 0x00, 0x00, 0x00, 0x00, 0x00, 0x00,
        0x00, 0x00, 0x00, 0x00, 0x00, 0x00, 0x00, 0x00, 0x00, 0x00, 0x00, 0x00, 0x00, 0x00, 0x00, 0x00,
        0x00, 0x00, 0x00, 0x00, 0x00, 0x00, 0x00, 0x00, 0x00, 0x00, 0x00, 0x00, 0x00, 0x00, 0x00, 0x00,
        0x00, 0x00, 0x00, 0x00, 0x00, 0x00, 0x00, 0x00, 0x00, 0x00, 0x00, 0x00, 0x00, 0x00, 0x00, 0x00,
        0x00, 0x00, 0x00, 0x00, 0x00, 0x00, 0x00, 0x00, 0x00, 0x00, 0x00, 0x00, 0x00, 0x00, 0x00, 0x00,
        0x00, 0x00, 0x00, 0x00, 0x00, 0x15, 0x50, 0x00, 0x00, 0x00, 0x00, 0x00, 0x00, 0x00, 0x00, 0x00,
        0x00, 0x00, 0x00, 0x00, 0x02, 0xAA, 0xAA, 0x00, 0x00, 0x00, 0x00, 0x00, 0x00, 0x00, 0x00, 0x00,
        0x00, 0x00, 0x00, 0x00, 0x15, 0x55, 0x55, 0x54, 0x00, 0x00, 0x00, 0x00, 0x00, 0x00, 0x00, 0x00,
        0x00, 0x00, 0x00, 0x00, 0x2A, 0xAA, 0xAA, 0xAA, 0x80, 0x00, 0x00, 0x00, 0x00, 0x00, 0x00, 0x00,
        0x00, 0x00, 0x00, 0x01, 0x55, 0x55, 0x55, 0x55, 0x50, 0x00, 0x00, 0x00, 0x00, 0x00, 0x00, 0x00,
        0x00, 0x00, 0x02, 0x02, 0xAA, 0xA8, 0xAA, 0xAA, 0xA8, 0x00, 0x00, 0x00, 0x00, 0x00, 0x00, 0x00,
        0x00, 0x00, 0x45, 0x45, 0x55, 0x51, 0x55, 0x55, 0x54, 0x00, 0x00, 0x00, 0x00, 0x00, 0x00, 0x00,
        0x00, 0x00, 0xEA, 0xAA, 0xAA, 0xA8, 0xAA, 0xBA, 0xA8, 0x00, 0x00, 0x00, 0x00, 0x00, 0x00, 0x00,
        0x00, 0x01, 0xF1, 0x55, 0x54, 0x51, 0x55, 0x7D, 0x57, 0x00, 0x00, 0x00, 0x00, 0x00, 0x00, 0x00,
        0x00, 0x03, 0xE0, 0xAA, 0xAA, 0xA8, 0xAA, 0xBE, 0xAB, 0xC0, 0x00, 0x00, 0x00, 0x00, 0x00, 0x00,
        0x00, 0x00, 0x40, 0x55, 0x51, 0x51, 0x55, 0x5F, 0x5D, 0xC0, 0x00, 0x00, 0x00, 0x00, 0x00, 0x00,
        0x00, 0x00, 0x00, 0xAA, 0xAA, 0xA8, 0xAA, 0xAB, 0xBB, 0xE0, 0x00, 0x00, 0x00, 0x00, 0x00, 0x00,
        0x00, 0x00, 0x00, 0x55, 0x51, 0x54, 0x55, 0x55, 0xD5, 0xE0, 0x00, 0x00, 0x00, 0x00, 0x00, 0x00,
        0x00, 0x00, 0x00, 0xAA, 0xAA, 0xAA, 0xAA, 0xAA, 0xCA, 0xE0, 0x00, 0x00, 0x00, 0x00, 0x00, 0x00,
        0x00, 0x00, 0x00, 0x55, 0x55, 0x55, 0x15, 0x55, 0x55, 0xE0, 0x00, 0x00, 0x00, 0x00, 0x00, 0x00,
        0x00, 0x00, 0x00, 0xAA, 0xAA, 0xAA, 0xAA, 0xAA, 0x6B, 0xE0, 0x00, 0x00, 0x00, 0x00, 0x00, 0x00,
        0x00, 0x00, 0x00, 0x55, 0x55, 0x54, 0x55, 0x54, 0x57, 0xC0, 0x00, 0x00, 0x00, 0x00, 0x00, 0x00,
        0x00, 0x00, 0x00, 0xAA, 0xAA, 0xAA, 0xAA, 0xA8, 0x6B, 0x00, 0x00, 0x00, 0x00, 0x00, 0x00, 0x00,
        0x00, 0x00, 0x01, 0x55, 0x55, 0x55, 0x55, 0x40, 0x50, 0x00, 0x00, 0x00, 0x00, 0x00, 0x00, 0x00,
        0x00, 0x00, 0x00, 0xA0, 0x2A, 0xAA, 0xAA, 0xA2, 0xA8, 0x00, 0x00, 0x00, 0x00, 0x00, 0x00, 0x00,
        0x00, 0x00, 0x01, 0x50, 0x15, 0x55, 0x55, 0x45, 0x50, 0x00, 0x00, 0x00, 0x00, 0x00, 0x00, 0x00,
        0x00, 0x00, 0x02, 0xA0, 0x0A, 0xAA, 0xAA, 0x8A, 0xA8, 0x00, 0x00, 0x00, 0x00, 0x00, 0x00, 0x00,
        0x00, 0x00, 0x01, 0x40, 0x55, 0x55, 0x55, 0x07, 0xF4, 0x00, 0x00, 0x00, 0x00, 0x00, 0x00, 0x00,
        0x00, 0x00, 0x02, 0x80, 0xAA, 0xA8, 0xAA, 0x8E, 0xE8, 0x00, 0x00, 0x00, 0x00, 0x00, 0x00, 0x00,
        0x00, 0x00, 0x01, 0x40, 0xF5, 0x51, 0x55, 0x05, 0xF0, 0x00, 0x00, 0x00, 0x00, 0x00, 0x00, 0x00,
        0x00, 0x00, 0x00, 0x80, 0xFF, 0xA0, 0xAB, 0x8A, 0xA0, 0x00, 0x00, 0x00, 0x00, 0x00, 0x00, 0x00,
        0x00, 0x00, 0x01, 0x41, 0xFF, 0xE0, 0x57, 0xF5, 0x50, 0x00, 0x00, 0x00, 0x00, 0x00, 0x00, 0x00,
        0x00, 0x00, 0x00, 0x80, 0xFF, 0xE0, 0x3F, 0xFB, 0xA0, 0x00, 0x00, 0x00, 0x00, 0x00, 0x00, 0x00,
        0x00, 0x00, 0x00, 0x01, 0xFF, 0x40, 0x1F, 0xF5, 0x40, 0x00, 0x00, 0x00, 0x00, 0x00, 0x00, 0x00,
        0x00, 0x00, 0x00, 0x00, 0xFF, 0x80, 0x0F, 0xEA, 0x80, 0x00, 0x00, 0x00, 0x00, 0x00, 0x00, 0x00,
        0x00, 0x00, 0x00, 0x01, 0xFF, 0x00, 0x07, 0xF7, 0x00, 0x00, 0x00, 0x00, 0x00, 0x00, 0x00, 0x00,
        0x00, 0x00, 0x00, 0x03, 0xFE, 0x00, 0x03, 0xEA, 0x00, 0x00, 0x00, 0x00, 0x00, 0x00, 0x00, 0x00,
        0x00, 0x00, 0x00, 0x01, 0xF0, 0x00, 0x00, 0x00, 0x00, 0x00, 0x00, 0x00, 0x00, 0x00, 0x00, 0x00,
        0x00, 0x00, 0x00, 0x0E, 0xC0, 0x00, 0x00, 0x00, 0x00, 0x00, 0x00, 0x00, 0x00, 0x00, 0x00, 0x00,
        0x00, 0x00, 0x00, 0x0F, 0x80, 0x00, 0x00, 0x00, 0x00, 0x00, 0x00, 0x00, 0x00, 0x00, 0x00, 0x00,
        0x00, 0x00, 0x00, 0x0F, 0x80, 0x00, 0x00, 0x00, 0x00, 0x00, 0x00, 0x00, 0x00, 0x00, 0x00, 0x00,
        0x00, 0x00, 0x00, 0x1F, 0x00, 0x00, 0x00, 0x00, 0x00, 0x00, 0x00, 0x00, 0x00, 0x00, 0x00, 0x00,
        0x00, 0x00, 0x00, 0x3F, 0x00, 0x00, 0x00, 0x00, 0x00, 0x00, 0x00, 0x00, 0x00, 0x00, 0x00, 0x00,
        0x00, 0x00, 0x00, 0x17, 0x00, 0x00, 0x00, 0x00, 0x00, 0x00, 0x00, 0x00, 0x00, 0x00, 0x00, 0x00,
        0x00, 0x00, 0x00, 0x00, 0x00, 0x00, 0x00, 0x00, 0x00, 0x00, 0x00, 0x00, 0x00, 0x00, 0x00, 0x00,
        0x00, 0x00, 0x00, 0x00, 0x00, 0x00, 0x00, 0x00, 0x00, 0x00, 0x00, 0x00, 0x00, 0x00, 0x00, 0x00,
        0x00, 0x00, 0x00, 0x20, 0x00, 0x00, 0x00, 0x00, 0x00, 0x00, 0x00, 0x00, 0x00, 0x00, 0x00, 0x00,
        0x00, 0x00, 0x00, 0x00, 0x00, 0x00, 0x00, 0x00, 0x00, 0x00, 0x00, 0x00, 0x00, 0x00, 0x00, 0x00,
        0x00, 0x00, 0x00, 0x00, 0x00, 0x00, 0x00, 0x00, 0x00, 0x00, 0x00, 0x00, 0x00, 0x00, 0x00, 0x00,
        0x00, 0x00, 0x00, 0x00, 0x00, 0x00, 0x00, 0x00, 0x00, 0x00, 0x00, 0x00, 0x00, 0x00, 0x00, 0x00,
        0x00, 0x00, 0x00, 0x00, 0x00, 0x00, 0x00, 0x00, 0x00, 0x00, 0x00, 0x00, 0x00, 0x00, 0x00, 0x00,
        0x00, 0x00, 0x00, 0x00, 0x00, 0x00, 0x00, 0x00, 0x00, 0x00, 0x00, 0x00, 0x00, 0x00, 0x00, 0x00,
        0x00, 0x00, 0x00, 0x00, 0x00, 0x00, 0x00, 0x00, 0x00, 0x00, 0x00, 0x00, 0x00, 0x00, 0x00, 0x00,
        0x00, 0x00, 0x00, 0x00, 0x00, 0x00, 0x00, 0x00, 0x00, 0x00, 0x00, 0x00, 0x00, 0x00, 0x00, 0x00,
        0x00, 0x00, 0x00, 0x00, 0x00, 0x00, 0x00, 0x00, 0x00, 0x00, 0x00, 0x00, 0x00, 0x00, 0x00, 0x00,
        0x00, 0x00, 0x00, 0x00, 0x00, 0x00, 0x00, 0x00, 0x00, 0x00, 0x00, 0x00, 0x00, 0x00, 0x00, 0x00,
    },
    // Frame 6 (delay: 80ms)
    {
        0x00, 0x00, 0x00, 0x00, 0x00, 0x00, 0x00, 0x00, 0x00, 0x00, 0x00, 0x00, 0x00, 0x00, 0x00, 0x00,
        0x00, 0x00, 0x00, 0x00, 0x00, 0x00, 0x00, 0x00, 0x00, 0x00, 0x00, 0x00, 0x00, 0x00, 0x00, 0x00,
        0x00, 0x00, 0x00, 0x00, 0x00, 0x00, 0x00, 0x00, 0x00, 0x00, 0x00, 0x00, 0x00, 0x00, 0x00, 0x00,
        0x00, 0x00, 0x00, 0x00, 0x00, 0x00, 0x01, 0x00, 0x00, 0x00, 0x00, 0x00, 0x00, 0x00, 0x00, 0x00,
        0x0C, 0x4A, 0xC8, 0xE1, 0x59, 0xDC, 0x01, 0x80, 0x00, 0x00, 0x00, 0x00, 0x00, 0x00, 0x00, 0x00,
        0x0A, 0xAA, 0xA8, 0x81, 0x95, 0x10, 0x11, 0xC0, 0x00, 0x00, 0x00, 0x00, 0x00, 0x00, 0x00, 0x00,
        0x0A, 0xAA, 0xC8, 0xC1, 0x15, 0x98, 0x18, 0x80, 0x00, 0x00, 0x00, 0x00, 0x00, 0x00, 0x00, 0x00,
        0x0A, 0xAA, 0xA8, 0x81, 0x95, 0x10, 0x1D, 0xC0, 0x00, 0x00, 0x00, 0x00, 0x00, 0x00, 0x00, 0x00,
        0x0C, 0x44, 0xCE, 0xE1, 0x55, 0xDC, 0x18, 0x80, 0x00, 0x00, 0x00, 0x00, 0x00, 0x00, 0x00, 0x00,
        0x00, 0x00, 0x00, 0x00, 0x00, 0x00, 0x1D, 0x00, 0x00, 0x00, 0x00, 0x00, 0x00, 0x00, 0x00, 0x00,
        0x00, 0x00, 0x00, 0x00, 0x00, 0x00, 0x38, 0x80, 0x00, 0x00, 0x00, 0x00, 0x00, 0x00, 0x00, 0x00,
        0x00, 0x00, 0x00, 0x00, 0x00, 0x00, 0x51, 0x40, 0x00, 0x00, 0x00, 0x00, 0x00, 0x00, 0x00, 0x00,
        0x00, 0x00, 0x00, 0x00, 0x00, 0x00, 0x60, 0x80, 0x00, 0x00, 0x00, 0x00, 0x00, 0x00, 0x00, 0x00,
        0x00, 0x00, 0x00, 0x00, 0x00, 0x00, 0x71, 0x40, 0x00, 0x00, 0x00, 0x00, 0x00, 0x00, 0x00, 0x00,
        0x00, 0x00, 0x00, 0x00, 0x00, 0x00, 0x20, 0x80, 0x00, 0x00, 0x00, 0x00, 0x00, 0x00, 0x00, 0x00,
        0x00, 0x00, 0x00, 0x00, 0x00, 0x00, 0x71, 0x00, 0x00, 0x00, 0x00, 0x00, 0x00, 0x00, 0x00, 0x00,
        0x00, 0x00, 0x00, 0x00, 0x00, 0x00, 0xE8, 0x00, 0x00, 0x00, 0x00, 0x00, 0x00, 0x00, 0x00, 0x00,
        0x00, 0x00, 0x00, 0x00, 0x00, 0x00, 0x50, 0x00, 0x00, 0x00, 0x00, 0x00, 0x00, 0x00, 0x00, 0x00,
        0x00, 0x00, 0x00, 0x00, 0x00, 0x00, 0xA8, 0x00, 0x00, 0x00, 0x00, 0x00, 0x00, 0x00, 0x00, 0x00,
        0x00, 0x00, 0x00, 0x00, 0x00, 0x01, 0x54, 0x04, 0x00, 0x00, 0x00, 0x00, 0x00, 0x00, 0x00, 0x00,
        0x00, 0x00, 0x00, 0x00, 0x00, 0x02, 0xE8, 0x02, 0x00, 0x00, 0x00, 0x00, 0x00, 0x00, 0x00, 0x00,
        0x00, 0x00, 0x00, 0x00, 0x00, 0x05, 0xD4, 0x05, 0x00, 0x00, 0x00, 0x00, 0x00, 0x00, 0x00, 0x00,
        0x00, 0x00, 0x00, 0x00, 0x00, 0x0B, 0xA8, 0x02, 0x00, 0x00, 0x00, 0x00, 0x00, 0x00, 0x00, 0x00,
        0x00, 0x00, 0x00, 0x00, 0x00, 0x15, 0x54, 0x05, 0x00, 0x00, 0x00, 0x00, 0x00, 0x00, 0x00, 0x00,
        0x00, 0x00, 0x00, 0x00, 0x00, 0xAA, 0xAA, 0x2A, 0x80, 0x00, 0x00, 0x00, 0x00, 0x00, 0x00, 0x00,
        0x00, 0x00, 0x00, 0x00, 0x01, 0x55, 0x55, 0x55, 0x40, 0x00, 0x00, 0x00, 0x00, 0x00, 0x00, 0x00,
        0x00, 0x00, 0x00, 0x00, 0x02, 0xAA, 0xAA, 0xAA, 0x80, 0x00, 0x00, 0x00, 0x00, 0x00, 0x00, 0x00,
        0x00, 0x00, 0x00, 0x00, 0x15, 0x55, 0x55, 0x55, 0x40, 0x00, 0x00, 0x00, 0x00, 0x00, 0x00, 0x00,
        0x00, 0x00, 0x00, 0x00, 0x2A, 0xAA, 0xAA, 0xAA, 0xA0, 0x00, 0x00, 0x00, 0x00, 0x00, 0x00, 0x00,
        0x00, 0x00, 0x00, 0x00, 0x05, 0x55, 0x55, 0x55, 0x40, 0x00, 0x00, 0x00, 0x00, 0x00, 0x00, 0x00,
        0x00, 0x00, 0x00, 0x00, 0x02, 0xAA, 0xAA, 0xAA, 0xA0, 0x00, 0x00, 0x00, 0x00, 0x00, 0x00, 0x00,
        0x00, 0x00, 0x00, 0x00, 0x01, 0x55, 0x55, 0x55, 0x50, 0x00, 0x00, 0x00, 0x00, 0x00, 0x00, 0x00,
        0x00, 0x00, 0x00, 0x00, 0x00, 0xAA, 0xAA, 0xAA, 0xA0, 0x00, 0x00, 0x00, 0x00, 0x00, 0x00, 0x00,
        0x00, 0x00, 0x00, 0x00, 0x00, 0x55, 0x55, 0x55, 0x50, 0x00, 0x00, 0x00, 0x00, 0x00, 0x00, 0x00,
        0x00, 0x00, 0x00, 0x00, 0x00, 0x0A, 0xAA, 0xAA, 0xA0, 0x00, 0x00, 0x00, 0x00, 0x00, 0x00, 0x00,
        0x00, 0x00, 0x00, 0x00, 0x00, 0x01, 0x55, 0x55, 0x50, 0x00, 0x00, 0x00, 0x00, 0x00, 0x00, 0x00,
        0x00, 0x00, 0x00, 0x00, 0x00, 0x00, 0xAA, 0xAA, 0xA8, 0x00, 0x00, 0x00, 0x00, 0x00, 0x00, 0x00,
        0x00, 0x00, 0x00, 0x00, 0x00, 0x05, 0x55, 0x55, 0x50, 0x00, 0x00, 0x00, 0x00, 0x00, 0x00, 0x00,
        0x00, 0x00, 0x00, 0x00, 0x00, 0x2A, 0xAA, 0xAA, 0xA8, 0x00, 0x00, 0x00, 0x00, 0x00, 0x00, 0x00,
        0x00, 0x00, 0x00, 0x00, 0x01, 0xFD, 0x55, 0x55, 0x50, 0x00, 0x00, 0x00, 0x00, 0x00, 0x00, 0x00,
        0x00, 0x00, 0x00, 0x00, 0x03, 0xFE, 0xAA, 0xAA, 0xA8, 0x00, 0x00, 0x00, 0x00, 0x00, 0x00, 0x00,
        0x00, 0x00, 0x00, 0x00, 0x75, 0xFF, 0xD5, 0x55, 0x54, 0x00, 0x00, 0x00, 0x00, 0x00, 0x00, 0x00,
        0x00, 0x00, 0x38, 0xAB, 0xEA, 0xFF, 0xAA, 0xAA, 0xAA, 0x00, 0x00, 0x00, 0x00, 0x00, 0x00, 0x00,
        0x00, 0x00, 0x7D, 0x7F, 0xD5, 0xFF, 0x55, 0x55, 0x54, 0x00, 0x00, 0x00, 0x00, 0x00, 0x00, 0x00,
        0x00, 0x00, 0xFE, 0xFF, 0xAA, 0xEE, 0xAA, 0x2A, 0xAA, 0x00, 0x00, 0x00, 0x00, 0x00, 0x00, 0x00,
        0x00, 0x00, 0x70, 0xFF, 0xD5, 0x55, 0x55, 0x55, 0x55, 0x00, 0x00, 0x00, 0x00, 0x00, 0x00, 0x00,
        0x00, 0x00, 0x60, 0x3F, 0xAA, 0xAA, 0xAA, 0xAA, 0xAA, 0x00, 0x00, 0x00, 0x00, 0x00, 0x00, 0x00,
        0x00, 0x00, 0x00, 0x0F, 0x55, 0x55, 0x55, 0x55, 0x55, 0x00, 0x00, 0x00, 0x00, 0x00, 0x00, 0x00,
        0x00, 0x00, 0x00, 0x02, 0xEA, 0xAA, 0xAA, 0xAA, 0xAA, 0x00, 0x00, 0x00, 0x00, 0x00, 0x00, 0x00,
        0x00, 0x00, 0x00, 0x01, 0xC5, 0x55, 0x55, 0x55, 0x54, 0x00, 0x00, 0x00, 0x00, 0x00, 0x00, 0x00,
        0x00, 0x00, 0x00, 0x00, 0xEA, 0x2A, 0xAA, 0xAA, 0xAA, 0x00, 0x00, 0x00, 0x00, 0x00, 0x00, 0x00,
        0x00, 0x00, 0x00, 0x00, 0x00, 0x55, 0x55, 0x55, 0x54, 0x00, 0x00, 0x00, 0x00, 0x00, 0x00, 0x00,
        0x00, 0x00, 0x00, 0x00, 0x00, 0xA2, 0xAA, 0xAA, 0xA8, 0x00, 0x00, 0x00, 0x00, 0x00, 0x00, 0x00,
        0x00, 0x00, 0x00, 0x00, 0x00, 0x55, 0x55, 0x55, 0x50, 0x00, 0x00, 0x00, 0x00, 0x00, 0x00, 0x00,
        0x00, 0x00, 0x00, 0x00, 0x00, 0x02, 0xAA, 0xAA, 0xA8, 0x00, 0x00, 0x00, 0x00, 0x00, 0x00, 0x00,
        0x00, 0x00, 0x00, 0x00, 0x00, 0x55, 0x55, 0x55, 0x7C, 0x00, 0x00, 0x00, 0x00, 0x00, 0x00, 0x00,
        0x00, 0x00, 0x00, 0x00, 0x00, 0x2A, 0xAA, 0xAA, 0xF8, 0x00, 0x00, 0x00, 0x00, 0x00, 0x00, 0x00,
        0x00, 0x00, 0x00, 0x00, 0x00, 0x45, 0x55, 0x55, 0xF0, 0x00, 0x00, 0x00, 0x00, 0x00, 0x00, 0x00,
        0x00, 0x00, 0x00, 0x00, 0x00, 0x62, 0xAB, 0xEB, 0xE0, 0x00, 0x00, 0x00, 0x00, 0x00, 0x00, 0x00,
        0x00, 0x00, 0x00, 0x00, 0x00, 0x31, 0x57, 0xC4, 0x00, 0x00, 0x00, 0x00, 0x00, 0x00, 0x00, 0x00,
        0x00, 0x00, 0x00, 0x00, 0x00, 0x1A, 0xBF, 0x80, 0x00, 0x00, 0x00, 0x00, 0x00, 0x00, 0x00, 0x00,
        0x00, 0x00, 0x00, 0x00, 0x00, 0x0F, 0xFF, 0x00, 0x00, 0x00, 0x00, 0x00, 0x00, 0x00, 0x00, 0x00,
        0x00, 0x00, 0x00, 0x00, 0x00, 0x03, 0xFC, 0x00, 0x00, 0x00, 0x00, 0x00, 0x00, 0x00, 0x00, 0x00,
        0x00, 0x00, 0x00, 0x00, 0x00, 0x00, 0x00, 0x00, 0x00, 0x00, 0x00, 0x00, 0x00, 0x00, 0x00, 0x00,
    },
    // Frame 7 (delay: 80ms)
    {
        0x00, 0x00, 0x00, 0x00, 0x00, 0x00, 0x00, 0x00, 0x00, 0x00, 0x00, 0x00, 0x00, 0x00, 0x00, 0x00,
        0x00, 0x00, 0x00, 0x00, 0x00, 0x00, 0x00, 0x00, 0x00, 0x00, 0x00, 0x00, 0x00, 0x00, 0x00, 0x00,
        0x00, 0x00, 0x00, 0x00, 0x00, 0x00, 0x00, 0x00, 0x00, 0x00, 0x00, 0x00, 0x00, 0x00, 0x00, 0x00,
        0x00, 0x00, 0x00, 0x00, 0x00, 0x00, 0x00, 0x40, 0x00, 0x00, 0x00, 0x00, 0x00, 0x00, 0x00, 0x00,
        0x0C, 0x4A, 0xC8, 0xE1, 0x59, 0xDC, 0x00, 0x60, 0x00, 0x00, 0x00, 0x00, 0x00, 0x00, 0x00, 0x00,
        0x0A, 0xAA, 0xA8, 0x81, 0x95, 0x10, 0x04, 0x70, 0x00, 0x00, 0x00, 0x00, 0x00, 0x00, 0x00, 0x00,
        0x0A, 0xAA, 0xC8, 0xC1, 0x15, 0x98, 0x06, 0x20, 0x00, 0x00, 0x00, 0x00, 0x00, 0x00, 0x00, 0x00,
        0x0A, 0xAA, 0xA8, 0x81, 0x95, 0x10, 0x07, 0x70, 0x00, 0x00, 0x00, 0x00, 0x00, 0x00, 0x00, 0x00,
        0x0C, 0x44, 0xCE, 0xE1, 0x55, 0xDC, 0x06, 0x20, 0x00, 0x00, 0x00, 0x00, 0x00, 0x00, 0x00, 0x00,
        0x00, 0x00, 0x00, 0x00, 0x00, 0x00, 0x07, 0x40, 0x00, 0x00, 0x00, 0x00, 0x00, 0x00, 0x00, 0x00,
        0x00, 0x00, 0x00, 0x00, 0x00, 0x00, 0x0E, 0x20, 0x00, 0x00, 0x00, 0x00, 0x00, 0x00, 0x00, 0x00,
        0x00, 0x00, 0x00, 0x00, 0x00, 0x00, 0x14, 0x50, 0x00, 0x00, 0x00, 0x00, 0x00, 0x00, 0x00, 0x00,
        0x00, 0x00, 0x00, 0x00, 0x00, 0x00, 0x18, 0x20, 0x00, 0x00, 0x00, 0x00, 0x00, 0x00, 0x00, 0x00,
        0x00, 0x00, 0x00, 0x00, 0x00, 0x00, 0x1C, 0x50, 0x00, 0x00, 0x00, 0x00, 0x00, 0x00, 0x00, 0x00,
        0x00, 0x00, 0x00, 0x00, 0x00, 0x00, 0x08, 0x20, 0x00, 0x00, 0x00, 0x00, 0x00, 0x00, 0x00, 0x00,
        0x00, 0x00, 0x00, 0x00, 0x00, 0x00, 0x1C, 0x40, 0x00, 0x00, 0x00, 0x00, 0x00, 0x00, 0x00, 0x00,
        0x00, 0x00, 0x00, 0x00, 0x00, 0x00, 0x3A, 0x00, 0x00, 0x00, 0x00, 0x00, 0x00, 0x00, 0x00, 0x00,
        0x00, 0x00, 0x00, 0x00, 0x00, 0x00, 0x14, 0x00, 0x00, 0x00, 0x00, 0x00, 0x00, 0x00, 0x00, 0x00,
        0x00, 0x00, 0x00, 0x00, 0x00, 0x00, 0x2A, 0x00, 0x00, 0x00, 0x00, 0x00, 0x00, 0x00, 0x00, 0x00,
        0x00, 0x00, 0x00, 0x00, 0x00, 0x00, 0x55, 0x01, 0x00, 0x00, 0x00, 0x00, 0x00, 0x00, 0x00, 0x00,
        0x00, 0x00, 0x00, 0x00, 0x00, 0x00, 0xBA, 0x00, 0x80, 0x00, 0x00, 0x00, 0x00, 0x00, 0x00, 0x00,
        0x00, 0x00, 0x00, 0x00, 0x00, 0x01, 0x75, 0x01, 0x40, 0x00, 0x00, 0x00, 0x00, 0x00, 0x00, 0x00,
        0x00, 0x00, 0x00, 0x00, 0x00, 0x02, 0xEA, 0x00, 0x80, 0x00, 0x00, 0x00, 0x00, 0x00, 0x00, 0x00,
        0x00, 0x00, 0x00, 0x00, 0x00, 0x05, 0x55, 0x01, 0x40, 0x00, 0x00, 0x00, 0x00, 0x00, 0x00, 0x00,
        0x00, 0x00, 0x00, 0x00, 0x00, 0x2A, 0xAA, 0x8A, 0xA0, 0x00, 0x00, 0x00, 0x00, 0x00, 0x00, 0x00,
        0x00, 0x00, 0x00, 0x00, 0x00, 0x55, 0x55, 0x55, 0x50, 0x00, 0x00, 0x00, 0x00, 0x00, 0x00, 0x00,
        0x00, 0x00, 0x00, 0x00, 0x00, 0xAA, 0xAA, 0xAA, 0xA0, 0x00, 0x00, 0x00, 0x00, 0x00, 0x00, 0x00,
        0x00, 0x00, 0x00, 0x00, 0x05, 0x55, 0x55, 0x55, 0x50, 0x00, 0x00, 0x00, 0x00, 0x00, 0x00, 0x00,
        0x00, 0x00, 0x00, 0x00, 0x0A, 0xAA, 0xAA, 0xAA, 0xA8, 0x00, 0x00, 0x00, 0x00, 0x00, 0x00, 0x00,
        0x00, 0x00, 0x00, 0x00, 0x01, 0x55, 0x55, 0x55, 0x50, 0x00, 0x00, 0x00, 0x00, 0x00, 0x00, 0x00,
        0x00, 0x00, 0x00, 0x00, 0x00, 0xAA, 0xAA, 0xAA, 0xA8, 0x00, 0x00, 0x00, 0x00, 0x00, 0x00, 0x00,
        0x00, 0x00, 0x00, 0x00, 0x00, 0x55, 0x55, 0x55, 0x54, 0x00, 0x00, 0x00, 0x00, 0x00, 0x00, 0x00,
        0x00, 0x00, 0x00, 0x00, 0x00, 0x2A, 0xAA, 0xAA, 0xA8, 0x00, 0x00, 0x00, 0x00, 0x00, 0x00, 0x00,
        0x00, 0x00, 0x00, 0x00, 0x00, 0x15, 0x55, 0x55, 0x54, 0x00, 0x00, 0x00, 0x00, 0x00, 0x00, 0x00,
        0x00, 0x00, 0x00, 0x00, 0x00, 0x02, 0xAA, 0xAA, 0xA8, 0x00, 0x00, 0x00, 0x00, 0x00, 0x00, 0x00,
        0x00, 0x00, 0x00, 0x00, 0x00, 0x00, 0x55, 0x55, 0x54, 0x00, 0x00, 0x00, 0x00, 0x00, 0x00, 0x00,
        0x00, 0x00, 0x00, 0x00, 0x00, 0x00, 0x2A, 0xAA, 0xAA, 0x00, 0x00, 0x00, 0x00, 0x00, 0x00, 0x00,
        0x00, 0x00, 0x00, 0x00, 0x00, 0x01, 0x55, 0x55, 0x54, 0x00, 0x00, 0x00, 0x00, 0x00, 0x00, 0x00,
        0x00, 0x00, 0x00, 0x00, 0x00, 0x0A, 0xAA, 0xAA, 0xAA, 0x00, 0x00, 0x00, 0x00, 0x00, 0x00, 0x00,
        0x00, 0x00, 0x00, 0x00, 0x00, 0x7F, 0x55, 0x55, 0x54, 0x00, 0x00, 0x00, 0x00, 0x00, 0x00, 0x00,
        0x00, 0x00, 0x00, 0x00, 0x00, 0xFF, 0xAA, 0xAA, 0xAA, 0x00, 0x00, 0x00, 0x00, 0x00, 0x00, 0x00,
        0x00, 0x00, 0x00, 0x00, 0x1D, 0x7F, 0xF5, 0x55, 0x55, 0x00, 0x00, 0x00, 0x00, 0x00, 0x00, 0x00,
        0x00, 0x00, 0x0E, 0x2A, 0xFA, 0xBF, 0xEA, 0xAA, 0xAA, 0x80, 0x00, 0x00, 0x00, 0x00, 0x00, 0x00,
        0x00, 0x00, 0x1F, 0x5F, 0xF5, 0x7F, 0xD5, 0x55, 0x55, 0x00, 0x00, 0x00, 0x00, 0x00, 0x00, 0x00,
        0x00, 0x00, 0x3F, 0xBF, 0xEA, 0xBB, 0xAA, 0x8A, 0xAA, 0x80, 0x00, 0x00, 0x00, 0x00, 0x00, 0x00,
        0x00, 0x00, 0x1C, 0x3F, 0xF5, 0x55, 0x55, 0x55, 0x55, 0x40, 0x00, 0x00, 0x00, 0x00, 0x00, 0x00,
        0x00, 0x00, 0x18, 0x0F, 0xEA, 0xAA, 0xAA, 0xAA, 0xAA, 0x80, 0x00, 0x00, 0x00, 0x00, 0x00, 0x00,
        0x00, 0x00, 0x00, 0x03, 0xD5, 0x55, 0x55, 0x55, 0x55, 0x40, 0x00, 0x00, 0x00, 0x00, 0x00, 0x00,
        0x00, 0x00, 0x00, 0x00, 0xBA, 0xAA, 0xAA, 0xAA, 0xAA, 0x80, 0x00, 0x00, 0x00, 0x00, 0x00, 0x00,
        0x00, 0x00, 0x00, 0x00, 0x71, 0x55, 0x55, 0x55, 0x55, 0x00, 0x00, 0x00, 0x00, 0x00, 0x00, 0x00,
        0x00, 0x00, 0x00, 0x00, 0x3A, 0x8A, 0xAA, 0xAA, 0xAA, 0x80, 0x00, 0x00, 0x00, 0x00, 0x00, 0x00,
        0x00, 0x00, 0x00, 0x00, 0x00, 0x15, 0x55, 0x55, 0x55, 0x00, 0x00, 0x00, 0x00, 0x00, 0x00, 0x00,
        0x00, 0x00, 0x00, 0x00, 0x00, 0x28, 0xAA, 0xAA, 0xAA, 0x00, 0x00, 0x00, 0x00, 0x00, 0x00, 0x00,
        0x00, 0x00, 0x00, 0x00, 0x00, 0x15, 0x55, 0x55, 0x54, 0x00, 0x00, 0x00, 0x00, 0x00, 0x00, 0x00,
        0x00, 0x00, 0x00, 0x00, 0x00, 0x00, 0xAA, 0xAA, 0xAA, 0x00, 0x00, 0x00, 0x00, 0x00, 0x00, 0x00,
        0x00, 0x00, 0x00, 0x00, 0x00, 0x15, 0x55, 0x55, 0x5F, 0x00, 0x00, 0x00, 0x00, 0x00, 0x00, 0x00,
        0x00, 0x00, 0x00, 0x00, 0x00, 0x0A, 0xAA, 0xAA, 0xBE, 0x00, 0x00, 0x00, 0x00, 0x00, 0x00, 0x00,
        0x00, 0x00, 0x00, 0x00, 0x00, 0x11, 0x55, 0x55, 0x7C, 0x00, 0x00, 0x00, 0x00, 0x00, 0x00, 0x00,
        0x00, 0x00, 0x00, 0x00, 0x00, 0x18, 0xAA, 0xFA, 0xF8, 0x00, 0x00, 0x00, 0x00, 0x00, 0x00, 0x00,
        0x00, 0x00, 0x00, 0x00, 0x00, 0x0C, 0x55, 0xF1, 0x00, 0x00, 0x00, 0x00, 0x00, 0x00, 0x00, 0x00,
        0x00, 0x00, 0x00, 0x00, 0x00, 0x06, 0xAF, 0xE0, 0x00, 0x00, 0x00, 0x00, 0x00, 0x00, 0x00, 0x00,
        0x00, 0x00, 0x00, 0x00, 0x00, 0x03, 0xFF, 0xC0, 0x00, 0x00, 0x00, 0x00, 0x00, 0x00, 0x00, 0x00,
        0x00, 0x00, 0x00, 0x00, 0x00, 0x00, 0xFF, 0x00, 0x00, 0x00, 0x00, 0x00, 0x00, 0x00, 0x00, 0x00,
        0x00, 0x00, 0x00, 0x00, 0x00, 0x00, 0x00, 0x00, 0x00, 0x00, 0x00, 0x00, 0x00, 0x00, 0x00, 0x00,
    },
    // Frame 8 (delay: 140ms)
    {
        0x00, 0x00, 0x00, 0x00, 0x00, 0x00, 0x00, 0x00, 0x00, 0x00, 0x00, 0x00, 0x00, 0x00, 0x00, 0x00,
        0x00, 0x00, 0x00, 0x00, 0x00, 0x00, 0x00, 0x00, 0x00, 0x00, 0x00, 0x00, 0x00, 0x00, 0x00, 0x00,
        0x00, 0x00, 0x00, 0x00, 0x00, 0x00, 0x04, 0x00, 0x00, 0x00, 0x00, 0x00, 0x00, 0x00, 0x00, 0x00,
        0x00, 0x00, 0x00, 0x00, 0x00, 0x00, 0x02, 0x00, 0x00, 0x00, 0x00, 0x00, 0x00, 0x00, 0x00, 0x00,
        0x0C, 0x4A, 0xC8, 0xE1, 0x59, 0xDC, 0x11, 0x00, 0x00, 0x00, 0x00, 0x00, 0x00, 0x00, 0x00, 0x00,
        0x0A, 0xAA, 0xA8, 0x81, 0x95, 0x10, 0x38, 0x00, 0x00, 0x00, 0x00, 0x00, 0x00, 0x00, 0x00, 0x00,
        0x0A, 0xAA, 0xC8, 0xC1, 0x15, 0x98, 0x3D, 0x00, 0x00, 0x00, 0x00, 0x00, 0x00, 0x00, 0x00, 0x00,
        0x0A, 0xAA, 0xA8, 0x81, 0x95, 0x10, 0x1C, 0x80, 0x00, 0x00, 0x00, 0x00, 0x00, 0x00, 0x00, 0x00,
        0x0C, 0x44, 0xCE, 0xE1, 0x55, 0xDC, 0x1C, 0x40, 0x00, 0x00, 0x00, 0x00, 0x00, 0x00, 0x00, 0x00,
        0x00, 0x00, 0x00, 0x00, 0x00, 0x00, 0x1C, 0x30, 0x00, 0x00, 0x00, 0x00, 0x00, 0x00, 0x00, 0x00,
        0x00, 0x00, 0x00, 0x00, 0x00, 0x00, 0x1C, 0x10, 0x00, 0x00, 0x00, 0x00, 0x00, 0x00, 0x00, 0x00,
        0x00, 0x00, 0x00, 0x00, 0x00, 0x00, 0x1A, 0x08, 0x00, 0x00, 0x00, 0x00, 0x00, 0x00, 0x00, 0x00,
        0x00, 0x00, 0x00, 0x00, 0x00, 0x00, 0x3C, 0x00, 0x00, 0x00, 0x00, 0x00, 0x00, 0x00, 0x00, 0x00,
        0x00, 0x00, 0x00, 0x00, 0x00, 0x00, 0x3E, 0x00, 0x00, 0x00, 0x00, 0x00, 0x00, 0x00, 0x00, 0x00,
        0x00, 0x00, 0x00, 0x00, 0x00, 0x00, 0x7E, 0x00, 0x00, 0x00, 0x00, 0x00, 0x00, 0x00, 0x00, 0x00,
        0x00, 0x00, 0x00, 0x00, 0x00, 0x01, 0xFC, 0x00, 0x00, 0x00, 0x00, 0x02, 0x00, 0x00, 0x00, 0x00,
        0x00, 0x00, 0x00, 0x00, 0x00, 0x07, 0xF4, 0x00, 0x00, 0x00, 0x00, 0x00, 0x00, 0x00, 0x00, 0x00,
        0x00, 0x00, 0x00, 0x00, 0x00, 0x2F, 0xE8, 0x00, 0x00, 0x00, 0x00, 0x02, 0x00, 0x00, 0x00, 0x00,
        0x00, 0x00, 0x00, 0x00, 0x00, 0x77, 0xD4, 0x00, 0x00, 0x00, 0x00, 0x11, 0x00, 0x00, 0x00, 0x00,
        0x00, 0x00, 0x00, 0x00, 0x00, 0x3B, 0xA8, 0x00, 0x00, 0x00, 0x00, 0x38, 0x80, 0x00, 0x00, 0x00,
        0x00, 0x00, 0x00, 0x00, 0x00, 0x15, 0x7C, 0x00, 0x00, 0x00, 0x00, 0x39, 0x00, 0x00, 0x00, 0x00,
        0x00, 0x00, 0x00, 0x00, 0x00, 0x2A, 0xA8, 0x00, 0x00, 0x28, 0x00, 0x18, 0x80, 0x00, 0x00, 0x00,
        0x00, 0x00, 0x00, 0x00, 0x10, 0x15, 0x54, 0x00, 0x14, 0x77, 0x00, 0x1C, 0x40, 0x00, 0x00, 0x00,
        0x00, 0x00, 0x00, 0x00, 0x28, 0x0A, 0xA8, 0x00, 0xAA, 0xAE, 0xE8, 0x08, 0x80, 0x00, 0x00, 0x00,
        0x00, 0x00, 0x00, 0x00, 0x54, 0x15, 0x55, 0x01, 0x55, 0x55, 0xFF, 0x50, 0x00, 0x00, 0x00, 0x00,
        0x00, 0x00, 0x00, 0x00, 0xA8, 0x0A, 0xAA, 0x82, 0xAA, 0xAA, 0xBF, 0xE0, 0x00, 0x00, 0x00, 0x00,
        0x00, 0x00, 0x00, 0x00, 0x45, 0x15, 0x55, 0x45, 0x55, 0x55, 0x75, 0x50, 0x40, 0x00, 0x00, 0x00,
        0x00, 0x00, 0x00, 0x00, 0x8E, 0xAA, 0xAA, 0xAA, 0xAA, 0xAB, 0xAA, 0xA8, 0x20, 0x00, 0x00, 0x00,
        0x00, 0x00, 0x00, 0x01, 0x1D, 0x55, 0x55, 0x55, 0x55, 0x55, 0x54, 0x00, 0x00, 0x00, 0x00, 0x00,
        0x00, 0x00, 0x00, 0x00, 0xBF, 0xAA, 0xAA, 0xAA, 0xAA, 0xA2, 0xA0, 0x00, 0x00, 0x00, 0x00, 0x00,
        0x00, 0x00, 0x00, 0x05, 0x7F, 0x55, 0x55, 0x55, 0x55, 0x00, 0x00, 0x00, 0x00, 0x00, 0x00, 0x00,
        0x00, 0x00, 0x00, 0x0B, 0xEF, 0xEA, 0xAA, 0xAA, 0xAA, 0x80, 0x00, 0x00, 0x00, 0x00, 0x00, 0x00,
        0x00, 0x00, 0x00, 0x1F, 0x5F, 0xF5, 0x55, 0x55, 0x55, 0x00, 0x00, 0x00, 0x00, 0x00, 0x00, 0x00,
        0x00, 0x00, 0x00, 0x1A, 0xAF, 0xFA, 0xAA, 0xAA, 0xAA, 0x00, 0x00, 0x00, 0x00, 0x00, 0x00, 0x00,
        0x00, 0x00, 0x00, 0x31, 0x5F, 0xF4, 0x55, 0x55, 0x50, 0x00, 0x00, 0x00, 0x00, 0x00, 0x00, 0x00,
        0x00, 0x00, 0x00, 0x22, 0xBF, 0xEA, 0xAA, 0xAA, 0xA0, 0x00, 0x00, 0x00, 0x00, 0x00, 0x00, 0x00,
        0x00, 0x00, 0x00, 0x45, 0x7F, 0x55, 0x55, 0x54, 0x00, 0x00, 0x00, 0x00, 0x00, 0x00, 0x00, 0x00,
        0x00, 0x00, 0x00, 0x62, 0xFF, 0xAA, 0xAA, 0xA0, 0x00, 0x00, 0x00, 0x00, 0x00, 0x00, 0x00, 0x00,
        0x00, 0x00, 0x00, 0x41, 0x7F, 0xD5, 0x15, 0x00, 0x00, 0x00, 0x00, 0x00, 0x00, 0x00, 0x00, 0x00,
        0x00, 0x00, 0x00, 0x62, 0xBF, 0xAA, 0x00, 0x80, 0x20, 0x00, 0x00, 0x00, 0x00, 0x00, 0x00, 0x00,
        0x00, 0x00, 0x00, 0x3D, 0x5F, 0x54, 0x00, 0x01, 0x40, 0x00, 0x00, 0x00, 0x00, 0x00, 0x00, 0x00,
        0x00, 0x00, 0x00, 0x0E, 0xAA, 0xA8, 0x00, 0x02, 0x80, 0x00, 0x00, 0x00, 0x00, 0x00, 0x00, 0x00,
        0x00, 0x00, 0x00, 0x01, 0x55, 0x00, 0x00, 0x15, 0x40, 0x00, 0x00, 0x00, 0x00, 0x00, 0x00, 0x00,
        0x00, 0x00, 0x00, 0x00, 0xAA, 0x00, 0x00, 0xAA, 0xA2, 0x00, 0x00, 0x00, 0x00, 0x00, 0x00, 0x00,
        0x00, 0x00, 0x00, 0x00, 0x15, 0x50, 0x05, 0x55, 0x54, 0x00, 0x00, 0x00, 0x00, 0x00, 0x00, 0x00,
        0x00, 0x00, 0x00, 0x00, 0x28, 0x2A, 0xAA, 0xAA, 0xA0, 0x00, 0x00, 0x00, 0x00, 0x00, 0x00, 0x00,
        0x00, 0x00, 0x00, 0x00, 0x00, 0x01, 0x55, 0x54, 0x00, 0x00, 0x00, 0x00, 0x00, 0x00, 0x00, 0x00,
        0x00, 0x00, 0x00, 0x00, 0x00, 0x00, 0x00, 0x00, 0x00, 0x00, 0x00, 0x00, 0x00, 0x00, 0x00, 0x00,
        0x00, 0x00, 0x00, 0x00, 0x00, 0x00, 0x00, 0x00, 0x00, 0x00, 0x00, 0x00, 0x00, 0x00, 0x00, 0x00,
        0x00, 0x00, 0x00, 0x00, 0x00, 0x00, 0x00, 0x00, 0x00, 0x00, 0x00, 0x00, 0x00, 0x00, 0x00, 0x00,
        0x00, 0x00, 0x00, 0x00, 0x00, 0x00, 0x00, 0x00, 0x00, 0x00, 0x00, 0x00, 0x00, 0x00, 0x00, 0x00,
        0x00, 0x00, 0x00, 0x00, 0x00, 0x00, 0x00, 0x00, 0x00, 0x00, 0x00, 0x00, 0x00, 0x00, 0x00, 0x00,
        0x00, 0x00, 0x00, 0x00, 0x00, 0x00, 0x00, 0x00, 0x00, 0x00, 0x00, 0x00, 0x00, 0x00, 0x00, 0x00,
        0x00, 0x00, 0x00, 0x00, 0x00, 0x00, 0x00, 0x00, 0x00, 0x00, 0x00, 0x00, 0x00, 0x00, 0x00, 0x00,
        0x00, 0x00, 0x00, 0x00, 0x00, 0x00, 0x00, 0x00, 0x00, 0x00, 0x00, 0x00, 0x00, 0x00, 0x00, 0x00,
        0x00, 0x00, 0x00, 0x00, 0x00, 0x00, 0x00, 0x00, 0x00, 0x00, 0x00, 0x00, 0x00, 0x00, 0x00, 0x00,
        0x00, 0x00, 0x00, 0x00, 0x00, 0x00, 0x00, 0x00, 0x00, 0x00, 0x00, 0x00, 0x00, 0x00, 0x00, 0x00,
        0x00, 0x00, 0x00, 0x00, 0x00, 0x00, 0x00, 0x00, 0x00, 0x00, 0x00, 0x00, 0x00, 0x00, 0x00, 0x00,
        0x00, 0x00, 0x00, 0x00, 0x00, 0x00, 0x00, 0x00, 0x00, 0x00, 0x00, 0x00, 0x00, 0x00, 0x00, 0x00,
        0x00, 0x00, 0x00, 0x00, 0x00, 0x00, 0x00, 0x00, 0x00, 0x00, 0x00, 0x00, 0x00, 0x00, 0x00, 0x00,
        0x00, 0x00, 0x00, 0x00, 0x00, 0x00, 0x00, 0x00, 0x00, 0x00, 0x00, 0x00, 0x00, 0x00, 0x00, 0x00,
        0x00, 0x00, 0x00, 0x00, 0x00, 0x00, 0x00, 0x00, 0x00, 0x00, 0x00, 0x00, 0x00, 0x00, 0x00, 0x00,
        0x00, 0x00, 0x00, 0x00, 0x00, 0x00, 0x00, 0x00, 0x00, 0x00, 0x00, 0x00, 0x00, 0x00, 0x00, 0x00,
        0x00, 0x00, 0x00, 0x00, 0x00, 0x00, 0x00, 0x00, 0x00, 0x00, 0x00, 0x00, 0x00, 0x00, 0x00, 0x00,
    },
    // Frame 9 (delay: 80ms)
    {
        0x00, 0x00, 0x00, 0x00, 0x00, 0x00, 0x00, 0x00, 0x00, 0x00, 0x00, 0x00, 0x00, 0x00, 0x00, 0x00,
        0x00, 0x00, 0x00, 0x00, 0x00, 0x00, 0x00, 0x00, 0x00, 0x00, 0x00, 0x00, 0x00, 0x00, 0x00, 0x00,
        0x00, 0x00, 0x00, 0x00, 0x00, 0x00, 0x00, 0x00, 0x00, 0x00, 0x00, 0x00, 0x00, 0x00, 0x00, 0x00,
        0x00, 0x00, 0x00, 0x00, 0x00, 0x00, 0x00, 0x00, 0x00, 0x00, 0x00, 0x00, 0x00, 0x00, 0x00, 0x00,
        0x0C, 0x4A, 0xC8, 0xE1, 0x59, 0xDC, 0x00, 0x00, 0x00, 0x00, 0x00, 0x00, 0x00, 0x00, 0x00, 0x00,
        0x0A, 0xAA, 0xA8, 0x81, 0x95, 0x10, 0x00, 0x05, 0x50, 0x00, 0x00, 0x00, 0x00, 0x00, 0x00, 0x00,
        0x0A, 0xAA, 0xC8, 0xC1, 0x15, 0x98, 0x20, 0x2A, 0xA0, 0x00, 0x00, 0x00, 0x00, 0x00, 0x00, 0x00,
        0x0A, 0xAA, 0xA8, 0x81, 0x95, 0x11, 0x51, 0x45, 0x60, 0x00, 0x00, 0x00, 0x00, 0x00, 0x00, 0x00,
        0x0C, 0x44, 0xCE, 0xE1, 0x55, 0xDF, 0xEA, 0xA8, 0x20, 0x00, 0x00, 0x00, 0x00, 0x00, 0x00, 0x00,
        0x00, 0x00, 0x00, 0x00, 0x00, 0x15, 0x7D, 0x7F, 0x1F, 0x80, 0x00, 0x00, 0x00, 0x00, 0x00, 0x00,
        0x00, 0x00, 0x00, 0x00, 0x00, 0x20, 0xBE, 0xBF, 0xBF, 0xC0, 0x00, 0x00, 0x00, 0x00, 0x00, 0x00,
        0x00, 0x00, 0x00, 0x00, 0x00, 0x11, 0x57, 0x5F, 0xDF, 0x00, 0x00, 0x00, 0x00, 0x00, 0x00, 0x00,
        0x00, 0x00, 0x00, 0x00, 0x00, 0x02, 0xAB, 0xAF, 0xAE, 0x00, 0x00, 0x00, 0x00, 0x00, 0x00, 0x00,
        0x00, 0x00, 0x00, 0x00, 0x00, 0x15, 0x55, 0xF4, 0x5C, 0x00, 0x00, 0x00, 0x00, 0x00, 0x00, 0x00,
        0x00, 0x00, 0x00, 0x00, 0x00, 0x0A, 0xAA, 0xEA, 0x2A, 0x00, 0x00, 0x00, 0x00, 0x00, 0x00, 0x00,
        0x00, 0x00, 0x00, 0x00, 0x00, 0x15, 0x54, 0x75, 0x54, 0x00, 0x00, 0x00, 0x00, 0x00, 0x00, 0x00,
        0x00, 0x00, 0x00, 0x00, 0x00, 0x2A, 0xA8, 0xAA, 0xAA, 0x00, 0x00, 0x00, 0x00, 0x00, 0x00, 0x00,
        0x00, 0x00, 0x00, 0x00, 0x01, 0x55, 0x50, 0x55, 0x44, 0x00, 0x00, 0x00, 0x00, 0x00, 0x00, 0x00,
        0x00, 0x00, 0x00, 0x00, 0x02, 0xAA, 0xAA, 0xAA, 0xA0, 0x00, 0x00, 0x00, 0x00, 0x00, 0x00, 0x00,
        0x00, 0x00, 0x00, 0x00, 0x01, 0x55, 0x55, 0x55, 0x44, 0x05, 0x00, 0x00, 0x00, 0x00, 0x00, 0x00,
        0x00, 0x00, 0x00, 0x00, 0x02, 0xAA, 0x0A, 0xAA, 0xA3, 0x8E, 0x80, 0x00, 0x00, 0x00, 0x00, 0x00,
        0x00, 0x00, 0x00, 0x00, 0x01, 0xFC, 0x05, 0x55, 0x47, 0xDF, 0xC0, 0x00, 0x00, 0x00, 0x00, 0x00,
        0x00, 0x00, 0x00, 0x00, 0x03, 0xFE, 0x02, 0xAA, 0x82, 0xAA, 0xC0, 0x00, 0x00, 0x00, 0x00, 0x00,
        0x00, 0x00, 0x00, 0x00, 0x05, 0xFD, 0x00, 0x15, 0x45, 0x57, 0xC0, 0x00, 0x00, 0x00, 0x00, 0x00,
        0x00, 0x00, 0x00, 0x00, 0x03, 0xFE, 0x00, 0xA8, 0x2A, 0xAF, 0xC0, 0x00, 0x00, 0x00, 0x00, 0x00,
        0x00, 0x00, 0x00, 0x00, 0x05, 0xDF, 0xC0, 0x41, 0x55, 0x5F, 0xC0, 0x00, 0x00, 0x00, 0x00, 0x00,
        0x00, 0x00, 0x00, 0x00, 0x08, 0xBF, 0xA0, 0x0A, 0xAA, 0xBF, 0x80, 0x00, 0x00, 0x00, 0x00, 0x00,
        0x00, 0x00, 0x00, 0x00, 0x10, 0x7F, 0x40, 0x05, 0x55, 0x5F, 0xC0, 0x00, 0x00, 0x00, 0x00, 0x00,
        0x00, 0x00, 0x00, 0x00, 0x20, 0x3F, 0x80, 0x2A, 0xAA, 0xBF, 0xE0, 0x00, 0x00, 0x00, 0x00, 0x00,
        0x00, 0x00, 0x00, 0x01, 0x40, 0x15, 0xC0, 0x55, 0x55, 0x7F, 0xE0, 0x00, 0x00, 0x00, 0x00, 0x00,
        0x00, 0x00, 0x00, 0x02, 0x80, 0x2E, 0x80, 0xAA, 0xAA, 0xBF, 0xE0, 0x00, 0x00, 0x00, 0x00, 0x00,
        0x00, 0x00, 0x00, 0x05, 0x00, 0x14, 0x01, 0x55, 0x55, 0x5F, 0xF0, 0x00, 0x00, 0x00, 0x00, 0x00,
        0x00, 0x00, 0x00, 0x0A, 0x00, 0x00, 0x00, 0xAA, 0xAA, 0xAF, 0xF0, 0x00, 0x00, 0x00, 0x00, 0x00,
        0x00, 0x00, 0x00, 0x54, 0x00, 0x00, 0x00, 0x55, 0x55, 0x57, 0xF0, 0x00, 0x00, 0x00, 0x00, 0x00,
        0x00, 0x00, 0x00, 0xA8, 0x02, 0x00, 0x00, 0x2A, 0xAA, 0xAA, 0xF8, 0x00, 0x00, 0x00, 0x00, 0x00,
        0x00, 0x00, 0x01, 0x50, 0x04, 0x00, 0x00, 0x14, 0x55, 0x55, 0x78, 0x00, 0x00, 0x00, 0x00, 0x00,
        0x00, 0x00, 0x02, 0xA0, 0x0A, 0x00, 0x00, 0x00, 0xAA, 0xAA, 0xAE, 0x00, 0x00, 0x00, 0x00, 0x00,
        0x00, 0x00, 0x05, 0x40, 0x14, 0x00, 0x00, 0x00, 0x55, 0x55, 0x1F, 0xC0, 0x00, 0x00, 0x00, 0x00,
        0x00, 0x00, 0x0A, 0x80, 0x28, 0x00, 0x00, 0x00, 0x2A, 0xAB, 0x8F, 0xE0, 0x00, 0x00, 0x00, 0x00,
        0x00, 0x00, 0x15, 0x01, 0x54, 0x00, 0x00, 0x00, 0x15, 0x55, 0x07, 0xC4, 0x00, 0x00, 0x00, 0x00,
        0x00, 0x00, 0x2A, 0x02, 0xA8, 0x00, 0x00, 0x00, 0x0A, 0x2A, 0x83, 0xC8, 0x00, 0x00, 0x00, 0x00,
        0x00, 0x00, 0x54, 0x15, 0x50, 0x00, 0x00, 0x00, 0x00, 0x15, 0xF0, 0x00, 0x00, 0x00, 0x00, 0x00,
        0x00, 0x00, 0x28, 0x0A, 0xA0, 0x00, 0x00, 0x00, 0x00, 0x0B, 0xB8, 0x00, 0x00, 0x00, 0x00, 0x00,
        0x00, 0x00, 0x50, 0x05, 0x50, 0x00, 0x00, 0x00, 0x00, 0x15, 0x5C, 0x00, 0x00, 0x00, 0x00, 0x00,
        0x00, 0x00, 0x28, 0x02, 0xA8, 0x00, 0x00, 0x00, 0x00, 0x0A, 0xE8, 0x00, 0x00, 0x00, 0x00, 0x00,
        0x00, 0x00, 0x50, 0x01, 0x54, 0x00, 0x00, 0x00, 0x00, 0x05, 0x5C, 0x00, 0x00, 0x00, 0x00, 0x00,
        0x00, 0x00, 0x20, 0x00, 0x00, 0x00, 0x00, 0x00, 0x00, 0x02, 0xAA, 0x01, 0x00, 0x00, 0x00, 0x00,
        0x00, 0x00, 0x50, 0x00, 0x00, 0x00, 0x00, 0x00, 0x00, 0x00, 0x15, 0x57, 0x00, 0x00, 0x00, 0x00,
        0x00, 0x00, 0x20, 0x00, 0x00, 0x00, 0x00, 0x00, 0x00, 0x00, 0x0A, 0xBF, 0xA0, 0x00, 0x00, 0x00,
        0x00, 0x00, 0x00, 0x00, 0x00, 0x00, 0x00, 0x00, 0x00, 0x00, 0x05, 0x7F, 0x00, 0x00, 0x00, 0x00,
        0x00, 0x00, 0x00, 0x00, 0x00, 0x00, 0x00, 0x00, 0x00, 0x00, 0x02, 0x00, 0x00, 0x00, 0x00, 0x00,
        0x00, 0x00, 0x00, 0x00, 0x00, 0x00, 0x00, 0x00, 0x00, 0x00, 0x00, 0x00, 0x00, 0x00, 0x00, 0x00,
        0x00, 0x00, 0x00, 0x00, 0x00, 0x00, 0x00, 0x00, 0x00, 0x00, 0x00, 0x00, 0x00, 0x00, 0x00, 0x00,
        0x00, 0x00, 0x00, 0x00, 0x00, 0x00, 0x00, 0x00, 0x00, 0x00, 0x00, 0x00, 0x00, 0x00, 0x00, 0x00,
        0x00, 0x00, 0x00, 0x00, 0x00, 0x00, 0x00, 0x00, 0x00, 0x00, 0x00, 0x00, 0x00, 0x00, 0x00, 0x00,
        0x00, 0x00, 0x00, 0x00, 0x00, 0x00, 0x00, 0x00, 0x00, 0x00, 0x00, 0x00, 0x00, 0x00, 0x00, 0x00,
        0x00, 0x00, 0x00, 0x00, 0x00, 0x00, 0x00, 0x00, 0x00, 0x00, 0x00, 0x00, 0x00, 0x00, 0x00, 0x00,
        0x00, 0x00, 0x00, 0x00, 0x00, 0x00, 0x00, 0x00, 0x00, 0x00, 0x00, 0x00, 0x00, 0x00, 0x00, 0x00,
        0x00, 0x00, 0x00, 0x00, 0x00, 0x00, 0x00, 0x00, 0x00, 0x00, 0x00, 0x00, 0x00, 0x00, 0x00, 0x00,
        0x00, 0x00, 0x00, 0x00, 0x00, 0x00, 0x00, 0x00, 0x00, 0x00, 0x00, 0x00, 0x00, 0x00, 0x00, 0x00,
        0x00, 0x00, 0x00, 0x00, 0x00, 0x00, 0x00, 0x00, 0x00, 0x00, 0x00, 0x00, 0x00, 0x00, 0x00, 0x00,
        0x00, 0x00, 0x00, 0x00, 0x00, 0x00, 0x00, 0x00, 0x00, 0x00, 0x00, 0x00, 0x00, 0x00, 0x00, 0x00,
        0x00, 0x00, 0x00, 0x00, 0x00, 0x00, 0x00, 0x00, 0x00, 0x00, 0x00, 0x00, 0x00, 0x00, 0x00, 0x00,
        0x00, 0x00, 0x00, 0x00, 0x00, 0x00, 0x00, 0x00, 0x00, 0x00, 0x00, 0x00, 0x00, 0x00, 0x00, 0x00,
    },
    // Frame 10 (delay: 180ms)
    {
        0x00, 0x00, 0x00, 0x00, 0x00, 0x00, 0x00, 0x00, 0x00, 0x00, 0x00, 0x00, 0x00, 0x00, 0x00, 0x00,
        0x00, 0x00, 0x00, 0x00, 0x00, 0x00, 0x00, 0x00, 0x00, 0x00, 0x00, 0x00, 0x00, 0x00, 0x00, 0x00,
        0x00, 0x00, 0x00, 0x00, 0x00, 0x00, 0x00, 0x00, 0x00, 0x00, 0x00, 0x00, 0x00, 0x00, 0x00, 0x00,
        0x00, 0x00, 0x00, 0x00, 0x00, 0x00, 0x00, 0x00, 0x00, 0x00, 0x00, 0x00, 0x00, 0x00, 0x00, 0x00,
        0x0C, 0x4A, 0xC8, 0xE1, 0x59, 0xDC, 0x00, 0x00, 0x00, 0x00, 0x00, 0x00, 0x00, 0x00, 0x00, 0x00,
        0x0A, 0xAA, 0xA8, 0x81, 0x95, 0x10, 0x00, 0x00, 0x00, 0x00, 0x00, 0x00, 0x00, 0x00, 0x00, 0x00,
        0x0A, 0xAA, 0xC8, 0xC1, 0x15, 0x98, 0x00, 0x00, 0x00, 0x00, 0x00, 0x00, 0x00, 0x00, 0x00, 0x00,
        0x0A, 0xAA, 0xA8, 0x81, 0x95, 0x10, 0x00, 0x00, 0x00, 0x00, 0x00, 0x00, 0x00, 0x00, 0x00, 0x00,
        0x0C, 0x44, 0xCE, 0xE1, 0x55, 0xDC, 0x00, 0x01, 0x54, 0x00, 0x00, 0x00, 0x00, 0x00, 0x00, 0x00,
        0x00, 0x00, 0x00, 0x00, 0x00, 0x00, 0x08, 0x0A, 0xA8, 0x00, 0x00, 0x00, 0x00, 0x00, 0x00, 0x00,
        0x00, 0x00, 0x00, 0x00, 0x00, 0x00, 0x54, 0x51, 0x58, 0x00, 0x00, 0x00, 0x00, 0x00, 0x00, 0x00,
        0x00, 0x00, 0x00, 0x00, 0x00, 0x03, 0xFA, 0xAA, 0x08, 0x00, 0x00, 0x00, 0x00, 0x00, 0x00, 0x00,
        0x00, 0x00, 0x00, 0x00, 0x00, 0x05, 0x5F, 0x5F, 0xC7, 0xE0, 0x00, 0x00, 0x00, 0x00, 0x00, 0x00,
        0x00, 0x00, 0x00, 0x00, 0x00, 0x08, 0x2F, 0xAF, 0xEF, 0xF0, 0x00, 0x00, 0x00, 0x00, 0x00, 0x00,
        0x00, 0x00, 0x00, 0x00, 0x00, 0x04, 0x55, 0xD7, 0xF7, 0xC0, 0x00, 0x00, 0x00, 0x00, 0x00, 0x00,
        0x00, 0x00, 0x00, 0x00, 0x00, 0x00, 0xAA, 0xEB, 0xEB, 0x80, 0x00, 0x00, 0x00, 0x00, 0x00, 0x00,
        0x00, 0x00, 0x00, 0x00, 0x00, 0x05, 0x55, 0x7D, 0x17, 0x00, 0x00, 0x00, 0x00, 0x00, 0x00, 0x00,
        0x00, 0x00, 0x00, 0x00, 0x00, 0x02, 0xAA, 0xBA, 0x8A, 0x80, 0x00, 0x00, 0x00, 0x00, 0x00, 0x00,
        0x00, 0x00, 0x00, 0x00, 0x00, 0x05, 0x55, 0x1D, 0x55, 0x00, 0x00, 0x00, 0x00, 0x00, 0x00, 0x00,
        0x00, 0x00, 0x00, 0x00, 0x00, 0x0A, 0xAA, 0x2A, 0xAA, 0x80, 0x00, 0x00, 0x00, 0x00, 0x00, 0x00,
        0x00, 0x00, 0x00, 0x00, 0x00, 0x55, 0x54, 0x15, 0x51, 0x00, 0x00, 0x00, 0x00, 0x00, 0x00, 0x00,
        0x00, 0x00, 0x00, 0x00, 0x00, 0xAA, 0xAA, 0xAA, 0xA8, 0x00, 0x00, 0x00, 0x00, 0x00, 0x00, 0x00,
        0x00, 0x00, 0x00, 0x00, 0x00, 0x55, 0x55, 0x55, 0x51, 0x01, 0x40, 0x00, 0x00, 0x00, 0x00, 0x00,
        0x00, 0x00, 0x00, 0x00, 0x00, 0xAA, 0x82, 0xAA, 0xA8, 0xE3, 0xA0, 0x00, 0x00, 0x00, 0x00, 0x00,
        0x00, 0x00, 0x00, 0x00, 0x00, 0x7F, 0x01, 0x55, 0x51, 0xF7, 0xF0, 0x00, 0x00, 0x00, 0x00, 0x00,
        0x00, 0x00, 0x00, 0x00, 0x00, 0xFF, 0x80, 0xAA, 0xA0, 0xAA, 0xB0, 0x00, 0x00, 0x00, 0x00, 0x00,
        0x00, 0x00, 0x00, 0x00, 0x01, 0x7F, 0x40, 0x05, 0x51, 0x55, 0xF0, 0x00, 0x00, 0x00, 0x00, 0x00,
        0x00, 0x00, 0x00, 0x00, 0x00, 0xFF, 0x80, 0x2A, 0x0A, 0xAB, 0xF0, 0x00, 0x00, 0x00, 0x00, 0x00,
        0x00, 0x00, 0x00, 0x00, 0x01, 0x77, 0xF0, 0x10, 0x55, 0x57, 0xF0, 0x00, 0x00, 0x00, 0x00, 0x00,
        0x00, 0x00, 0x00, 0x00, 0x02, 0x2F, 0xE8, 0x02, 0xAA, 0xAF, 0xE0, 0x00, 0x00, 0x00, 0x00, 0x00,
        0x00, 0x00, 0x00, 0x00, 0x04, 0x1F, 0xD0, 0x01, 0x55, 0x57, 0xF0, 0x00, 0x00, 0x00, 0x00, 0x00,
        0x00, 0x00, 0x00, 0x00, 0x08, 0x0F, 0xE0, 0x0A, 0xAA, 0xAF, 0xF8, 0x00, 0x00, 0x00, 0x00, 0x00,
        0x00, 0x00, 0x00, 0x00, 0x50, 0x05, 0x70, 0x15, 0x55, 0x5F, 0xF8, 0x00, 0x00, 0x00, 0x00, 0x00,
        0x00, 0x00, 0x00, 0x00, 0xA0, 0x0B, 0xA0, 0x2A, 0xAA, 0xAF, 0xF8, 0x00, 0x00, 0x00, 0x00, 0x00,
        0x00, 0x00, 0x00, 0x01, 0x40, 0x05, 0x00, 0x55, 0x55, 0x57, 0xFC, 0x00, 0x00, 0x00, 0x00, 0x00,
        0x00, 0x00, 0x00, 0x02, 0x80, 0x00, 0x00, 0x2A, 0xAA, 0xAB, 0xFC, 0x00, 0x00, 0x00, 0x00, 0x00,
        0x00, 0x00, 0x00, 0x15, 0x00, 0x00, 0x00, 0x15, 0x55, 0x55, 0xFC, 0x00, 0x00, 0x00, 0x00, 0x00,
        0x00, 0x00, 0x00, 0x2A, 0x00, 0x80, 0x00, 0x0A, 0xAA, 0xAA, 0xBE, 0x00, 0x00, 0x00, 0x00, 0x00,
        0x00, 0x00, 0x00, 0x54, 0x01, 0x00, 0x00, 0x05, 0x15, 0x55, 0x5E, 0x00, 0x00, 0x00, 0x00, 0x00,
        0x00, 0x00, 0x00, 0xA8, 0x02, 0x80, 0x00, 0x00, 0x2A, 0xAA, 0xAB, 0x80, 0x00, 0x00, 0x00, 0x00,
        0x00, 0x00, 0x01, 0x50, 0x05, 0x00, 0x00, 0x00, 0x15, 0x55, 0x47, 0xF0, 0x00, 0x00, 0x00, 0x00,
        0x00, 0x00, 0x02, 0xA0, 0x0A, 0x00, 0x00, 0x00, 0x0A, 0xAA, 0xE3, 0xF8, 0x00, 0x00, 0x00, 0x00,
        0x00, 0x00, 0x05, 0x40, 0x55, 0x00, 0x00, 0x00, 0x05, 0x55, 0x41, 0xF1, 0x00, 0x00, 0x00, 0x00,
        0x00, 0x00, 0x0A, 0x80, 0xAA, 0x00, 0x00, 0x00, 0x02, 0x8A, 0xA0, 0xF2, 0x00, 0x00, 0x00, 0x00,
        0x00, 0x00, 0x15, 0x05, 0x54, 0x00, 0x00, 0x00, 0x00, 0x05, 0x7C, 0x00, 0x00, 0x00, 0x00, 0x00,
        0x00, 0x00, 0x0A, 0x02, 0xA8, 0x00, 0x00, 0x00, 0x00, 0x02, 0xEE, 0x00, 0x00, 0x00, 0x00, 0x00,
        0x00, 0x00, 0x14, 0x01, 0x54, 0x00, 0x00, 0x00, 0x00, 0x05, 0x57, 0x00, 0x00, 0x00, 0x00, 0x00,
        0x00, 0x00, 0x0A, 0x00, 0xAA, 0x00, 0x00, 0x00, 0x00, 0x02, 0xBA, 0x00, 0x00, 0x00, 0x00, 0x00,
        0x00, 0x00, 0x14, 0x00, 0x55, 0x00, 0x00, 0x00, 0x00, 0x01, 0x57, 0x00, 0x00, 0x00, 0x00, 0x00,
        0x00, 0x00, 0x08, 0x00, 0x00, 0x00, 0x00, 0x00, 0x00, 0x00, 0xAA, 0x80, 0x40, 0x00, 0x00, 0x00,
        0x00, 0x00, 0x14, 0x00, 0x00, 0x00, 0x00, 0x00, 0x00, 0x00, 0x05, 0x55, 0xC0, 0x00, 0x00, 0x00,
        0x00, 0x00, 0x08, 0x00, 0x00, 0x00, 0x00, 0x00, 0x00, 0x00, 0x02, 0xAF, 0xE8, 0x00, 0x00, 0x00,
        0x00, 0x00, 0x00, 0x00, 0x00, 0x00, 0x00, 0x00, 0x00, 0x00, 0x01, 0x5F, 0xC0, 0x00, 0x00, 0x00,
        0x00, 0x00, 0x00, 0x00, 0x00, 0x00, 0x00, 0x00, 0x00, 0x00, 0x00, 0x80, 0x00, 0x00, 0x00, 0x00,
        0x00, 0x00, 0x00, 0x00, 0x00, 0x00, 0x00, 0x00, 0x00, 0x00, 0x00, 0x00, 0x00, 0x00, 0x00, 0x00,
        0x00, 0x00, 0x00, 0x00, 0x00, 0x00, 0x00, 0x00, 0x00, 0x00, 0x00, 0x00, 0x00, 0x00, 0x00, 0x00,
        0x00, 0x00, 0x00, 0x00, 0x00, 0x00, 0x00, 0x00, 0x00, 0x00, 0x00, 0x00, 0x00, 0x00, 0x00, 0x00,
        0x00, 0x00, 0x00, 0x00, 0x00, 0x00, 0x00, 0x00, 0x00, 0x00, 0x00, 0x00, 0x00, 0x00, 0x00, 0x00,
        0x00, 0x00, 0x00, 0x00, 0x00, 0x00, 0x00, 0x00, 0x00, 0x00, 0x00, 0x00, 0x00, 0x00, 0x00, 0x00,
        0x00, 0x00, 0x00, 0x00, 0x00, 0x00, 0x00, 0x00, 0x00, 0x00, 0x00, 0x00, 0x00, 0x00, 0x00, 0x00,
        0x00, 0x00, 0x00, 0x00, 0x00, 0x00, 0x00, 0x00, 0x00, 0x00, 0x00, 0x00, 0x00, 0x00, 0x00, 0x00,
        0x00, 0x00, 0x00, 0x00, 0x00, 0x00, 0x00, 0x00, 0x00, 0x00, 0x00, 0x00, 0x00, 0x00, 0x00, 0x00,
        0x00, 0x00, 0x00, 0x00, 0x00, 0x00, 0x00, 0x00, 0x00, 0x00, 0x00, 0x00, 0x00, 0x00, 0x00, 0x00,
        0x00, 0x00, 0x00, 0x00, 0x00, 0x00, 0x00, 0x00, 0x00, 0x00, 0x00, 0x00, 0x00, 0x00, 0x00, 0x00,
    },
    // Frame 11 (delay: 100ms)
    {
        0x00, 0x00, 0x00, 0x00, 0x00, 0x00, 0x00, 0x00, 0x00, 0x00, 0x00, 0x00, 0x00, 0x00, 0x00, 0x00,
        0x00, 0x00, 0x00, 0x00, 0x00, 0x00, 0x00, 0x00, 0x00, 0x00, 0x00, 0x00, 0x00, 0x00, 0x00, 0x00,
        0x00, 0x00, 0x00, 0x00, 0x00, 0x00, 0x00, 0x00, 0x00, 0x00, 0x00, 0x00, 0x00, 0x00, 0x00, 0x00,
        0x00, 0x00, 0x00, 0x00, 0x00, 0x00, 0x00, 0x00, 0x00, 0x00, 0x00, 0x00, 0x00, 0x00, 0x00, 0x00,
        0x0C, 0x4A, 0xC8, 0xE1, 0x59, 0xDC, 0x00, 0x00, 0x00, 0x00, 0x00, 0x00, 0x00, 0x00, 0x00, 0x00,
        0x0A, 0xAA, 0xA8, 0x81, 0x95, 0x10, 0x00, 0x00, 0x00, 0x00, 0x00, 0x00, 0x00, 0x00, 0x00, 0x00,
        0x0A, 0xAA, 0xC8, 0xC1, 0x15, 0x98, 0x00, 0x00, 0x00, 0x00, 0x00, 0x00, 0x00, 0x00, 0x00, 0x00,
        0x0A, 0xAA, 0xA8, 0x81, 0x95, 0x10, 0x00, 0x00, 0x00, 0x00, 0x00, 0x00, 0x00, 0x00, 0x00, 0x00,
        0x0C, 0x44, 0xCE, 0xE1, 0x55, 0xDC, 0x00, 0x00, 0x00, 0x00, 0x00, 0x00, 0x00, 0x00, 0x00, 0x00,
        0x00, 0x00, 0x00, 0x00, 0x00, 0x00, 0x00, 0x00, 0x00, 0x00, 0x00, 0x00, 0x00, 0x00, 0x00, 0x00,
        0x00, 0x00, 0x00, 0x00, 0x00, 0x00, 0x00, 0x00, 0x00, 0x00, 0x00, 0x00, 0x00, 0x00, 0x00, 0x00,
        0x00, 0x00, 0x00, 0x00, 0x00, 0x00, 0x00, 0x00, 0x00, 0x00, 0x00, 0x00, 0x00, 0x00, 0x00, 0x00,
        0x00, 0x00, 0x00, 0x00, 0x00, 0x00, 0x00, 0x00, 0x00, 0x00, 0x00, 0x00, 0x00, 0x00, 0x00, 0x00,
        0x00, 0x00, 0x00, 0x00, 0x00, 0x00, 0x00, 0x00, 0x00, 0x00, 0x00, 0x00, 0x00, 0x00, 0x00, 0x00,
        0x00, 0x00, 0x00, 0x00, 0x00, 0x00, 0x00, 0x00, 0x00, 0x00, 0x00, 0x00, 0x00, 0x00, 0x00, 0x00,
        0x00, 0x00, 0x00, 0x00, 0x00, 0x00, 0x00, 0x00, 0x00, 0x00, 0x00, 0x00, 0x00, 0x00, 0x00, 0x00,
        0x00, 0x00, 0x00, 0x00, 0x00, 0x00, 0x00, 0x00, 0x00, 0x00, 0x00, 0x00, 0x00, 0x00, 0x00, 0x00,
        0x00, 0x00, 0x00, 0x00, 0x00, 0x01, 0xFA, 0x00, 0x00, 0x00, 0x00, 0x00, 0x00, 0x00, 0x00, 0x00,
        0x00, 0x00, 0x00, 0x00, 0x00, 0x03, 0x5D, 0x51, 0x54, 0x00, 0x00, 0x00, 0x00, 0x00, 0x00, 0x00,
        0x00, 0x00, 0x00, 0x00, 0x00, 0x02, 0x2F, 0xAA, 0x2A, 0x80, 0x00, 0x00, 0x00, 0x00, 0x00, 0x00,
        0x00, 0x00, 0x00, 0x00, 0x00, 0x00, 0x57, 0x54, 0x15, 0x00, 0x00, 0x00, 0x00, 0x00, 0x00, 0x00,
        0x00, 0x00, 0x00, 0x00, 0x00, 0x02, 0xAB, 0xAB, 0x82, 0x00, 0x00, 0x00, 0x00, 0x00, 0x00, 0x00,
        0x00, 0x00, 0x00, 0x00, 0x00, 0x05, 0x55, 0xD7, 0xE1, 0x80, 0x00, 0x00, 0x00, 0x00, 0x00, 0x00,
        0x00, 0x00, 0x00, 0x00, 0x00, 0x0A, 0xAA, 0xEB, 0xFB, 0xE0, 0x00, 0x00, 0x00, 0x00, 0x00, 0x00,
        0x00, 0x00, 0x00, 0x00, 0x00, 0x15, 0x55, 0xD5, 0xF5, 0xE0, 0x00, 0x00, 0x00, 0x00, 0x00, 0x00,
        0x00, 0x00, 0x00, 0x00, 0x00, 0x2A, 0xAA, 0xFA, 0xEB, 0xF0, 0x00, 0x00, 0x00, 0x00, 0x00, 0x00,
        0x00, 0x00, 0x00, 0x00, 0x00, 0x55, 0x51, 0x75, 0x57, 0x50, 0x00, 0x00, 0x00, 0x00, 0x00, 0x00,
        0x00, 0x00, 0x00, 0x00, 0x00, 0xAA, 0xA2, 0xAA, 0x2E, 0x00, 0x00, 0x00, 0x00, 0x00, 0x00, 0x00,
        0x00, 0x00, 0x00, 0x00, 0x01, 0x55, 0x45, 0x55, 0x54, 0x00, 0x00, 0x00, 0x00, 0x00, 0x00, 0x00,
        0x00, 0x00, 0x00, 0x00, 0x00, 0xAA, 0x0A, 0xAA, 0x22, 0x00, 0x00, 0x00, 0x00, 0x00, 0x00, 0x00,
        0x00, 0x00, 0x00, 0x00, 0x01, 0x5F, 0x55, 0x54, 0x5F, 0x00, 0x00, 0x00, 0x00, 0x00, 0x00, 0x00,
        0x00, 0x00, 0x00, 0x00, 0x02, 0xBF, 0xAA, 0xA0, 0xBF, 0x00, 0x00, 0x00, 0x00, 0x00, 0x00, 0x00,
        0x00, 0x00, 0x00, 0x00, 0x04, 0x7F, 0xD0, 0x01, 0x1D, 0x00, 0x00, 0x00, 0x00, 0x00, 0x00, 0x00,
        0x00, 0x00, 0x00, 0x00, 0x28, 0x3E, 0xE8, 0x00, 0x2F, 0xE0, 0x00, 0x00, 0x00, 0x00, 0x00, 0x00,
        0x00, 0x00, 0x00, 0x05, 0x50, 0x5D, 0xFF, 0x51, 0x1D, 0xF0, 0x00, 0x00, 0x00, 0x00, 0x00, 0x00,
        0x00, 0x00, 0x00, 0x2A, 0xA0, 0xAB, 0xFA, 0x0A, 0xA2, 0xA8, 0x00, 0x00, 0x00, 0x00, 0x00, 0x00,
        0x00, 0x00, 0x00, 0x55, 0x01, 0x57, 0xFC, 0x55, 0x51, 0x54, 0x00, 0x00, 0x00, 0x00, 0x00, 0x00,
        0x00, 0x00, 0x02, 0xAA, 0x02, 0xAB, 0xFA, 0xAA, 0xAA, 0xB8, 0x00, 0x00, 0x00, 0x00, 0x00, 0x00,
        0x00, 0x00, 0x05, 0x50, 0x01, 0x55, 0xFD, 0x55, 0x55, 0x10, 0x00, 0x00, 0x00, 0x00, 0x00, 0x00,
        0x00, 0x00, 0x0A, 0x80, 0x02, 0xAA, 0xA8, 0xAA, 0xAA, 0x20, 0x00, 0x00, 0x00, 0x00, 0x00, 0x00,
        0x00, 0x00, 0x14, 0x00, 0x05, 0x55, 0x41, 0x55, 0x54, 0x70, 0x00, 0x00, 0x00, 0x00, 0x00, 0x00,
        0x00, 0x00, 0x00, 0x00, 0x02, 0xAA, 0x80, 0x02, 0xAA, 0xE0, 0x00, 0x00, 0x00, 0x00, 0x00, 0x00,
        0x00, 0x00, 0x10, 0x00, 0x07, 0x55, 0x01, 0x45, 0x51, 0xC0, 0x00, 0x00, 0x00, 0x00, 0x00, 0x00,
        0x00, 0x00, 0x20, 0x00, 0x0F, 0xAA, 0x80, 0xA0, 0xAA, 0x80, 0x00, 0x00, 0x00, 0x00, 0x00, 0x00,
        0x00, 0x00, 0x00, 0x00, 0x1F, 0xF5, 0x01, 0x50, 0x5D, 0x00, 0x00, 0x00, 0x00, 0x00, 0x00, 0x00,
        0x00, 0x00, 0x20, 0x00, 0x3F, 0xE0, 0x00, 0xAA, 0xFE, 0x00, 0x00, 0x00, 0x00, 0x00, 0x00, 0x00,
        0x00, 0x00, 0x00, 0x00, 0x7F, 0xD4, 0x00, 0x51, 0x74, 0x00, 0x00, 0x00, 0x00, 0x00, 0x00, 0x00,
        0x00, 0x00, 0x00, 0x00, 0x3F, 0xF2, 0x00, 0x22, 0xE0, 0x00, 0x00, 0x00, 0x00, 0x00, 0x00, 0x00,
        0x00, 0x00, 0x00, 0x00, 0x7F, 0xF4, 0x00, 0x01, 0x40, 0x00, 0x00, 0x00, 0x00, 0x00, 0x00, 0x00,
        0x00, 0x00, 0x00, 0x00, 0x3E, 0x88, 0x00, 0x00, 0xB0, 0x00, 0x00, 0x00, 0x00, 0x00, 0x00, 0x00,
        0x00, 0x00, 0x00, 0x00, 0x1C, 0x50, 0x00, 0x00, 0x7D, 0x00, 0x00, 0x00, 0x00, 0x00, 0x00, 0x00,
        0x00, 0x00, 0x00, 0x00, 0x38, 0xA0, 0x00, 0x00, 0x38, 0x00, 0x00, 0x00, 0x00, 0x00, 0x00, 0x00,
        0x00, 0x00, 0x00, 0x00, 0x7C, 0x00, 0x00, 0x00, 0x11, 0x00, 0x00, 0x00, 0x00, 0x00, 0x00, 0x00,
        0x00, 0x00, 0x00, 0x00, 0xFC, 0x00, 0x00, 0x00, 0x00, 0x00, 0x00, 0x00, 0x00, 0x00, 0x00, 0x00,
        0x00, 0x00, 0x00, 0x01, 0xDC, 0x00, 0x00, 0x00, 0x00, 0x00, 0x00, 0x00, 0x00, 0x00, 0x00, 0x00,
        0x00, 0x00, 0x00, 0x00, 0x02, 0x00, 0x00, 0x00, 0x00, 0x00, 0x00, 0x00, 0x00, 0x00, 0x00, 0x00,
        0x00, 0x00, 0x00, 0x00, 0x50, 0x00, 0x00, 0x00, 0x00, 0x00, 0x00, 0x00, 0x00, 0x00, 0x00, 0x00,
        0x00, 0x00, 0x00, 0x00, 0x20, 0x00, 0x00, 0x00, 0x00, 0x00, 0x00, 0x00, 0x00, 0x00, 0x00, 0x00,
        0x00, 0x00, 0x00, 0x00, 0x00, 0x00, 0x00, 0x00, 0x00, 0x00, 0x00, 0x00, 0x00, 0x00, 0x00, 0x00,
        0x00, 0x00, 0x00, 0x00, 0x00, 0x00, 0x00, 0x00, 0x00, 0x00, 0x00, 0x00, 0x00, 0x00, 0x00, 0x00,
        0x00, 0x00, 0x00, 0x00, 0x00, 0x00, 0x00, 0x00, 0x00, 0x00, 0x00, 0x00, 0x00, 0x00, 0x00, 0x00,
        0x00, 0x00, 0x00, 0x00, 0x00, 0x00, 0x00, 0x00, 0x00, 0x00, 0x00, 0x00, 0x00, 0x00, 0x00, 0x00,
        0x00, 0x00, 0x00, 0x00, 0x00, 0x00, 0x00, 0x00, 0x00, 0x00, 0x00, 0x00, 0x00, 0x00, 0x00, 0x00,
        0x00, 0x00, 0x00, 0x00, 0x00, 0x00, 0x00, 0x00, 0x00, 0x00, 0x00, 0x00, 0x00, 0x00, 0x00, 0x00,
    },
    // Frame 12 (delay: 100ms)
    {
        0x00, 0x00, 0x00, 0x00, 0x00, 0x00, 0x00, 0x00, 0x00, 0x00, 0x00, 0x00, 0x00, 0x00, 0x00, 0x00,
        0x00, 0x00, 0x00, 0x00, 0x00, 0x00, 0x00, 0x00, 0x00, 0x00, 0x00, 0x00, 0x00, 0x00, 0x00, 0x00,
        0x00, 0x00, 0x00, 0x00, 0x00, 0x00, 0x00, 0x00, 0x00, 0x00, 0x00, 0x00, 0x00, 0x00, 0x00, 0x00,
        0x00, 0x00, 0x00, 0x00, 0x00, 0x00, 0x00, 0x00, 0x00, 0x00, 0x00, 0x00, 0x00, 0x00, 0x00, 0x00,
        0x0C, 0x4A, 0xC8, 0xE1, 0x59, 0xDC, 0x00, 0x00, 0x00, 0x00, 0x00, 0x00, 0x00, 0x00, 0x00, 0x00,
        0x0A, 0xAA, 0xA8, 0x81, 0x95, 0x10, 0x00, 0x00, 0x00, 0x00, 0x00, 0x00, 0x00, 0x00, 0x00, 0x00,
        0x0A, 0xAA, 0xC8, 0xC1, 0x15, 0x98, 0x00, 0x00, 0x00, 0x00, 0x00, 0x00, 0x00, 0x00, 0x00, 0x00,
        0x0A, 0xAA, 0xA8, 0x81, 0x95, 0x10, 0x00, 0x00, 0x00, 0x00, 0x00, 0x00, 0x00, 0x00, 0x00, 0x00,
        0x0C, 0x44, 0xCE, 0xE1, 0x55, 0xDC, 0x00, 0x00, 0x00, 0x00, 0x00, 0x00, 0x00, 0x00, 0x00, 0x00,
        0x00, 0x00, 0x00, 0x00, 0x00, 0x00, 0x00, 0x00, 0x00, 0x00, 0x00, 0x00, 0x00, 0x00, 0x00, 0x00,
        0x00, 0x00, 0x00, 0x00, 0x00, 0x00, 0x00, 0x00, 0x00, 0x00, 0x00, 0x00, 0x00, 0x00, 0x00, 0x00,
        0x00, 0x00, 0x00, 0x00, 0x00, 0x00, 0x00, 0x00, 0x00, 0x00, 0x00, 0x00, 0x00, 0x00, 0x00, 0x00,
        0x00, 0x00, 0x00, 0x00, 0x00, 0x00, 0x00, 0x00, 0x00, 0x00, 0x00, 0x00, 0x00, 0x00, 0x00, 0x00,
        0x00, 0x00, 0x00, 0x00, 0x00, 0x00, 0x00, 0x00, 0x00, 0x00, 0x00, 0x00, 0x00, 0x00, 0x00, 0x00,
        0x00, 0x00, 0x00, 0x00, 0x00, 0x00, 0x0A, 0xA0, 0x00, 0x00, 0x00, 0x00, 0x00, 0x00, 0x00, 0x00,
        0x00, 0x00, 0x00, 0x00, 0x00, 0x00, 0x55, 0x40, 0x00, 0x00, 0x00, 0x00, 0x00, 0x00, 0x00, 0x00,
        0x00, 0x00, 0x00, 0x00, 0x00, 0x00, 0x02, 0xA0, 0x00, 0x00, 0x00, 0x00, 0x00, 0x00, 0x00, 0x00,
        0x00, 0x00, 0x00, 0x00, 0x01, 0x54, 0x54, 0x00, 0x00, 0x00, 0x00, 0x00, 0x00, 0x00, 0x00, 0x00,
        0x00, 0x00, 0x00, 0x00, 0x0B, 0xFA, 0xFE, 0x20, 0x00, 0x00, 0x00, 0x00, 0x00, 0x00, 0x00, 0x00,
        0x00, 0x00, 0x00, 0x00, 0x1F, 0xFF, 0x7F, 0xDE, 0x00, 0x00, 0x00, 0x00, 0x00, 0x00, 0x00, 0x00,
        0x00, 0x00, 0x00, 0x00, 0x20, 0xAF, 0xAF, 0xAF, 0x80, 0x00, 0x00, 0x00, 0x00, 0x00, 0x00, 0x00,
        0x00, 0x00, 0x00, 0x00, 0x45, 0x57, 0xD7, 0xDF, 0xE0, 0x00, 0x00, 0x00, 0x00, 0x00, 0x00, 0x00,
        0x00, 0x00, 0x00, 0x02, 0xAA, 0xAB, 0xAA, 0xFF, 0xF0, 0x00, 0x00, 0x00, 0x00, 0x00, 0x00, 0x00,
        0x00, 0x00, 0x00, 0x05, 0x15, 0x55, 0xD7, 0x55, 0x50, 0x00, 0x00, 0x00, 0x00, 0x00, 0x00, 0x00,
        0x00, 0x00, 0x00, 0x0A, 0x0A, 0xAA, 0xAF, 0xAA, 0x00, 0x00, 0x00, 0x00, 0x00, 0x00, 0x00, 0x00,
        0x00, 0x00, 0x00, 0x14, 0x05, 0x55, 0x5F, 0xD5, 0x00, 0x00, 0x00, 0x00, 0x00, 0x00, 0x00, 0x00,
        0x00, 0x00, 0x00, 0x2A, 0x0A, 0xAA, 0xBF, 0xEA, 0x82, 0x00, 0x00, 0x00, 0x00, 0x00, 0x00, 0x00,
        0x00, 0x00, 0x00, 0x14, 0x05, 0x55, 0x7F, 0xD5, 0x47, 0x00, 0x00, 0x00, 0x00, 0x00, 0x00, 0x00,
        0x00, 0x00, 0x00, 0x28, 0x02, 0xAA, 0xBF, 0xEA, 0xAB, 0x80, 0x00, 0x00, 0x00, 0x00, 0x00, 0x00,
        0x00, 0x00, 0x00, 0x50, 0x05, 0x55, 0x5D, 0x05, 0x75, 0xC0, 0x00, 0x00, 0x00, 0x00, 0x00, 0x00,
        0x00, 0x00, 0x00, 0x28, 0x02, 0xAA, 0xAA, 0x2A, 0xEE, 0xC0, 0x00, 0x00, 0x00, 0x00, 0x00, 0x00,
        0x00, 0x00, 0x00, 0x50, 0x00, 0x55, 0x50, 0x15, 0xF5, 0x40, 0x00, 0x00, 0x00, 0x00, 0x00, 0x00,
        0x00, 0x00, 0x00, 0xA0, 0x00, 0x2A, 0xA0, 0x0A, 0xEB, 0x80, 0x00, 0x00, 0x00, 0x00, 0x00, 0x00,
        0x00, 0x00, 0x00, 0x50, 0x00, 0x15, 0x50, 0x05, 0x55, 0x00, 0x00, 0x00, 0x00, 0x00, 0x00, 0x00,
        0x00, 0x00, 0x00, 0xA0, 0x00, 0x80, 0xA8, 0x02, 0xA8, 0x00, 0x00, 0x00, 0x00, 0x00, 0x00, 0x00,
        0x00, 0x00, 0x01, 0x40, 0x01, 0x51, 0x55, 0x55, 0x50, 0x00, 0x00, 0x00, 0x00, 0x00, 0x00, 0x00,
        0x00, 0x00, 0x00, 0xA0, 0x02, 0xAA, 0x0A, 0xAA, 0xA0, 0x00, 0x00, 0x00, 0x00, 0x00, 0x00, 0x00,
        0x00, 0x00, 0x01, 0x40, 0x05, 0x55, 0x01, 0x55, 0x52, 0x00, 0x00, 0x00, 0x00, 0x00, 0x00, 0x00,
        0x00, 0x00, 0x02, 0x80, 0x02, 0xAA, 0x22, 0xAA, 0xAB, 0x80, 0x00, 0x00, 0x00, 0x00, 0x00, 0x00,
        0x00, 0x00, 0x01, 0x40, 0x05, 0x54, 0x55, 0x55, 0x51, 0x00, 0x00, 0x00, 0x00, 0x00, 0x00, 0x00,
        0x00, 0x00, 0x02, 0x80, 0x0A, 0xAA, 0xA2, 0xAA, 0xAF, 0x80, 0x00, 0x00, 0x00, 0x00, 0x00, 0x00,
        0x00, 0x00, 0x05, 0x00, 0x05, 0x55, 0x01, 0x55, 0x5F, 0x00, 0x00, 0x00, 0x00, 0x00, 0x00, 0x00,
        0x00, 0x00, 0x02, 0x80, 0x0A, 0xAA, 0x0A, 0xAA, 0x8A, 0x80, 0x00, 0x00, 0x00, 0x00, 0x00, 0x00,
        0x00, 0x00, 0x05, 0x00, 0x15, 0xD5, 0x00, 0x55, 0x55, 0x00, 0x00, 0x00, 0x00, 0x00, 0x00, 0x00,
        0x00, 0x00, 0x0A, 0x80, 0x2B, 0xEA, 0x00, 0x02, 0xFA, 0x00, 0x00, 0x00, 0x00, 0x00, 0x00, 0x00,
        0x00, 0x00, 0x15, 0x00, 0x75, 0xF5, 0x00, 0x05, 0xF4, 0x00, 0x00, 0x00, 0x00, 0x00, 0x00, 0x00,
        0x00, 0x00, 0x0A, 0x00, 0xFF, 0xFE, 0x00, 0x02, 0xA0, 0x00, 0x00, 0x00, 0x00, 0x00, 0x00, 0x00,
        0x00, 0x00, 0x15, 0x00, 0x7F, 0xF4, 0x00, 0x01, 0x50, 0x00, 0x00, 0x00, 0x00, 0x00, 0x00, 0x00,
        0x00, 0x00, 0x2A, 0x00, 0xFE, 0xE8, 0x00, 0x00, 0xFA, 0x00, 0x00, 0x00, 0x00, 0x00, 0x00, 0x00,
        0x00, 0x00, 0x54, 0x01, 0x7F, 0xF4, 0x00, 0x00, 0xFC, 0x00, 0x00, 0x00, 0x00, 0x00, 0x00, 0x00,
        0x00, 0x00, 0xA8, 0x02, 0xFA, 0xA8, 0x00, 0x00, 0x38, 0x00, 0x00, 0x00, 0x00, 0x00, 0x00, 0x00,
        0x00, 0x00, 0x54, 0x07, 0xD5, 0x54, 0x00, 0x00, 0x10, 0x00, 0x00, 0x00, 0x00, 0x00, 0x00, 0x00,
        0x00, 0x00, 0xA8, 0x3F, 0x8A, 0xA8, 0x00, 0x00, 0x00, 0x00, 0x00, 0x00, 0x00, 0x00, 0x00, 0x00,
        0x00, 0x00, 0x50, 0x75, 0x05, 0x54, 0x00, 0x00, 0x00, 0x00, 0x00, 0x00, 0x00, 0x00, 0x00, 0x00,
        0x00, 0x00, 0x20, 0x08, 0x02, 0xA8, 0x00, 0x00, 0x00, 0x00, 0x00, 0x00, 0x00, 0x00, 0x00, 0x00,
        0x00, 0x00, 0x40, 0x04, 0x00, 0x50, 0x00, 0x00, 0x00, 0x00, 0x00, 0x00, 0x00, 0x00, 0x00, 0x00,
        0x00, 0x00, 0x80, 0x08, 0x00, 0x00, 0x00, 0x00, 0x00, 0x00, 0x00, 0x00, 0x00, 0x00, 0x00, 0x00,
        0x00, 0x00, 0x00, 0x00, 0x00, 0x00, 0x00, 0x00, 0x00, 0x00, 0x00, 0x00, 0x00, 0x00, 0x00, 0x00,
        0x00, 0x00, 0x00, 0x00, 0x00, 0x00, 0x00, 0x00, 0x00, 0x00, 0x00, 0x00, 0x00, 0x00, 0x00, 0x00,
        0x00, 0x00, 0x00, 0x00, 0x00, 0x00, 0x00, 0x00, 0x00, 0x00, 0x00, 0x00, 0x00, 0x00, 0x00, 0x00,
        0x00, 0x00, 0x00, 0x00, 0x00, 0x00, 0x00, 0x00, 0x00, 0x00, 0x00, 0x00, 0x00, 0x00, 0x00, 0x00,
        0x00, 0x00, 0x00, 0x00, 0x00, 0x00, 0x00, 0x00, 0x00, 0x00, 0x00, 0x00, 0x00, 0x00, 0x00, 0x00,
        0x00, 0x00, 0x00, 0x00, 0x00, 0x00, 0x00, 0x00, 0x00, 0x00, 0x00, 0x00, 0x00, 0x00, 0x00, 0x00,
        0x00, 0x00, 0x00, 0x00, 0x00, 0x00, 0x00, 0x00, 0x00, 0x00, 0x00, 0x00, 0x00, 0x00, 0x00, 0x00,
    },
    // Frame 13 (delay: 140ms)
    {
        0x00, 0x00, 0x00, 0x00, 0x00, 0x00, 0x00, 0x00, 0x00, 0x00, 0x00, 0x00, 0x00, 0x00, 0x00, 0x00,
        0x00, 0x00, 0x00, 0x00, 0x00, 0x00, 0x00, 0x00, 0x00, 0x00, 0x00, 0x00, 0x00, 0x00, 0x00, 0x00,
        0x00, 0x00, 0x00, 0x00, 0x00, 0x00, 0x00, 0x00, 0x00, 0x00, 0x00, 0x00, 0x00, 0x00, 0x00, 0x00,
        0x00, 0x00, 0x00, 0x00, 0x00, 0x00, 0x00, 0x00, 0x00, 0x00, 0x00, 0x00, 0x00, 0x00, 0x00, 0x00,
        0x0C, 0x4A, 0xC8, 0xE1, 0x59, 0xDC, 0x00, 0x00, 0x00, 0x00, 0x00, 0x00, 0x00, 0x00, 0x00, 0x00,
        0x0A, 0xAA, 0xA8, 0x81, 0x95, 0x10, 0x00, 0x00, 0x00, 0x00, 0x00, 0x00, 0x00, 0x00, 0x00, 0x00,
        0x0A, 0xAA, 0xC8, 0xC1, 0x15, 0x98, 0x00, 0x00, 0x00, 0x00, 0x00, 0x00, 0x00, 0x00, 0x00, 0x00,
        0x0A, 0xAA, 0xA8, 0x81, 0x95, 0x10, 0x00, 0x00, 0x00, 0x00, 0x00, 0x00, 0x00, 0x00, 0x00, 0x00,
        0x0C, 0x44, 0xCE, 0xE1, 0x55, 0xDC, 0x00, 0x00, 0x00, 0x00, 0x00, 0x00, 0x00, 0x00, 0x00, 0x00,
        0x00, 0x00, 0x00, 0x00, 0x00, 0x00, 0x00, 0x00, 0x00, 0x00, 0x00, 0x00, 0x00, 0x00, 0x00, 0x00,
        0x00, 0x00, 0x00, 0x00, 0x00, 0x00, 0x00, 0x00, 0x00, 0x00, 0x00, 0x00, 0x00, 0x00, 0x00, 0x00,
        0x00, 0x00, 0x00, 0x00, 0x00, 0x00, 0x05, 0x50, 0x00, 0x00, 0x00, 0x00, 0x00, 0x00, 0x00, 0x00,
        0x00, 0x00, 0x00, 0x00, 0x00, 0x00, 0xAA, 0xA0, 0x00, 0x00, 0x00, 0x00, 0x00, 0x00, 0x00, 0x00,
        0x00, 0x00, 0x00, 0x00, 0x00, 0x00, 0x05, 0x40, 0x00, 0x00, 0x00, 0x00, 0x00, 0x00, 0x00, 0x00,
        0x00, 0x00, 0x00, 0x00, 0x02, 0xA8, 0xA8, 0x00, 0x00, 0x00, 0x00, 0x00, 0x00, 0x00, 0x00, 0x00,
        0x00, 0x00, 0x00, 0x00, 0x0F, 0xF5, 0x7F, 0x00, 0x00, 0x00, 0x00, 0x00, 0x00, 0x00, 0x00, 0x00,
        0x00, 0x00, 0x00, 0x00, 0x3F, 0xFE, 0xBF, 0xAC, 0x00, 0x00, 0x00, 0x00, 0x00, 0x00, 0x00, 0x00,
        0x00, 0x00, 0x00, 0x00, 0x41, 0x5F, 0x5F, 0x5F, 0x80, 0x00, 0x00, 0x00, 0x00, 0x00, 0x00, 0x00,
        0x00, 0x00, 0x00, 0x00, 0x8A, 0xAB, 0xAF, 0xBF, 0xE0, 0x00, 0x00, 0x00, 0x00, 0x00, 0x00, 0x00,
        0x00, 0x00, 0x00, 0x01, 0x55, 0x55, 0x57, 0xFF, 0xE0, 0x00, 0x00, 0x00, 0x00, 0x00, 0x00, 0x00,
        0x00, 0x00, 0x00, 0x02, 0x2A, 0xAA, 0xAF, 0xAA, 0x20, 0x00, 0x00, 0x00, 0x00, 0x00, 0x00, 0x00,
        0x00, 0x00, 0x00, 0x04, 0x15, 0x55, 0x5F, 0xD4, 0x00, 0x00, 0x00, 0x00, 0x00, 0x00, 0x00, 0x00,
        0x00, 0x00, 0x00, 0x0A, 0x0A, 0xAA, 0xBF, 0xEA, 0x00, 0x00, 0x00, 0x00, 0x00, 0x00, 0x00, 0x00,
        0x00, 0x00, 0x00, 0x14, 0x05, 0x55, 0x7F, 0xD5, 0x04, 0x00, 0x00, 0x00, 0x00, 0x00, 0x00, 0x00,
        0x00, 0x00, 0x00, 0x28, 0x0A, 0xAA, 0xBF, 0xAA, 0x8F, 0x00, 0x00, 0x00, 0x00, 0x00, 0x00, 0x00,
        0x00, 0x00, 0x00, 0x50, 0x05, 0x55, 0x5D, 0x55, 0x57, 0x00, 0x00, 0x00, 0x00, 0x00, 0x00, 0x00,
        0x00, 0x00, 0x00, 0xA8, 0x02, 0xAA, 0xA8, 0x0A, 0xEB, 0x80, 0x00, 0x00, 0x00, 0x00, 0x00, 0x00,
        0x00, 0x00, 0x00, 0x50, 0x01, 0x55, 0x51, 0x55, 0xDD, 0x00, 0x00, 0x00, 0x00, 0x00, 0x00, 0x00,
        0x00, 0x00, 0x00, 0xA0, 0x00, 0xAA, 0xA2, 0x2B, 0xEA, 0x80, 0x00, 0x00, 0x00, 0x00, 0x00, 0x00,
        0x00, 0x00, 0x01, 0x40, 0x00, 0x55, 0x00, 0x15, 0xD5, 0x00, 0x00, 0x00, 0x00, 0x00, 0x00, 0x00,
        0x00, 0x00, 0x00, 0xA0, 0x00, 0x00, 0xA0, 0x0A, 0xAA, 0x00, 0x00, 0x00, 0x00, 0x00, 0x00, 0x00,
        0x00, 0x00, 0x01, 0x40, 0x01, 0x01, 0x54, 0x05, 0x70, 0x00, 0x00, 0x00, 0x00, 0x00, 0x00, 0x00,
        0x00, 0x00, 0x02, 0x80, 0x02, 0xAA, 0xAA, 0x20, 0x20, 0x00, 0x00, 0x00, 0x00, 0x00, 0x00, 0x00,
        0x00, 0x00, 0x01, 0x40, 0x05, 0x55, 0x14, 0x54, 0x00, 0x00, 0x00, 0x00, 0x00, 0x00, 0x00, 0x00,
        0x00, 0x00, 0x02, 0x80, 0x0A, 0xAA, 0x88, 0xAA, 0x80, 0x00, 0x00, 0x00, 0x00, 0x00, 0x00, 0x00,
        0x00, 0x00, 0x01, 0x40, 0x15, 0x55, 0x01, 0x55, 0x50, 0x00, 0x00, 0x00, 0x00, 0x00, 0x00, 0x00,
        0x00, 0x00, 0x02, 0x80, 0x2A, 0xAA, 0x22, 0xAA, 0xAC, 0x00, 0x00, 0x00, 0x00, 0x00, 0x00, 0x00,
        0x00, 0x00, 0x05, 0x00, 0x15, 0x54, 0x45, 0x55, 0x56, 0x00, 0x00, 0x00, 0x00, 0x00, 0x00, 0x00,
        0x00, 0x00, 0x02, 0x80, 0x2A, 0xA8, 0x00, 0xAA, 0xA2, 0x00, 0x00, 0x00, 0x00, 0x00, 0x00, 0x00,
        0x00, 0x00, 0x05, 0x00, 0x55, 0x54, 0x05, 0x55, 0x5F, 0x00, 0x00, 0x00, 0x00, 0x00, 0x00, 0x00,
        0x00, 0x00, 0x0A, 0x80, 0xAA, 0xA8, 0x00, 0xAA, 0x3E, 0x00, 0x00, 0x00, 0x00, 0x00, 0x00, 0x00,
        0x00, 0x00, 0x15, 0x00, 0x55, 0x50, 0x00, 0x55, 0x55, 0x00, 0x00, 0x00, 0x00, 0x00, 0x00, 0x00,
        0x00, 0x00, 0x2A, 0x02, 0xFA, 0xA8, 0x20, 0x02, 0xEA, 0x00, 0x00, 0x00, 0x00, 0x00, 0x00, 0x00,
        0x00, 0x00, 0x15, 0x07, 0x7F, 0x50, 0x50, 0x05, 0xDD, 0x00, 0x00, 0x00, 0x00, 0x00, 0x00, 0x00,
        0x00, 0x00, 0x2A, 0x03, 0xFE, 0xA0, 0xA8, 0x02, 0xFE, 0x00, 0x00, 0x00, 0x00, 0x00, 0x00, 0x00,
        0x00, 0x00, 0x55, 0x07, 0xFD, 0x01, 0x50, 0x01, 0x74, 0x00, 0x00, 0x00, 0x00, 0x00, 0x00, 0x00,
        0x00, 0x00, 0x2A, 0x07, 0xFF, 0x02, 0xA8, 0x02, 0xE0, 0x00, 0x00, 0x00, 0x00, 0x00, 0x00, 0x00,
        0x00, 0x00, 0x55, 0x07, 0xFF, 0x05, 0x50, 0x05, 0x40, 0x00, 0x00, 0x00, 0x00, 0x00, 0x00, 0x00,
        0x00, 0x00, 0x2A, 0x03, 0xFE, 0x0A, 0xA8, 0x00, 0xB0, 0x00, 0x00, 0x00, 0x00, 0x00, 0x00, 0x00,
        0x00, 0x00, 0x14, 0x07, 0xD0, 0x05, 0x50, 0x00, 0xFD, 0x00, 0x00, 0x00, 0x00, 0x00, 0x00, 0x00,
        0x00, 0x00, 0x2A, 0x0E, 0x80, 0x0A, 0xA8, 0x00, 0xF8, 0x00, 0x00, 0x00, 0x00, 0x00, 0x00, 0x00,
        0x00, 0x00, 0x14, 0x3F, 0x00, 0x15, 0x54, 0x00, 0x31, 0x00, 0x00, 0x00, 0x00, 0x00, 0x00, 0x00,
        0x00, 0x00, 0x0A, 0xFF, 0x00, 0x0A, 0xA8, 0x00, 0x00, 0x00, 0x00, 0x00, 0x00, 0x00, 0x00, 0x00,
        0x00, 0x00, 0x14, 0x07, 0x00, 0x01, 0x50, 0x00, 0x00, 0x00, 0x00, 0x00, 0x00, 0x00, 0x00, 0x00,
        0x00, 0x00, 0x08, 0x02, 0x00, 0x00, 0x00, 0x00, 0x00, 0x00, 0x00, 0x00, 0x00, 0x00, 0x00, 0x00,
        0x00, 0x00, 0x04, 0x14, 0x00, 0x00, 0x00, 0x00, 0x00, 0x00, 0x00, 0x00, 0x00, 0x00, 0x00, 0x00,
        0x00, 0x00, 0x00, 0x00, 0x00, 0x00, 0x00, 0x00, 0x00, 0x00, 0x00, 0x00, 0x00, 0x00, 0x00, 0x00,
        0x00, 0x00, 0x04, 0x10, 0x00, 0x00, 0x00, 0x00, 0x00, 0x00, 0x00, 0x00, 0x00, 0x00, 0x00, 0x00,
        0x00, 0x00, 0x00, 0x00, 0x00, 0x00, 0x00, 0x00, 0x00, 0x00, 0x00, 0x00, 0x00, 0x00, 0x00, 0x00,
        0x00, 0x00, 0x00, 0x00, 0x00, 0x00, 0x00, 0x00, 0x00, 0x00, 0x00, 0x00, 0x00, 0x00, 0x00, 0x00,
        0x00, 0x00, 0x00, 0x00, 0x00, 0x00, 0x00, 0x00, 0x00, 0x00, 0x00, 0x00, 0x00, 0x00, 0x00, 0x00,
        0x00, 0x00, 0x00, 0x00, 0x00, 0x00, 0x00, 0x00, 0x00, 0x00, 0x00, 0x00, 0x00, 0x00, 0x00, 0x00,
        0x00, 0x00, 0x00, 0x00, 0x00, 0x00, 0x00, 0x00, 0x00, 0x00, 0x00, 0x00, 0x00, 0x00, 0x00, 0x00,
        0x00, 0x00, 0x00, 0x00, 0x00, 0x00, 0x00, 0x00, 0x00, 0x00, 0x00, 0x00, 0x00, 0x00, 0x00, 0x00,
    },
    // Frame 14 (delay: 110ms)
    {
        0x00, 0x00, 0x00, 0x00, 0x00, 0x00, 0x00, 0x00, 0x00, 0x00, 0x00, 0x00, 0x00, 0x00, 0x00, 0x00,
        0x00, 0x00, 0x00, 0x00, 0x00, 0x00, 0x00, 0x00, 0x00, 0x00, 0x00, 0x00, 0x00, 0x00, 0x00, 0x00,
        0x00, 0x00, 0x00, 0x00, 0x00, 0x00, 0x00, 0x00, 0x00, 0x00, 0x00, 0x00, 0x00, 0x00, 0x00, 0x00,
        0x00, 0x00, 0x00, 0x00, 0x00, 0x00, 0x00, 0x00, 0x00, 0x00, 0x00, 0x00, 0x00, 0x00, 0x00, 0x00,
        0x0C, 0x6A, 0x6A, 0x40, 0xD9, 0x4D, 0x5D, 0x80, 0x00, 0x00, 0x00, 0x00, 0x00, 0x00, 0x00, 0x00,
        0x0A, 0x8A, 0x8A, 0xA1, 0x15, 0x51, 0x51, 0x40, 0x00, 0x00, 0x00, 0x00, 0x00, 0x00, 0x00, 0x00,
        0x0C, 0x44, 0x8E, 0xA1, 0x19, 0x49, 0xD9, 0x80, 0x00, 0x00, 0x00, 0x00, 0x00, 0x00, 0x00, 0x00,
        0x08, 0x24, 0x8A, 0xA1, 0x15, 0x45, 0x51, 0x40, 0x00, 0x00, 0x00, 0x00, 0x00, 0x00, 0x00, 0x00,
        0x08, 0xC4, 0x6A, 0x40, 0xD4, 0x99, 0x5D, 0x40, 0x00, 0x00, 0x00, 0x00, 0x00, 0x00, 0x00, 0x00,
        0x00, 0x00, 0x00, 0x00, 0x00, 0x00, 0x00, 0x00, 0x00, 0x00, 0x00, 0x00, 0x00, 0x00, 0x00, 0x00,
        0x00, 0x00, 0x00, 0x00, 0x00, 0x00, 0x00, 0x00, 0x00, 0x00, 0x00, 0x00, 0x00, 0x00, 0x00, 0x00,
        0x00, 0x00, 0xAA, 0xBF, 0xEE, 0xA0, 0x00, 0x00, 0x00, 0x00, 0x00, 0x00, 0x00, 0x00, 0x00, 0x00,
        0x00, 0x00, 0x01, 0x55, 0x5F, 0x54, 0x00, 0x00, 0x00, 0x00, 0x00, 0x00, 0x00, 0x00, 0x00, 0x00,
        0x00, 0x00, 0x00, 0x00, 0x00, 0x28, 0xAA, 0x80, 0x00, 0x00, 0x00, 0x00, 0x00, 0x00, 0x00, 0x00,
        0x00, 0x00, 0x00, 0x00, 0x00, 0x00, 0x00, 0x00, 0x00, 0x00, 0x00, 0x00, 0x00, 0x00, 0x00, 0x00,
        0x00, 0x00, 0x00, 0x00, 0x00, 0x00, 0x00, 0x00, 0x00, 0x00, 0x00, 0x00, 0x00, 0x00, 0x00, 0x00,
        0x00, 0x00, 0x00, 0x00, 0x00, 0x00, 0x00, 0x00, 0x00, 0x00, 0x00, 0x00, 0x00, 0x00, 0x00, 0x00,
        0x00, 0x00, 0x00, 0x00, 0x00, 0x00, 0x00, 0x00, 0x00, 0x00, 0x00, 0x00, 0x00, 0x00, 0x00, 0x00,
        0x00, 0x00, 0x01, 0x40, 0x00, 0x00, 0x00, 0x00, 0x00, 0x00, 0x00, 0x00, 0x00, 0x00, 0x18, 0x00,
        0x00, 0x00, 0x00, 0x00, 0x00, 0x00, 0x1F, 0xFF, 0xFF, 0x80, 0x00, 0x00, 0x00, 0x00, 0xEE, 0x00,
        0x00, 0x05, 0x55, 0x55, 0x50, 0x00, 0xFF, 0x55, 0x57, 0xFC, 0x00, 0x00, 0x04, 0x1F, 0xFF, 0x00,
        0x00, 0x00, 0xAA, 0xAA, 0xFE, 0xA3, 0xAA, 0xAA, 0xAA, 0xAF, 0x80, 0x00, 0x02, 0xBF, 0xFF, 0x80,
        0x00, 0x00, 0x15, 0x57, 0xFD, 0x75, 0x55, 0x55, 0x55, 0x55, 0x78, 0x00, 0x00, 0x7F, 0xFF, 0x80,
        0x00, 0x0A, 0x0A, 0x00, 0x2A, 0xAA, 0xAA, 0xAA, 0xAA, 0xAA, 0xAE, 0x00, 0x00, 0x6F, 0xFF, 0xC0,
        0x00, 0x00, 0x00, 0x00, 0x07, 0x55, 0x55, 0x55, 0x55, 0x55, 0x55, 0xDF, 0xD1, 0x67, 0xFF, 0xC0,
        0x00, 0x00, 0x00, 0x00, 0x0E, 0xBA, 0xAA, 0xAA, 0xAA, 0xAA, 0xAA, 0xFF, 0xFC, 0x7F, 0xFF, 0xE0,
        0x00, 0x00, 0x00, 0x00, 0x1F, 0xFF, 0xD5, 0x55, 0x55, 0xFD, 0x55, 0x5F, 0xFF, 0xFF, 0xFF, 0xE0,
        0x0A, 0xAA, 0xBA, 0xA0, 0x38, 0x0F, 0xFF, 0xEB, 0xFF, 0xFF, 0xEA, 0xBA, 0xEB, 0xFF, 0xFF, 0xF0,
        0x00, 0x14, 0x54, 0x00, 0x7F, 0x3D, 0x5F, 0xD5, 0x57, 0xDF, 0xF7, 0x7F, 0xD5, 0xF7, 0xFF, 0xF0,
        0x00, 0x00, 0x00, 0x00, 0xEB, 0xEA, 0xAE, 0xFE, 0xFF, 0xEB, 0xEF, 0xFF, 0xEB, 0xFB, 0xFF, 0xF0,
        0x00, 0x00, 0x00, 0x01, 0x55, 0x55, 0x55, 0xFF, 0xFF, 0xD7, 0xFF, 0x7F, 0xF5, 0x7D, 0x7F, 0xF0,
        0x00, 0x00, 0x00, 0x06, 0xAA, 0xAA, 0xAF, 0xFF, 0xFF, 0xAF, 0xFF, 0xBF, 0xFF, 0xFF, 0xFF, 0xF0,
        0x00, 0x00, 0x00, 0x0D, 0x57, 0x7F, 0x7F, 0xFF, 0xFF, 0xDF, 0xFF, 0xDF, 0xFF, 0xDF, 0xFF, 0xF0,
        0x00, 0x00, 0x00, 0x3A, 0xEB, 0xFF, 0xFF, 0xFF, 0xFF, 0xAF, 0xFF, 0xFB, 0xFF, 0xFF, 0xFF, 0xF0,
        0x00, 0x00, 0x00, 0x77, 0xFD, 0xFF, 0x7F, 0xFF, 0xFF, 0x5F, 0xFF, 0xFF, 0xFF, 0xDF, 0xFF, 0xF0,
        0x00, 0x28, 0x28, 0x6B, 0xBF, 0xEF, 0xBF, 0xFF, 0xFF, 0xAF, 0xFF, 0xFF, 0xFF, 0xFA, 0xFF, 0xF0,
        0x05, 0x55, 0x7D, 0x55, 0x70, 0x7D, 0x5F, 0xFF, 0xF7, 0x5F, 0xDF, 0xFF, 0xDF, 0xD5, 0xFF, 0xF0,
        0x00, 0x00, 0x00, 0x6A, 0xE0, 0x0E, 0xBF, 0xFF, 0xFB, 0xAE, 0xFF, 0xFB, 0xBF, 0xAF, 0xFF, 0xE0,
        0x00, 0x00, 0x00, 0x3F, 0x50, 0x03, 0xFF, 0xFF, 0x55, 0x5F, 0xDF, 0xFF, 0xD3, 0xFF, 0xFF, 0xE0,
        0x00, 0x00, 0x00, 0x06, 0x00, 0x00, 0xFE, 0xFF, 0xFA, 0xFF, 0xFB, 0xFA, 0x00, 0xBF, 0xBF, 0xC0,
        0x00, 0x15, 0x14, 0x00, 0x55, 0x40, 0x3F, 0xFF, 0x0F, 0xC0, 0x3F, 0xC0, 0x00, 0x1F, 0x7F, 0xC0,
        0x00, 0x00, 0x2A, 0xAB, 0xFE, 0xA8, 0x00, 0x00, 0x00, 0x00, 0x00, 0x00, 0x02, 0xFE, 0xFF, 0x80,
        0x00, 0x00, 0x15, 0x55, 0xFF, 0x50, 0x00, 0x00, 0x00, 0x00, 0x00, 0x00, 0x01, 0x17, 0xFF, 0x80,
        0x00, 0x0A, 0xAA, 0xAB, 0xA0, 0x00, 0x00, 0x00, 0x00, 0x00, 0x00, 0x00, 0x00, 0x0B, 0xFF, 0x00,
        0x00, 0x00, 0x04, 0x00, 0x00, 0x00, 0x00, 0x00, 0x00, 0x00, 0x00, 0x00, 0x00, 0x01, 0xED, 0x00,
        0x00, 0x00, 0x02, 0xA0, 0x00, 0x00, 0x00, 0x00, 0x00, 0x00, 0x00, 0x00, 0x00, 0x03, 0xAA, 0x00,
        0x00, 0x00, 0x00, 0x00, 0x00, 0x00, 0x00, 0x00, 0x00, 0x00, 0x00, 0x00, 0x00, 0x00, 0x00, 0x00,
        0x00, 0x00, 0x00, 0x00, 0x00, 0x00, 0x00, 0x00, 0x00, 0x00, 0x00, 0x00, 0x00, 0x00, 0x00, 0x00,
        0x00, 0x00, 0x00, 0x00, 0x00, 0x00, 0x00, 0x00, 0x00, 0x00, 0x00, 0x00, 0x00, 0x00, 0x00, 0x00,
        0x00, 0x00, 0x00, 0x00, 0x00, 0x00, 0x00, 0x00, 0x00, 0x00, 0x00, 0x00, 0x00, 0x00, 0x00, 0x00,
        0x00, 0x00, 0x00, 0x00, 0x00, 0x10, 0x55, 0x00, 0x00, 0x00, 0x00, 0x00, 0x00, 0x00, 0x00, 0x00,
        0x00, 0x00, 0x00, 0xAA, 0xBE, 0xA8, 0x00, 0x00, 0x00, 0x00, 0x00, 0x00, 0x00, 0x00, 0x00, 0x00,
        0x00, 0x01, 0x55, 0x5F, 0xFD, 0x40, 0x00, 0x00, 0x00, 0x00, 0x00, 0x00, 0x00, 0x00, 0x00, 0x00,
        0x00, 0x00, 0x00, 0x00, 0x00, 0x00, 0x00, 0x00, 0x00, 0x00, 0x00, 0x00, 0x00, 0x00, 0x00, 0x00,
        0x00, 0x00, 0x00, 0x00, 0x00, 0x00, 0x00, 0x00, 0x00, 0x00, 0x00, 0x00, 0x00, 0x00, 0x00, 0x00,
        0x00, 0x00, 0x00, 0x00, 0x00, 0x00, 0x00, 0x00, 0x00, 0x00, 0x00, 0x00, 0x00, 0x00, 0x00, 0x00,
        0x00, 0x00, 0x00, 0x00, 0x00, 0x00, 0x00, 0x00, 0x00, 0x00, 0x00, 0x00, 0x00, 0x00, 0x00, 0x00,
        0x00, 0x00, 0x00, 0x00, 0x00, 0x00, 0x00, 0x00, 0x00, 0x00, 0x00, 0x00, 0x00, 0x00, 0x00, 0x00,
        0x00, 0x00, 0x00, 0x00, 0x00, 0x00, 0x00, 0x00, 0x00, 0x00, 0x00, 0x00, 0x00, 0x00, 0x00, 0x00,
        0x00, 0x00, 0x00, 0x00, 0x00, 0x00, 0x00, 0x00, 0x00, 0x00, 0x00, 0x00, 0x00, 0x00, 0x00, 0x00,
        0x00, 0x00, 0x00, 0x00, 0x00, 0x00, 0x00, 0x00, 0x00, 0x00, 0x00, 0x00, 0x00, 0x00, 0x00, 0x00,
        0x00, 0x00, 0x00, 0x00, 0x00, 0x00, 0x00, 0x00, 0x00, 0x00, 0x00, 0x00, 0x00, 0x00, 0x00, 0x00,
        0x00, 0x00, 0x00, 0x00, 0x00, 0x00, 0x00, 0x00, 0x00, 0x00, 0x00, 0x00, 0x00, 0x00, 0x00, 0x00,
        0x00, 0x00, 0x00, 0x00, 0x00, 0x00, 0x00, 0x00, 0x00, 0x00, 0x00, 0x00, 0x00, 0x00, 0x00, 0x00,
    },
    // Frame 15 (delay: 110ms)
    {
        0x00, 0x00, 0x00, 0x00, 0x00, 0x00, 0x00, 0x00, 0x00, 0x00, 0x00, 0x00, 0x00, 0x00, 0x00, 0x00,
        0x00, 0x00, 0x00, 0x00, 0x00, 0x00, 0x00, 0x00, 0x00, 0x00, 0x00, 0x00, 0x00, 0x00, 0x00, 0x00,
        0x00, 0x00, 0x00, 0x00, 0x00, 0x00, 0x00, 0x00, 0x00, 0x00, 0x00, 0x00, 0x00, 0x00, 0x00, 0x00,
        0x00, 0x00, 0x00, 0x00, 0x00, 0x00, 0x00, 0x00, 0x00, 0x00, 0x00, 0x00, 0x00, 0x00, 0x00, 0x00,
        0x0C, 0x6A, 0x6A, 0x40, 0xD9, 0x4D, 0x5D, 0x80, 0x00, 0x00, 0x00, 0x00, 0x00, 0x00, 0x00, 0x00,
        0x0A, 0x8A, 0x8A, 0xA1, 0x15, 0x51, 0x51, 0x40, 0x00, 0x00, 0x00, 0x00, 0x00, 0x00, 0x00, 0x00,
        0x0C, 0x44, 0x8E, 0xA1, 0x19, 0x49, 0xD9, 0x80, 0x00, 0x00, 0x00, 0x00, 0x00, 0x00, 0x00, 0x00,
        0x08, 0x24, 0x8A, 0xA1, 0x15, 0x45, 0x5B, 0xC0, 0x00, 0x00, 0x00, 0x00, 0x00, 0x00, 0x00, 0x00,
        0x08, 0xC4, 0x6A, 0x40, 0xD4, 0x99, 0x5D, 0x54, 0x00, 0x00, 0x00, 0x00, 0x00, 0x00, 0x00, 0x00,
        0x00, 0x00, 0x00, 0x00, 0x00, 0x00, 0x00, 0x2A, 0xA0, 0x00, 0x00, 0x00, 0x00, 0x00, 0x00, 0x00,
        0x00, 0x00, 0x00, 0x00, 0x00, 0x00, 0x00, 0x05, 0x7D, 0x00, 0x00, 0x00, 0x00, 0x00, 0x00, 0x00,
        0x00, 0x00, 0x00, 0x00, 0x00, 0x00, 0x00, 0x00, 0x2F, 0xA0, 0x00, 0x00, 0x00, 0x00, 0x00, 0x00,
        0x00, 0x00, 0x00, 0x00, 0x00, 0x00, 0x00, 0x00, 0x05, 0xFC, 0x00, 0x00, 0x00, 0x00, 0x00, 0x00,
        0x00, 0x00, 0x00, 0x00, 0x00, 0x00, 0x00, 0x0A, 0x80, 0x2F, 0xE0, 0x00, 0x00, 0x00, 0x00, 0x00,
        0x00, 0x00, 0x00, 0x00, 0x00, 0x01, 0x55, 0x05, 0x55, 0x01, 0xF0, 0x00, 0x00, 0x00, 0x00, 0x00,
        0x00, 0x00, 0x00, 0x00, 0x00, 0x00, 0xAF, 0xFF, 0xBF, 0xA0, 0x3E, 0x00, 0x00, 0x00, 0x00, 0x00,
        0x00, 0x00, 0x00, 0x00, 0x00, 0x00, 0x15, 0xFF, 0xFF, 0xFD, 0x05, 0x40, 0x00, 0x00, 0x00, 0x00,
        0x00, 0x00, 0x00, 0x00, 0x00, 0x00, 0x2A, 0xFF, 0xFF, 0xFF, 0xA0, 0xA0, 0x00, 0x00, 0x00, 0x00,
        0x00, 0x00, 0x00, 0x00, 0x00, 0x00, 0x05, 0xFF, 0xFF, 0xFD, 0x70, 0x10, 0x00, 0x00, 0x00, 0x00,
        0x00, 0x00, 0x00, 0x00, 0x00, 0x00, 0x0B, 0xFF, 0xFF, 0xFF, 0x88, 0x00, 0x00, 0x00, 0x00, 0x00,
        0x00, 0x00, 0x00, 0x00, 0x00, 0x01, 0x55, 0xFF, 0xFF, 0xFF, 0xF4, 0x00, 0x00, 0x00, 0x00, 0x00,
        0x00, 0x00, 0x00, 0x00, 0x00, 0x00, 0xAB, 0xFF, 0xFF, 0xFF, 0xFE, 0x00, 0x00, 0x00, 0x00, 0x00,
        0x00, 0x00, 0x00, 0x00, 0x00, 0x00, 0x55, 0x7F, 0xFF, 0xFF, 0xFF, 0x80, 0x00, 0x00, 0x00, 0x00,
        0x00, 0x00, 0x00, 0x00, 0x00, 0x00, 0x0A, 0xBF, 0xFF, 0xFF, 0xFF, 0xE0, 0x00, 0x00, 0x00, 0x00,
        0x00, 0x00, 0x00, 0x00, 0x00, 0x1D, 0x5F, 0xFF, 0xFF, 0xFF, 0xFF, 0x70, 0x00, 0x00, 0x00, 0x00,
        0x00, 0x00, 0x00, 0xE0, 0x00, 0xAB, 0xFF, 0xFF, 0xFF, 0xAB, 0xF8, 0x80, 0x00, 0x00, 0x00, 0x00,
        0x00, 0x00, 0x01, 0xF8, 0x05, 0x5F, 0xFF, 0xFF, 0xFF, 0xFD, 0xFC, 0xFC, 0x00, 0x00, 0x00, 0x00,
        0x00, 0x00, 0x02, 0xAC, 0x03, 0xAF, 0xFF, 0xFF, 0xFF, 0xFF, 0xEF, 0xEB, 0x80, 0x00, 0x00, 0x00,
        0x00, 0x00, 0x03, 0x57, 0x55, 0x57, 0xFF, 0xFF, 0xFF, 0xFF, 0xFF, 0xFD, 0xFC, 0x00, 0x00, 0x00,
        0x00, 0x00, 0x03, 0xBF, 0xAF, 0xAA, 0xFF, 0xFF, 0xFF, 0xBF, 0xFF, 0xEE, 0xBC, 0x00, 0x00, 0x00,
        0x00, 0x00, 0x01, 0xDF, 0x7F, 0xD7, 0xFF, 0xFF, 0xFF, 0xF7, 0x7F, 0xFF, 0xFF, 0x00, 0x00, 0x00,
        0x00, 0x00, 0x00, 0xEA, 0xEF, 0xAA, 0xFF, 0xFF, 0xFF, 0xFB, 0xBF, 0xFF, 0xFF, 0x80, 0x00, 0x00,
        0x00, 0x00, 0x00, 0x35, 0x55, 0x55, 0x7F, 0xFF, 0xFF, 0xF7, 0xFF, 0xFF, 0xFF, 0x00, 0x00, 0x00,
        0x00, 0x00, 0x00, 0x1A, 0xBA, 0xAB, 0xFF, 0xFF, 0xFF, 0xFF, 0xFA, 0xBE, 0xFF, 0x80, 0x00, 0x00,
        0x00, 0x00, 0x00, 0x1F, 0x7D, 0x55, 0xFF, 0xFF, 0xFF, 0xFF, 0xF5, 0x77, 0xFF, 0x80, 0x00, 0x00,
        0x00, 0x00, 0x00, 0x03, 0xAA, 0xAF, 0xFF, 0xFF, 0xFF, 0xAB, 0xAA, 0xBE, 0x6B, 0x80, 0x00, 0x00,
        0x00, 0x00, 0x00, 0x01, 0x7D, 0x57, 0xFF, 0xFF, 0xFF, 0xF5, 0xFD, 0xC0, 0x7F, 0x00, 0x00, 0x00,
        0x00, 0x00, 0x00, 0x01, 0xAA, 0xAF, 0xFF, 0xFF, 0xFF, 0xFB, 0xFF, 0x20, 0x18, 0x00, 0x00, 0x00,
        0x00, 0x00, 0x00, 0x00, 0xD5, 0x57, 0xFF, 0xFF, 0xFF, 0xDF, 0xF5, 0x40, 0x00, 0x00, 0x00, 0x00,
        0x00, 0x00, 0x00, 0x00, 0x3E, 0xAA, 0xAF, 0xFF, 0xFF, 0xFF, 0xFE, 0xA8, 0x00, 0x00, 0x00, 0x00,
        0x00, 0x00, 0x00, 0x00, 0x07, 0xD5, 0x55, 0x7F, 0xFF, 0xFF, 0xFF, 0xC0, 0x00, 0x00, 0x00, 0x00,
        0x00, 0x00, 0x00, 0x00, 0x00, 0xFA, 0xAA, 0xFF, 0xFF, 0xFF, 0xFF, 0x80, 0x00, 0x00, 0x00, 0x00,
        0x00, 0x00, 0x00, 0x00, 0x00, 0x3F, 0x57, 0xFF, 0xFF, 0xFF, 0xFE, 0x00, 0x00, 0x00, 0x00, 0x00,
        0x00, 0x00, 0x00, 0x00, 0x00, 0x02, 0xAB, 0xFF, 0xFF, 0xFF, 0xF8, 0x00, 0x00, 0x00, 0x00, 0x00,
        0x00, 0x00, 0x00, 0x00, 0x00, 0x00, 0x15, 0xFF, 0xFF, 0xFF, 0xC4, 0x04, 0x00, 0x00, 0x00, 0x00,
        0x00, 0x00, 0x00, 0x00, 0x00, 0x00, 0x0B, 0xFF, 0xFF, 0xFE, 0xB8, 0x28, 0x00, 0x00, 0x00, 0x00,
        0x00, 0x00, 0x00, 0x00, 0x00, 0x00, 0x15, 0x7F, 0xFF, 0xFF, 0xC1, 0x50, 0x00, 0x00, 0x00, 0x00,
        0x00, 0x00, 0x00, 0x00, 0x00, 0x00, 0x2B, 0xFF, 0xFF, 0xFA, 0x0B, 0x80, 0x00, 0x00, 0x00, 0x00,
        0x00, 0x00, 0x00, 0x00, 0x00, 0x00, 0x57, 0xFD, 0xDF, 0x50, 0x5D, 0x00, 0x00, 0x00, 0x00, 0x00,
        0x00, 0x00, 0x00, 0x00, 0x00, 0x02, 0xAA, 0x8A, 0xAA, 0x02, 0xF8, 0x00, 0x00, 0x00, 0x00, 0x00,
        0x00, 0x00, 0x00, 0x00, 0x00, 0x00, 0x00, 0x15, 0x00, 0x17, 0x40, 0x00, 0x00, 0x00, 0x00, 0x00,
        0x00, 0x00, 0x00, 0x00, 0x00, 0x00, 0x00, 0x08, 0x02, 0xFA, 0x00, 0x00, 0x00, 0x00, 0x00, 0x00,
        0x00, 0x00, 0x00, 0x00, 0x00, 0x00, 0x00, 0x00, 0x57, 0xD0, 0x00, 0x00, 0x00, 0x00, 0x00, 0x00,
        0x00, 0x00, 0x00, 0x00, 0x00, 0x00, 0x00, 0x0A, 0xFA, 0x00, 0x00, 0x00, 0x00, 0x00, 0x00, 0x00,
        0x00, 0x00, 0x00, 0x00, 0x00, 0x00, 0x00, 0x55, 0x50, 0x00, 0x00, 0x00, 0x00, 0x00, 0x00, 0x00,
        0x00, 0x00, 0x00, 0x00, 0x00, 0x00, 0x02, 0xAA, 0x00, 0x00, 0x00, 0x00, 0x00, 0x00, 0x00, 0x00,
        0x00, 0x00, 0x00, 0x00, 0x00, 0x00, 0x15, 0x40, 0x00, 0x00, 0x00, 0x00, 0x00, 0x00, 0x00, 0x00,
        0x00, 0x00, 0x00, 0x00, 0x00, 0x00, 0x00, 0x00, 0x00, 0x00, 0x00, 0x00, 0x00, 0x00, 0x00, 0x00,
        0x00, 0x00, 0x00, 0x00, 0x00, 0x00, 0x00, 0x00, 0x00, 0x00, 0x00, 0x00, 0x00, 0x00, 0x00, 0x00,
        0x00, 0x00, 0x00, 0x00, 0x00, 0x00, 0x00, 0x00, 0x00, 0x00, 0x00, 0x00, 0x00, 0x00, 0x00, 0x00,
        0x00, 0x00, 0x00, 0x00, 0x00, 0x00, 0x00, 0x00, 0x00, 0x00, 0x00, 0x00, 0x00, 0x00, 0x00, 0x00,
        0x00, 0x00, 0x00, 0x00, 0x00, 0x00, 0x00, 0x00, 0x00, 0x00, 0x00, 0x00, 0x00, 0x00, 0x00, 0x00,
        0x00, 0x00, 0x00, 0x00, 0x00, 0x00, 0x00, 0x00, 0x00, 0x00, 0x00, 0x00, 0x00, 0x00, 0x00, 0x00,
        0x00, 0x00, 0x00, 0x00, 0x00, 0x00, 0x00, 0x00, 0x00, 0x00, 0x00, 0x00, 0x00, 0x00, 0x00, 0x00,
    },
    // Frame 16 (delay: 110ms)
    {
        0x00, 0x00, 0x00, 0x00, 0x00, 0x00, 0x00, 0x00, 0x00, 0x00, 0x00, 0x00, 0x00, 0x00, 0x00, 0x00,
        0x00, 0x00, 0x00, 0x00, 0x00, 0x00, 0x00, 0x00, 0x00, 0x00, 0x00, 0x00, 0x00, 0x00, 0x00, 0x00,
        0x00, 0x00, 0x00, 0x00, 0x00, 0x00, 0x00, 0x00, 0x00, 0x00, 0x00, 0x00, 0x00, 0x00, 0x00, 0x00,
        0x00, 0x00, 0x00, 0x00, 0x00, 0x00, 0x00, 0x00, 0x00, 0x00, 0x00, 0x00, 0x00, 0x00, 0x00, 0x00,
        0x0C, 0x6A, 0x6A, 0x40, 0xD9, 0x4D, 0x5D, 0x80, 0x00, 0x00, 0x00, 0x00, 0x00, 0x00, 0x00, 0x00,
        0x0A, 0x8A, 0x8A, 0xA1, 0x15, 0x51, 0x51, 0x40, 0x00, 0x00, 0x00, 0x00, 0x00, 0x00, 0x00, 0x00,
        0x0C, 0x44, 0x8E, 0xA1, 0x19, 0x49, 0xD9, 0x80, 0x00, 0x00, 0x00, 0x00, 0x00, 0x00, 0x00, 0x00,
        0x08, 0x24, 0x8A, 0xA1, 0x15, 0x45, 0x51, 0x40, 0x00, 0x00, 0x00, 0x00, 0x00, 0x00, 0x00, 0x00,
        0x08, 0xC4, 0x6A, 0x40, 0xD4, 0x99, 0x5D, 0x40, 0x00, 0x00, 0x00, 0x00, 0x00, 0x00, 0x00, 0x00,
        0x00, 0x00, 0x00, 0x00, 0x00, 0x00, 0x00, 0x00, 0x00, 0x00, 0x00, 0x00, 0x00, 0x00, 0x00, 0x00,
        0x00, 0x00, 0x00, 0x00, 0x00, 0x00, 0x00, 0x00, 0x00, 0x00, 0x00, 0x00, 0x00, 0x00, 0x00, 0x00,
        0x00, 0x00, 0xAA, 0xBF, 0xEE, 0xA0, 0x00, 0x00, 0x00, 0x00, 0x00, 0x00, 0x00, 0x00, 0x00, 0x00,
        0x00, 0x00, 0x01, 0x55, 0x5F, 0x54, 0x00, 0x00, 0x00, 0x00, 0x00, 0x00, 0x00, 0x00, 0x00, 0x00,
        0x00, 0x00, 0x00, 0x00, 0x00, 0x28, 0xAA, 0x80, 0x00, 0x00, 0x00, 0x00, 0x00, 0x00, 0x00, 0x00,
        0x00, 0x00, 0x00, 0x00, 0x00, 0x00, 0x00, 0x00, 0x00, 0x00, 0x00, 0x00, 0x00, 0x00, 0x00, 0x00,
        0x00, 0x00, 0x00, 0x00, 0x00, 0x00, 0x00, 0x00, 0x00, 0x00, 0x00, 0x00, 0x00, 0x00, 0x00, 0x00,
        0x00, 0x00, 0x00, 0x00, 0x00, 0x00, 0x00, 0x00, 0x00, 0x00, 0x00, 0x00, 0x00, 0x00, 0x00, 0x00,
        0x00, 0x00, 0x00, 0x00, 0x00, 0x00, 0x00, 0x00, 0x00, 0x00, 0x00, 0x00, 0x00, 0x00, 0x00, 0x00,
        0x00, 0x00, 0x01, 0x40, 0x00, 0x00, 0x00, 0x00, 0x00, 0x00, 0x00, 0x00, 0x00, 0x00, 0x18, 0x00,
        0x00, 0x00, 0x00, 0x00, 0x00, 0x00, 0x1F, 0xFF, 0xFF, 0x80, 0x00, 0x00, 0x00, 0x00, 0xEE, 0x00,
        0x00, 0x05, 0x55, 0x55, 0x50, 0x00, 0xFF, 0x55, 0x57, 0xFC, 0x00, 0x00, 0x04, 0x1F, 0xFF, 0x00,
        0x00, 0x00, 0xAA, 0xAA, 0xFE, 0xA3, 0xAA, 0xAA, 0xAA, 0xAF, 0x80, 0x00, 0x02, 0xBF, 0xFF, 0x80,
        0x00, 0x00, 0x15, 0x57, 0xFD, 0x75, 0x55, 0x55, 0x55, 0x55, 0x78, 0x00, 0x00, 0x7F, 0xFF, 0x80,
        0x00, 0x0A, 0x0A, 0x00, 0x2A, 0xAA, 0xAA, 0xAA, 0xAA, 0xAA, 0xAE, 0x00, 0x00, 0x6F, 0xFF, 0xC0,
        0x00, 0x00, 0x00, 0x00, 0x07, 0x55, 0x55, 0x55, 0x55, 0x55, 0x55, 0xDF, 0xD1, 0x67, 0xFF, 0xC0,
        0x00, 0x00, 0x00, 0x00, 0x0E, 0xBA, 0xAA, 0xAA, 0xAA, 0xAA, 0xAA, 0xFF, 0xFC, 0x7F, 0xFF, 0xE0,
        0x00, 0x00, 0x00, 0x00, 0x1F, 0xFF, 0xD5, 0x55, 0x55, 0xFD, 0x55, 0x5F, 0xFF, 0xFF, 0xFF, 0xE0,
        0x0A, 0xAA, 0xBA, 0xA0, 0x38, 0x0F, 0xFF, 0xEB, 0xFF, 0xFF, 0xEA, 0xBA, 0xEB, 0xFF, 0xFF, 0xF0,
        0x00, 0x14, 0x54, 0x00, 0x7F, 0x3D, 0x5F, 0xD5, 0x57, 0xDF, 0xF7, 0x7F, 0xD5, 0xF7, 0xFF, 0xF0,
        0x00, 0x00, 0x00, 0x00, 0xEB, 0xEA, 0xAE, 0xFE, 0xFF, 0xEB, 0xEF, 0xFF, 0xEB, 0xFB, 0xFF, 0xF0,
        0x00, 0x00, 0x00, 0x01, 0x55, 0x55, 0x55, 0xFF, 0xFF, 0xD7, 0xFF, 0x7F, 0xF5, 0x7D, 0x7F, 0xF0,
        0x00, 0x00, 0x00, 0x06, 0xAA, 0xAA, 0xAF, 0xFF, 0xFF, 0xAF, 0xFF, 0xBF, 0xFF, 0xFF, 0xFF, 0xF0,
        0x00, 0x00, 0x00, 0x0D, 0x57, 0x7F, 0x7F, 0xFF, 0xFF, 0xDF, 0xFF, 0xDF, 0xFF, 0xDF, 0xFF, 0xF0,
        0x00, 0x00, 0x00, 0x3A, 0xEB, 0xFF, 0xFF, 0xFF, 0xFF, 0xAF, 0xFF, 0xFB, 0xFF, 0xFF, 0xFF, 0xF0,
        0x00, 0x00, 0x00, 0x77, 0xFD, 0xFF, 0x7F, 0xFF, 0xFF, 0x5F, 0xFF, 0xFF, 0xFF, 0xDF, 0xFF, 0xF0,
        0x00, 0x28, 0x28, 0x6B, 0xBF, 0xEF, 0xBF, 0xFF, 0xFF, 0xAF, 0xFF, 0xFF, 0xFF, 0xFA, 0xFF, 0xF0,
        0x05, 0x55, 0x7D, 0x55, 0x70, 0x7D, 0x5F, 0xFF, 0xF7, 0x5F, 0xDF, 0xFF, 0xDF, 0xD5, 0xFF, 0xF0,
        0x00, 0x00, 0x00, 0x6A, 0xE0, 0x0E, 0xBF, 0xFF, 0xFB, 0xAE, 0xFF, 0xFB, 0xBF, 0xAF, 0xFF, 0xE0,
        0x00, 0x00, 0x00, 0x3F, 0x50, 0x03, 0xFF, 0xFF, 0x55, 0x5F, 0xDF, 0xFF, 0xD3, 0xFF, 0xFF, 0xE0,
        0x00, 0x00, 0x00, 0x06, 0x00, 0x00, 0xFE, 0xFF, 0xFA, 0xFF, 0xFB, 0xFA, 0x00, 0xBF, 0xBF, 0xC0,
        0x00, 0x15, 0x14, 0x00, 0x55, 0x40, 0x3F, 0xFF, 0x0F, 0xC0, 0x3F, 0xC0, 0x00, 0x1F, 0x7F, 0xC0,
        0x00, 0x00, 0x2A, 0xAB, 0xFE, 0xA8, 0x00, 0x00, 0x00, 0x00, 0x00, 0x00, 0x02, 0xFE, 0xFF, 0x80,
        0x00, 0x00, 0x15, 0x55, 0xFF, 0x50, 0x00, 0x00, 0x00, 0x00, 0x00, 0x00, 0x01, 0x17, 0xFF, 0x80,
        0x00, 0x0A, 0xAA, 0xAB, 0xA0, 0x00, 0x00, 0x00, 0x00, 0x00, 0x00, 0x00, 0x00, 0x0B, 0xFF, 0x00,
        0x00, 0x00, 0x04, 0x00, 0x00, 0x00, 0x00, 0x00, 0x00, 0x00, 0x00, 0x00, 0x00, 0x01, 0xED, 0x00,
        0x00, 0x00, 0x02, 0xA0, 0x00, 0x00, 0x00, 0x00, 0x00, 0x00, 0x00, 0x00, 0x00, 0x03, 0xAA, 0x00,
        0x00, 0x00, 0x00, 0x00, 0x00, 0x00, 0x00, 0x00, 0x00, 0x00, 0x00, 0x00, 0x00, 0x00, 0x00, 0x00,
        0x00, 0x00, 0x00, 0x00, 0x00, 0x00, 0x00, 0x00, 0x00, 0x00, 0x00, 0x00, 0x00, 0x00, 0x00, 0x00,
        0x00, 0x00, 0x00, 0x00, 0x00, 0x00, 0x00, 0x00, 0x00, 0x00, 0x00, 0x00, 0x00, 0x00, 0x00, 0x00,
        0x00, 0x00, 0x00, 0x00, 0x00, 0x00, 0x00, 0x00, 0x00, 0x00, 0x00, 0x00, 0x00, 0x00, 0x00, 0x00,
        0x00, 0x00, 0x00, 0x00, 0x00, 0x10, 0x55, 0x00, 0x00, 0x00, 0x00, 0x00, 0x00, 0x00, 0x00, 0x00,
        0x00, 0x00, 0x00, 0xAA, 0xBE, 0xA8, 0x00, 0x00, 0x00, 0x00, 0x00, 0x00, 0x00, 0x00, 0x00, 0x00,
        0x00, 0x01, 0x55, 0x5F, 0xFD, 0x40, 0x00, 0x00, 0x00, 0x00, 0x00, 0x00, 0x00, 0x00, 0x00, 0x00,
        0x00, 0x00, 0x00, 0x00, 0x00, 0x00, 0x00, 0x00, 0x00, 0x00, 0x00, 0x00, 0x00, 0x00, 0x00, 0x00,
        0x00, 0x00, 0x00, 0x00, 0x00, 0x00, 0x00, 0x00, 0x00, 0x00, 0x00, 0x00, 0x00, 0x00, 0x00, 0x00,
        0x00, 0x00, 0x00, 0x00, 0x00, 0x00, 0x00, 0x00, 0x00, 0x00, 0x00, 0x00, 0x00, 0x00, 0x00, 0x00,
        0x00, 0x00, 0x00, 0x00, 0x00, 0x00, 0x00, 0x00, 0x00, 0x00, 0x00, 0x00, 0x00, 0x00, 0x00, 0x00,
        0x00, 0x00, 0x00, 0x00, 0x00, 0x00, 0x00, 0x00, 0x00, 0x00, 0x00, 0x00, 0x00, 0x00, 0x00, 0x00,
        0x00, 0x00, 0x00, 0x00, 0x00, 0x00, 0x00, 0x00, 0x00, 0x00, 0x00, 0x00, 0x00, 0x00, 0x00, 0x00,
        0x00, 0x00, 0x00, 0x00, 0x00, 0x00, 0x00, 0x00, 0x00, 0x00, 0x00, 0x00, 0x00, 0x00, 0x00, 0x00,
        0x00, 0x00, 0x00, 0x00, 0x00, 0x00, 0x00, 0x00, 0x00, 0x00, 0x00, 0x00, 0x00, 0x00, 0x00, 0x00,
        0x00, 0x00, 0x00, 0x00, 0x00, 0x00, 0x00, 0x00, 0x00, 0x00, 0x00, 0x00, 0x00, 0x00, 0x00, 0x00,
        0x00, 0x00, 0x00, 0x00, 0x00, 0x00, 0x00, 0x00, 0x00, 0x00, 0x00, 0x00, 0x00, 0x00, 0x00, 0x00,
        0x00, 0x00, 0x00, 0x00, 0x00, 0x00, 0x00, 0x00, 0x00, 0x00, 0x00, 0x00, 0x00, 0x00, 0x00, 0x00,
    },
    // Frame 17 (delay: 110ms)
    {
        0x00, 0x00, 0x00, 0x00, 0x00, 0x00, 0x00, 0x00, 0x00, 0x00, 0x00, 0x00, 0x00, 0x00, 0x00, 0x00,
        0x00, 0x00, 0x00, 0x00, 0x00, 0x00, 0x00, 0x00, 0x00, 0x00, 0x00, 0x00, 0x00, 0x00, 0x00, 0x00,
        0x00, 0x00, 0x00, 0x00, 0x00, 0x00, 0x00, 0x00, 0x00, 0x00, 0x00, 0x00, 0x00, 0x00, 0x00, 0x00,
        0x00, 0x00, 0x00, 0x00, 0x00, 0x00, 0x00, 0x00, 0x00, 0x00, 0x00, 0x00, 0x00, 0x00, 0x00, 0x00,
        0x0C, 0x6A, 0x6A, 0x40, 0xD9, 0x4D, 0x5D, 0x80, 0x00, 0x00, 0x00, 0x00, 0x00, 0x00, 0x00, 0x00,
        0x0A, 0x8A, 0x8A, 0xA1, 0x15, 0x51, 0x51, 0x40, 0x00, 0x00, 0x00, 0x00, 0x00, 0x00, 0x00, 0x00,
        0x0C, 0x44, 0x8E, 0xA1, 0x19, 0x49, 0xD9, 0x80, 0x00, 0x00, 0x00, 0x00, 0x00, 0x00, 0x00, 0x00,
        0x08, 0x24, 0x8A, 0xAB, 0xBF, 0xFF, 0xD1, 0x40, 0x00, 0x00, 0x00, 0x00, 0x00, 0x00, 0x00, 0x00,
        0x08, 0xC4, 0x6F, 0x55, 0xDF, 0xFF, 0xFD, 0x40, 0x00, 0x00, 0x00, 0x00, 0x00, 0x00, 0x00, 0x00,
        0x00, 0x00, 0x00, 0x0A, 0xAB, 0xFF, 0xFF, 0xE8, 0x00, 0x00, 0x00, 0x00, 0x00, 0x00, 0x00, 0x00,
        0x00, 0x00, 0x00, 0x00, 0x01, 0x55, 0x7F, 0xFD, 0x00, 0x00, 0x00, 0x00, 0x00, 0x00, 0x00, 0x00,
        0x00, 0x00, 0x00, 0x00, 0x00, 0x00, 0x2F, 0xFE, 0x00, 0x00, 0x00, 0x00, 0x00, 0x00, 0x00, 0x00,
        0x00, 0x00, 0x00, 0x00, 0x00, 0x05, 0x57, 0xFF, 0x54, 0x00, 0x00, 0x00, 0x00, 0x00, 0x00, 0x00,
        0x00, 0x00, 0x00, 0x00, 0x00, 0x00, 0x0A, 0xFF, 0xA0, 0x00, 0x00, 0x00, 0x00, 0x00, 0x00, 0x00,
        0x00, 0x00, 0x00, 0x00, 0x00, 0x00, 0x15, 0xFF, 0xD0, 0x00, 0x00, 0x00, 0x00, 0x00, 0x00, 0x00,
        0x00, 0x00, 0x00, 0x00, 0x00, 0x2A, 0xAF, 0xFF, 0xFE, 0x80, 0x00, 0x00, 0x00, 0x00, 0x00, 0x00,
        0x00, 0x00, 0x00, 0x00, 0x01, 0x57, 0xFF, 0xFF, 0x40, 0x00, 0x00, 0x00, 0x00, 0x00, 0x00, 0x00,
        0x00, 0x00, 0x00, 0x00, 0x03, 0xFF, 0xBA, 0xBA, 0xA0, 0x00, 0x00, 0x00, 0x00, 0x00, 0x00, 0x00,
        0x00, 0x00, 0x00, 0x00, 0x1F, 0x55, 0x57, 0xE0, 0x00, 0x00, 0x00, 0x00, 0x00, 0x00, 0x00, 0x00,
        0x00, 0x00, 0x00, 0x00, 0xAA, 0xAA, 0xAA, 0xFF, 0x80, 0x00, 0x3E, 0x00, 0x00, 0x00, 0x00, 0x00,
        0x00, 0x00, 0x15, 0x55, 0x75, 0x55, 0x55, 0x55, 0xFF, 0xE3, 0xFF, 0x80, 0x00, 0x00, 0x00, 0x00,
        0x00, 0x00, 0x00, 0xAA, 0xAB, 0xEA, 0xAA, 0xAA, 0xAB, 0xFF, 0xAA, 0xF0, 0x00, 0x00, 0x00, 0x00,
        0x00, 0x00, 0x00, 0x01, 0xFD, 0x55, 0x55, 0x55, 0x55, 0x55, 0x57, 0x7F, 0x81, 0x00, 0x00, 0x00,
        0x00, 0x00, 0x00, 0x02, 0xAB, 0xFA, 0xAA, 0xAA, 0xAA, 0xAA, 0xFF, 0xAF, 0xF1, 0xAE, 0x00, 0x00,
        0x00, 0x00, 0x00, 0x00, 0x1F, 0x75, 0xFD, 0x55, 0x55, 0x5F, 0xFF, 0xFF, 0xFD, 0xFF, 0x00, 0x00,
        0x00, 0x00, 0x02, 0xE0, 0x7F, 0xAF, 0xFF, 0xEB, 0xAA, 0xBB, 0xFF, 0xFF, 0xFF, 0xFF, 0x80, 0x00,
        0x00, 0x00, 0x15, 0x55, 0x57, 0xFF, 0xFF, 0xFF, 0xD5, 0xFF, 0xDF, 0xDF, 0xFF, 0xFF, 0x00, 0x00,
        0x00, 0x02, 0xAE, 0xAF, 0xEA, 0xAF, 0xFF, 0xFF, 0xAB, 0xFF, 0xEF, 0xFF, 0xFF, 0xEF, 0x80, 0x00,
        0x00, 0x00, 0x05, 0x55, 0x57, 0x7F, 0xFF, 0xFF, 0x57, 0xFF, 0xF7, 0xFF, 0xFF, 0xF7, 0xC0, 0x00,
        0x00, 0x00, 0x06, 0xBA, 0xBF, 0xFF, 0xFF, 0xFF, 0xAF, 0xFF, 0xEE, 0xEF, 0xFF, 0xEF, 0x80, 0x00,
        0x00, 0x00, 0x07, 0x7D, 0xD7, 0xF5, 0xFF, 0xD7, 0x5F, 0xFF, 0xDF, 0x7D, 0xDF, 0xFF, 0x00, 0x00,
        0x00, 0x00, 0x02, 0xAE, 0xBE, 0xBE, 0xFE, 0xBA, 0xEA, 0xAA, 0xAF, 0xBE, 0xEB, 0xEF, 0x80, 0x00,
        0x00, 0x00, 0x03, 0x57, 0x7D, 0xDD, 0xFF, 0x7D, 0x55, 0x55, 0x7F, 0x77, 0x75, 0xDF, 0x00, 0x00,
        0x00, 0x00, 0x06, 0xBA, 0xAB, 0xEB, 0xFF, 0xBB, 0xAF, 0xFF, 0xFE, 0xBF, 0xFF, 0xFF, 0x00, 0x00,
        0x00, 0x00, 0x05, 0x5D, 0x5F, 0xFF, 0xFF, 0xF7, 0x5F, 0xFF, 0xD5, 0x7F, 0xFF, 0xFF, 0x00, 0x00,
        0x00, 0x00, 0x06, 0xAA, 0xAB, 0xEF, 0xFF, 0xFF, 0xAF, 0xFF, 0xFE, 0xEF, 0xEF, 0xFF, 0x80, 0x00,
        0x00, 0x01, 0x55, 0x5F, 0xD5, 0x5F, 0xFF, 0xFF, 0xD7, 0xFF, 0xFF, 0xDF, 0xDF, 0xFF, 0x00, 0x00,
        0x00, 0x00, 0x2A, 0xAA, 0xAF, 0xFF, 0xFF, 0xFF, 0xEB, 0xFF, 0xFF, 0xFE, 0xBF, 0xFF, 0x80, 0x00,
        0x00, 0x00, 0x01, 0xD0, 0x7F, 0xDD, 0xFF, 0xD7, 0x55, 0x5D, 0xFF, 0xFF, 0x5F, 0xFF, 0x00, 0x00,
        0x00, 0x00, 0x00, 0x00, 0x1F, 0xEA, 0xFA, 0xAA, 0xAA, 0xAF, 0xFF, 0xFF, 0xB3, 0xFF, 0x80, 0x00,
        0x00, 0x00, 0x00, 0x01, 0x47, 0xFD, 0x55, 0x55, 0x55, 0x57, 0xFF, 0xFF, 0x65, 0xDD, 0x00, 0x00,
        0x00, 0x00, 0x00, 0x00, 0xFA, 0xAA, 0xAA, 0xAA, 0xAA, 0xAA, 0xAF, 0xEE, 0xC0, 0x00, 0x00, 0x00,
        0x00, 0x00, 0x01, 0x55, 0x5D, 0xF5, 0x55, 0x55, 0x57, 0xFF, 0xD5, 0x57, 0x80, 0x00, 0x00, 0x00,
        0x00, 0x00, 0x2A, 0xAA, 0xEA, 0xAA, 0xAA, 0xAB, 0xFF, 0xE3, 0xFF, 0xFE, 0x00, 0x00, 0x00, 0x00,
        0x00, 0x00, 0x00, 0x00, 0x5D, 0x55, 0x55, 0x7F, 0x80, 0x00, 0x7F, 0x40, 0x00, 0x00, 0x00, 0x00,
        0x00, 0x00, 0x00, 0x00, 0x0F, 0xAA, 0xAF, 0xE0, 0x00, 0x00, 0x00, 0x00, 0x00, 0x00, 0x00, 0x00,
        0x00, 0x00, 0x00, 0x00, 0x07, 0xFD, 0xFD, 0x7D, 0x50, 0x00, 0x00, 0x00, 0x00, 0x00, 0x00, 0x00,
        0x00, 0x00, 0x00, 0x00, 0x00, 0xAB, 0xFF, 0xFF, 0xA0, 0x00, 0x00, 0x00, 0x00, 0x00, 0x00, 0x00,
        0x00, 0x00, 0x00, 0x00, 0x00, 0x15, 0x57, 0xFF, 0xFD, 0x40, 0x00, 0x00, 0x00, 0x00, 0x00, 0x00,
        0x00, 0x00, 0x00, 0x00, 0x00, 0x00, 0x2B, 0xFF, 0xA8, 0x00, 0x00, 0x00, 0x00, 0x00, 0x00, 0x00,
        0x00, 0x00, 0x00, 0x00, 0x00, 0x00, 0x05, 0x7F, 0xC0, 0x00, 0x00, 0x00, 0x00, 0x00, 0x00, 0x00,
        0x00, 0x00, 0x00, 0x00, 0x00, 0x0A, 0xAF, 0xFF, 0xA8, 0x00, 0x00, 0x00, 0x00, 0x00, 0x00, 0x00,
        0x00, 0x00, 0x00, 0x00, 0x00, 0x00, 0x57, 0xFD, 0x00, 0x00, 0x00, 0x00, 0x00, 0x00, 0x00, 0x00,
        0x00, 0x00, 0x00, 0x00, 0x00, 0xAA, 0xFF, 0xFE, 0x80, 0x00, 0x00, 0x00, 0x00, 0x00, 0x00, 0x00,
        0x00, 0x00, 0x00, 0x05, 0x55, 0xFF, 0xFF, 0xF0, 0x00, 0x00, 0x00, 0x00, 0x00, 0x00, 0x00, 0x00,
        0x00, 0x00, 0x0A, 0xAA, 0xAF, 0xFF, 0xFE, 0xA0, 0x00, 0x00, 0x00, 0x00, 0x00, 0x00, 0x00, 0x00,
        0x00, 0x00, 0x00, 0x55, 0x55, 0x7F, 0x40, 0x00, 0x00, 0x00, 0x00, 0x00, 0x00, 0x00, 0x00, 0x00,
        0x00, 0x00, 0x00, 0x00, 0x00, 0x00, 0x00, 0x00, 0x00, 0x00, 0x00, 0x00, 0x00, 0x00, 0x00, 0x00,
        0x00, 0x00, 0x00, 0x00, 0x00, 0x00, 0x00, 0x00, 0x00, 0x00, 0x00, 0x00, 0x00, 0x00, 0x00, 0x00,
        0x00, 0x00, 0x00, 0x00, 0x00, 0x00, 0x00, 0x00, 0x00, 0x00, 0x00, 0x00, 0x00, 0x00, 0x00, 0x00,
        0x00, 0x00, 0x00, 0x00, 0x00, 0x00, 0x00, 0x00, 0x00, 0x00, 0x00, 0x00, 0x00, 0x00, 0x00, 0x00,
        0x00, 0x00, 0x00, 0x00, 0x00, 0x00, 0x00, 0x00, 0x00, 0x00, 0x00, 0x00, 0x00, 0x00, 0x00, 0x00,
        0x00, 0x00, 0x00, 0x00, 0x00, 0x00, 0x00, 0x00, 0x00, 0x00, 0x00, 0x00, 0x00, 0x00, 0x00, 0x00,
        0x00, 0x00, 0x00, 0x00, 0x00, 0x00, 0x00, 0x00, 0x00, 0x00, 0x00, 0x00, 0x00, 0x00, 0x00, 0x00,
    },
    // Frame 18 (delay: 110ms)
    {
        0x00, 0x00, 0x00, 0x00, 0x00, 0x00, 0x00, 0x00, 0x00, 0x00, 0x00, 0x00, 0x00, 0x00, 0x00, 0x00,
        0x00, 0x00, 0x00, 0x00, 0x00, 0x00, 0x00, 0x00, 0x00, 0x00, 0x00, 0x00, 0x00, 0x00, 0x00, 0x00,
        0x00, 0x00, 0x00, 0x00, 0x00, 0x00, 0x00, 0x00, 0x00, 0x00, 0x00, 0x00, 0x00, 0x00, 0x00, 0x00,
        0x00, 0x00, 0x00, 0x00, 0x00, 0x00, 0x00, 0x00, 0x00, 0x00, 0x00, 0x00, 0x00, 0x00, 0x00, 0x00,
        0x0C, 0x6A, 0x6A, 0x40, 0xD9, 0x4D, 0x5D, 0x80, 0x00, 0x00, 0x00, 0x00, 0x00, 0x00, 0x00, 0x00,
        0x0A, 0x8A, 0x8A, 0xA1, 0x15, 0x51, 0x51, 0x40, 0x00, 0x00, 0x00, 0x00, 0x00, 0x00, 0x00, 0x00,
        0x0C, 0x44, 0x8E, 0xA1, 0x19, 0x49, 0xD9, 0x80, 0x00, 0x00, 0x00, 0x00, 0x00, 0x00, 0x00, 0x00,
        0x08, 0x24, 0x8A, 0xA1, 0x15, 0x45, 0x51, 0x40, 0x00, 0x00, 0x20, 0x00, 0x00, 0x00, 0x00, 0x00,
        0x08, 0xC4, 0x6A, 0x40, 0xD4, 0x99, 0x5D, 0x40, 0x00, 0x00, 0x14, 0x00, 0x00, 0x00, 0x00, 0x00,
        0x00, 0x00, 0x00, 0x00, 0x00, 0x00, 0x00, 0x02, 0x80, 0x80, 0xAA, 0x80, 0x00, 0x00, 0x00, 0x00,
        0x00, 0x00, 0x00, 0x00, 0x00, 0x00, 0x00, 0x05, 0x01, 0x54, 0x45, 0xD0, 0x00, 0x00, 0x00, 0x00,
        0x00, 0x00, 0x00, 0x00, 0x00, 0x00, 0x00, 0x08, 0xBB, 0x0B, 0xA3, 0xF8, 0x00, 0x00, 0x00, 0x00,
        0x00, 0x00, 0x00, 0x00, 0x00, 0x00, 0x00, 0x04, 0x07, 0xF9, 0x77, 0x3D, 0x00, 0x00, 0x00, 0x00,
        0x00, 0x00, 0x00, 0x00, 0x00, 0x00, 0x00, 0x02, 0x82, 0xFF, 0xFB, 0x8F, 0x80, 0x00, 0x00, 0x00,
        0x00, 0x00, 0x00, 0x00, 0x00, 0x00, 0x00, 0x00, 0x41, 0x5F, 0xFF, 0xF7, 0x50, 0x00, 0x00, 0x00,
        0x00, 0x00, 0x00, 0x00, 0x03, 0xFF, 0xA0, 0x00, 0x0B, 0xAF, 0xFF, 0xFB, 0xB8, 0x00, 0x00, 0x00,
        0x00, 0x00, 0x00, 0x00, 0x7F, 0xD7, 0xFC, 0x00, 0x17, 0xFF, 0xFF, 0xFD, 0xFC, 0x00, 0x00, 0x00,
        0x00, 0x00, 0x00, 0x01, 0xFA, 0xAA, 0xAF, 0xE0, 0xBA, 0xBF, 0xFF, 0xFF, 0xFE, 0x00, 0x00, 0x00,
        0x00, 0x00, 0x00, 0x07, 0xD5, 0x55, 0x55, 0xFD, 0x5F, 0x57, 0xFF, 0xFF, 0xFF, 0x00, 0x00, 0x00,
        0x00, 0x00, 0x00, 0x0E, 0xAA, 0xAA, 0xAA, 0xAA, 0xBF, 0xFF, 0xFF, 0xFF, 0xEE, 0x80, 0x00, 0x00,
        0x00, 0x00, 0x00, 0x1D, 0x55, 0x55, 0x55, 0x55, 0x57, 0xFF, 0xFF, 0xFF, 0xF7, 0x00, 0x00, 0x00,
        0x00, 0x00, 0x00, 0x3B, 0xEA, 0xAA, 0xAA, 0xAA, 0xAA, 0xBF, 0xFF, 0xFF, 0xF8, 0x80, 0x00, 0x00,
        0x00, 0x00, 0x00, 0x3F, 0xDD, 0x55, 0x55, 0x55, 0x55, 0xFF, 0xFF, 0xFF, 0xFC, 0x40, 0x00, 0x00,
        0x00, 0x00, 0x00, 0x38, 0xFE, 0xAA, 0xAA, 0xAA, 0xBF, 0xFF, 0xFF, 0xFF, 0xFE, 0x20, 0x00, 0x00,
        0x00, 0x00, 0x00, 0x01, 0xD5, 0x55, 0x55, 0x55, 0x5F, 0xDF, 0xFF, 0xFF, 0xFF, 0x10, 0x00, 0x00,
        0x00, 0x00, 0x00, 0x03, 0xAA, 0xAA, 0xAA, 0xAF, 0xFF, 0xFF, 0xFF, 0xFF, 0xFF, 0xFE, 0x00, 0x00,
        0x00, 0x00, 0x7F, 0xFD, 0x55, 0x55, 0x55, 0x55, 0x7F, 0xFF, 0xFF, 0xFF, 0xFE, 0x7E, 0x00, 0x00,
        0x00, 0x00, 0xEA, 0xAA, 0xAA, 0xAA, 0xAA, 0xAA, 0xAA, 0xFF, 0xFF, 0xFF, 0xFF, 0xBA, 0x00, 0x00,
        0x00, 0x00, 0xD5, 0x55, 0x55, 0x55, 0x55, 0x55, 0x55, 0x5F, 0xFF, 0xFF, 0x5F, 0xFF, 0x00, 0x00,
        0x00, 0x00, 0xAA, 0xAA, 0xAA, 0xAA, 0xAA, 0xAA, 0xAA, 0xEB, 0xFF, 0xFF, 0xFF, 0xFB, 0x00, 0x00,
        0x00, 0x00, 0xD5, 0x5F, 0xD5, 0x55, 0x55, 0x55, 0x55, 0x7F, 0xFF, 0xFF, 0xFF, 0xFF, 0x00, 0x00,
        0x00, 0x00, 0x7E, 0xFC, 0xEA, 0xAA, 0xAA, 0xAA, 0xAA, 0xBF, 0xFF, 0xFF, 0xFF, 0xEB, 0x00, 0x00,
        0x00, 0x00, 0x7D, 0x7C, 0xF5, 0x55, 0x55, 0x55, 0x55, 0x7F, 0xFF, 0xFF, 0xFF, 0xFF, 0x00, 0x00,
        0x00, 0x00, 0xEA, 0xAF, 0xAA, 0xAA, 0xAA, 0xAA, 0xAA, 0xBF, 0xFF, 0xFF, 0xFF, 0xEE, 0x00, 0x00,
        0x00, 0x00, 0xD5, 0x55, 0x55, 0x55, 0x55, 0x55, 0x55, 0xF7, 0xFF, 0xFF, 0x57, 0xF6, 0x00, 0x00,
        0x00, 0x00, 0xAA, 0xAA, 0xAA, 0xAA, 0xAA, 0xAA, 0xAA, 0xBF, 0xFF, 0xFE, 0xAF, 0xFC, 0x00, 0x00,
        0x00, 0x00, 0x55, 0x55, 0x55, 0x55, 0x55, 0x55, 0x55, 0xFF, 0xFF, 0xFF, 0xFF, 0x3C, 0x00, 0x00,
        0x00, 0x00, 0x3F, 0xFE, 0xAA, 0xAA, 0xAA, 0xAA, 0xBF, 0xFF, 0xFF, 0xFF, 0xFE, 0x60, 0x00, 0x00,
        0x00, 0x00, 0x00, 0x07, 0x55, 0x55, 0x55, 0x57, 0xFF, 0xFF, 0xFF, 0xFF, 0xFD, 0xC0, 0x00, 0x00,
        0x00, 0x00, 0x00, 0x01, 0xEA, 0xAA, 0xAA, 0xAA, 0xBF, 0xEF, 0xFF, 0xFF, 0xFF, 0x80, 0x00, 0x00,
        0x00, 0x00, 0x00, 0x38, 0x7D, 0x55, 0x55, 0x55, 0x5F, 0xFF, 0xFF, 0xFF, 0xFF, 0x10, 0x00, 0x00,
        0x00, 0x00, 0x00, 0x3F, 0xBE, 0xAA, 0xAA, 0xAA, 0xAA, 0xFF, 0xFF, 0xFF, 0xFC, 0x68, 0x00, 0x00,
        0x00, 0x00, 0x00, 0x15, 0xF5, 0x55, 0x55, 0x55, 0x55, 0x5F, 0xFF, 0xFF, 0xF9, 0xD0, 0x00, 0x00,
        0x00, 0x00, 0x00, 0x0A, 0xAA, 0xAA, 0xAA, 0xAA, 0xAB, 0xFF, 0xFF, 0xFF, 0xEB, 0xA0, 0x00, 0x00,
        0x00, 0x00, 0x00, 0x0D, 0x55, 0x55, 0x55, 0x55, 0x5F, 0xFF, 0xFF, 0xFF, 0xF7, 0x40, 0x00, 0x00,
        0x00, 0x00, 0x00, 0x03, 0xAA, 0xAA, 0xAB, 0xFE, 0xBE, 0xAB, 0xFF, 0xFF, 0xFF, 0x80, 0x00, 0x00,
        0x00, 0x00, 0x00, 0x01, 0xF5, 0x55, 0x5F, 0xC1, 0x5D, 0x7F, 0xFF, 0xFF, 0xFF, 0x00, 0x00, 0x00,
        0x00, 0x00, 0x00, 0x00, 0x3F, 0xAF, 0xFC, 0x00, 0x0B, 0xFF, 0xFF, 0xFF, 0xFE, 0x00, 0x00, 0x00,
        0x00, 0x00, 0x00, 0x00, 0x07, 0xFF, 0xC0, 0x00, 0x05, 0x57, 0xFF, 0xFD, 0x74, 0x00, 0x00, 0x00,
        0x00, 0x00, 0x00, 0x00, 0x00, 0x00, 0x00, 0x00, 0x22, 0xBF, 0xFF, 0xEA, 0xE0, 0x00, 0x00, 0x00,
        0x00, 0x00, 0x00, 0x00, 0x00, 0x00, 0x00, 0x01, 0x05, 0xFF, 0x7F, 0xCD, 0x40, 0x00, 0x00, 0x00,
        0x00, 0x00, 0x00, 0x00, 0x00, 0x00, 0x00, 0x00, 0x0B, 0xFA, 0xFF, 0x3E, 0x00, 0x00, 0x00, 0x00,
        0x00, 0x00, 0x00, 0x00, 0x00, 0x00, 0x00, 0x05, 0x57, 0x05, 0xC3, 0xF4, 0x00, 0x00, 0x00, 0x00,
        0x00, 0x00, 0x00, 0x00, 0x00, 0x00, 0x00, 0x0A, 0x02, 0xAA, 0x82, 0xE0, 0x00, 0x00, 0x00, 0x00,
        0x00, 0x00, 0x00, 0x00, 0x00, 0x00, 0x00, 0x01, 0x41, 0x40, 0x55, 0x40, 0x00, 0x00, 0x00, 0x00,
        0x00, 0x00, 0x00, 0x00, 0x00, 0x00, 0x00, 0x00, 0x00, 0x00, 0x0A, 0x00, 0x00, 0x00, 0x00, 0x00,
        0x00, 0x00, 0x00, 0x00, 0x00, 0x00, 0x00, 0x00, 0x00, 0x00, 0x50, 0x00, 0x00, 0x00, 0x00, 0x00,
        0x00, 0x00, 0x00, 0x00, 0x00, 0x00, 0x00, 0x00, 0x00, 0x00, 0x00, 0x00, 0x00, 0x00, 0x00, 0x00,
        0x00, 0x00, 0x00, 0x00, 0x00, 0x00, 0x00, 0x00, 0x00, 0x00, 0x00, 0x00, 0x00, 0x00, 0x00, 0x00,
        0x00, 0x00, 0x00, 0x00, 0x00, 0x00, 0x00, 0x00, 0x00, 0x00, 0x00, 0x00, 0x00, 0x00, 0x00, 0x00,
        0x00, 0x00, 0x00, 0x00, 0x00, 0x00, 0x00, 0x00, 0x00, 0x00, 0x00, 0x00, 0x00, 0x00, 0x00, 0x00,
        0x00, 0x00, 0x00, 0x00, 0x00, 0x00, 0x00, 0x00, 0x00, 0x00, 0x00, 0x00, 0x00, 0x00, 0x00, 0x00,
        0x00, 0x00, 0x00, 0x00, 0x00, 0x00, 0x00, 0x00, 0x00, 0x00, 0x00, 0x00, 0x00, 0x00, 0x00, 0x00,
        0x00, 0x00, 0x00, 0x00, 0x00, 0x00, 0x00, 0x00, 0x00, 0x00, 0x00, 0x00, 0x00, 0x00, 0x00, 0x00,
    },
    // Frame 19 (delay: 120ms)
    {
        0x00, 0x00, 0x00, 0x00, 0x00, 0x00, 0x00, 0x00, 0x00, 0x00, 0x00, 0x00, 0x00, 0x00, 0x00, 0x00,
        0x00, 0x00, 0x00, 0x00, 0x00, 0x00, 0x00, 0x00, 0x00, 0x00, 0x00, 0x00, 0x00, 0x00, 0x00, 0x00,
        0x00, 0x00, 0x00, 0x00, 0x00, 0x00, 0x00, 0x00, 0x00, 0x00, 0x00, 0x00, 0x00, 0x00, 0x00, 0x00,
        0x00, 0x00, 0x00, 0x00, 0x00, 0x00, 0x00, 0x00, 0x00, 0x00, 0x00, 0x00, 0x00, 0x00, 0x00, 0x00,
        0x0C, 0x6A, 0x6A, 0x40, 0xD9, 0x4D, 0x5D, 0x80, 0x00, 0x00, 0x00, 0x00, 0x00, 0x00, 0x00, 0x00,
        0x0A, 0x8A, 0x8A, 0xA1, 0x15, 0x51, 0x51, 0x40, 0x00, 0x00, 0x00, 0x00, 0x00, 0x00, 0x00, 0x00,
        0x0C, 0x44, 0x8E, 0xA1, 0x19, 0x49, 0xD9, 0x80, 0x00, 0x00, 0x00, 0x00, 0x00, 0x00, 0x00, 0x00,
        0x08, 0x24, 0x8A, 0xA1, 0x15, 0x45, 0x51, 0x40, 0x00, 0x00, 0x00, 0x00, 0x00, 0x00, 0x00, 0x00,
        0x08, 0xC4, 0x6A, 0x40, 0xD4, 0x99, 0x5D, 0x40, 0x00, 0x00, 0x00, 0x00, 0x00, 0x00, 0x00, 0x00,
        0x00, 0x00, 0x00, 0x00, 0x00, 0x00, 0x00, 0x00, 0x00, 0x00, 0x00, 0x00, 0x00, 0x00, 0x00, 0x00,
        0x00, 0x00, 0x00, 0x00, 0x00, 0x00, 0x00, 0x00, 0x00, 0x00, 0x00, 0x00, 0x00, 0x00, 0x00, 0x00,
        0x00, 0x00, 0xAA, 0xBF, 0xEE, 0xA0, 0x00, 0x00, 0x00, 0x00, 0x00, 0x00, 0x00, 0x00, 0x00, 0x00,
        0x00, 0x00, 0x01, 0x55, 0x5F, 0x54, 0x00, 0x00, 0x00, 0x00, 0x00, 0x00, 0x00, 0x00, 0x00, 0x00,
        0x00, 0x00, 0x00, 0x00, 0x00, 0x28, 0xAA, 0x80, 0x00, 0x00, 0x00, 0x00, 0x00, 0x00, 0x00, 0x00,
        0x00, 0x00, 0x00, 0x00, 0x00, 0x00, 0x00, 0x00, 0x00, 0x00, 0x00, 0x00, 0x00, 0x00, 0x00, 0x00,
        0x00, 0x00, 0x00, 0x00, 0x00, 0x00, 0x00, 0x00, 0x00, 0x00, 0x00, 0x00, 0x00, 0x00, 0x00, 0x00,
        0x00, 0x00, 0x00, 0x00, 0x00, 0x00, 0x00, 0x00, 0x00, 0x00, 0x00, 0x00, 0x00, 0x00, 0x00, 0x00,
        0x00, 0x00, 0x00, 0x00, 0x00, 0x00, 0x00, 0x00, 0x00, 0x00, 0x00, 0x00, 0x00, 0x00, 0x00, 0x00,
        0x00, 0x00, 0x01, 0x40, 0x00, 0x00, 0x00, 0x00, 0x00, 0x00, 0x00, 0x00, 0x00, 0x00, 0x18, 0x00,
        0x00, 0x00, 0x00, 0x00, 0x00, 0x00, 0x1F, 0xFF, 0xFF, 0x80, 0x00, 0x00, 0x00, 0x00, 0xEE, 0x00,
        0x00, 0x05, 0x55, 0x55, 0x50, 0x00, 0xFF, 0x55, 0x57, 0xFC, 0x00, 0x00, 0x04, 0x1F, 0xFF, 0x00,
        0x00, 0x00, 0xAA, 0xAA, 0xFE, 0xA3, 0xAA, 0xAA, 0xAA, 0xAF, 0x80, 0x00, 0x02, 0xBF, 0xFF, 0x80,
        0x00, 0x00, 0x15, 0x57, 0xFD, 0x75, 0x55, 0x55, 0x55, 0x55, 0x78, 0x00, 0x00, 0x7F, 0xFF, 0x80,
        0x00, 0x0A, 0x0A, 0x00, 0x2A, 0xAA, 0xAA, 0xAA, 0xAA, 0xAA, 0xAE, 0x00, 0x00, 0x6F, 0xFF, 0xC0,
        0x00, 0x00, 0x00, 0x00, 0x07, 0x55, 0x55, 0x55, 0x55, 0x55, 0x55, 0xDF, 0xD1, 0x67, 0xFF, 0xC0,
        0x00, 0x00, 0x00, 0x00, 0x0E, 0xBA, 0xAA, 0xAA, 0xAA, 0xAA, 0xAA, 0xFF, 0xFC, 0x7F, 0xFF, 0xE0,
        0x00, 0x00, 0x00, 0x00, 0x1F, 0xFF, 0xD5, 0x55, 0x55, 0xFD, 0x55, 0x5F, 0xFF, 0xFF, 0xFF, 0xE0,
        0x0A, 0xAA, 0xBA, 0xA0, 0x38, 0x0F, 0xFF, 0xEB, 0xFF, 0xFF, 0xEA, 0xBA, 0xEB, 0xFF, 0xFF, 0xF0,
        0x00, 0x14, 0x54, 0x00, 0x7F, 0x3D, 0x5F, 0xD5, 0x57, 0xDF, 0xF7, 0x7F, 0xD5, 0xF7, 0xFF, 0xF0,
        0x00, 0x00, 0x00, 0x00, 0xEB, 0xEA, 0xAE, 0xFE, 0xFF, 0xEB, 0xEF, 0xFF, 0xEB, 0xFB, 0xFF, 0xF0,
        0x00, 0x00, 0x00, 0x01, 0x55, 0x55, 0x55, 0xFF, 0xFF, 0xD7, 0xFF, 0x7F, 0xF5, 0x7D, 0x7F, 0xF0,
        0x00, 0x00, 0x00, 0x06, 0xAA, 0xAA, 0xAF, 0xFF, 0xFF, 0xAF, 0xFF, 0xBF, 0xFF, 0xFF, 0xFF, 0xF0,
        0x00, 0x00, 0x00, 0x0D, 0x57, 0x7F, 0x7F, 0xFF, 0xFF, 0xDF, 0xFF, 0xDF, 0xFF, 0xDF, 0xFF, 0xF0,
        0x00, 0x00, 0x00, 0x3A, 0xEB, 0xFF, 0xFF, 0xFF, 0xFF, 0xAF, 0xFF, 0xFB, 0xFF, 0xFF, 0xFF, 0xF0,
        0x00, 0x00, 0x00, 0x77, 0xFD, 0xFF, 0x7F, 0xFF, 0xFF, 0x5F, 0xFF, 0xFF, 0xFF, 0xDF, 0xFF, 0xF0,
        0x00, 0x28, 0x28, 0x6B, 0xBF, 0xEF, 0xBF, 0xFF, 0xFF, 0xAF, 0xFF, 0xFF, 0xFF, 0xFA, 0xFF, 0xF0,
        0x05, 0x55, 0x7D, 0x55, 0x70, 0x7D, 0x5F, 0xFF, 0xF7, 0x5F, 0xDF, 0xFF, 0xDF, 0xD5, 0xFF, 0xF0,
        0x00, 0x00, 0x00, 0x6A, 0xE0, 0x0E, 0xBF, 0xFF, 0xFB, 0xAE, 0xFF, 0xFB, 0xBF, 0xAF, 0xFF, 0xE0,
        0x00, 0x00, 0x00, 0x3F, 0x50, 0x03, 0xFF, 0xFF, 0x55, 0x5F, 0xDF, 0xFF, 0xD3, 0xFF, 0xFF, 0xE0,
        0x00, 0x00, 0x00, 0x06, 0x00, 0x00, 0xFE, 0xFF, 0xFA, 0xFF, 0xFB, 0xFA, 0x00, 0xBF, 0xBF, 0xC0,
        0x00, 0x15, 0x14, 0x00, 0x55, 0x40, 0x3F, 0xFF, 0x0F, 0xC0, 0x3F, 0xC0, 0x00, 0x1F, 0x7F, 0xC0,
        0x00, 0x00, 0x2A, 0xAB, 0xFE, 0xA8, 0x00, 0x00, 0x00, 0x00, 0x00, 0x00, 0x02, 0xFE, 0xFF, 0x80,
        0x00, 0x00, 0x15, 0x55, 0xFF, 0x50, 0x00, 0x00, 0x00, 0x00, 0x00, 0x00, 0x01, 0x17, 0xFF, 0x80,
        0x00, 0x0A, 0xAA, 0xAB, 0xA0, 0x00, 0x00, 0x00, 0x00, 0x00, 0x00, 0x00, 0x00, 0x0B, 0xFF, 0x00,
        0x00, 0x00, 0x04, 0x00, 0x00, 0x00, 0x00, 0x00, 0x00, 0x00, 0x00, 0x00, 0x00, 0x01, 0xED, 0x00,
        0x00, 0x00, 0x02, 0xA0, 0x00, 0x00, 0x00, 0x00, 0x00, 0x00, 0x00, 0x00, 0x00, 0x03, 0xAA, 0x00,
        0x00, 0x00, 0x00, 0x00, 0x00, 0x00, 0x00, 0x00, 0x00, 0x00, 0x00, 0x00, 0x00, 0x00, 0x00, 0x00,
        0x00, 0x00, 0x00, 0x00, 0x00, 0x00, 0x00, 0x00, 0x00, 0x00, 0x00, 0x00, 0x00, 0x00, 0x00, 0x00,
        0x00, 0x00, 0x00, 0x00, 0x00, 0x00, 0x00, 0x00, 0x00, 0x00, 0x00, 0x00, 0x00, 0x00, 0x00, 0x00,
        0x00, 0x00, 0x00, 0x00, 0x00, 0x00, 0x00, 0x00, 0x00, 0x00, 0x00, 0x00, 0x00, 0x00, 0x00, 0x00,
        0x00, 0x00, 0x00, 0x00, 0x00, 0x10, 0x55, 0x00, 0x00, 0x00, 0x00, 0x00, 0x00, 0x00, 0x00, 0x00,
        0x00, 0x00, 0x00, 0xAA, 0xBE, 0xA8, 0x00, 0x00, 0x00, 0x00, 0x00, 0x00, 0x00, 0x00, 0x00, 0x00,
        0x00, 0x01, 0x55, 0x5F, 0xFD, 0x40, 0x00, 0x00, 0x00, 0x00, 0x00, 0x00, 0x00, 0x00, 0x00, 0x00,
        0x00, 0x00, 0x00, 0x00, 0x00, 0x00, 0x00, 0x00, 0x00, 0x00, 0x00, 0x00, 0x00, 0x00, 0x00, 0x00,
        0x00, 0x00, 0x00, 0x00, 0x00, 0x00, 0x00, 0x00, 0x00, 0x00, 0x00, 0x00, 0x00, 0x00, 0x00, 0x00,
        0x00, 0x00, 0x00, 0x00, 0x00, 0x00, 0x00, 0x00, 0x00, 0x00, 0x00, 0x00, 0x00, 0x00, 0x00, 0x00,
        0x00, 0x00, 0x00, 0x00, 0x00, 0x00, 0x00, 0x00, 0x00, 0x00, 0x00, 0x00, 0x00, 0x00, 0x00, 0x00,
        0x00, 0x00, 0x00, 0x00, 0x00, 0x00, 0x00, 0x00, 0x00, 0x00, 0x00, 0x00, 0x00, 0x00, 0x00, 0x00,
        0x00, 0x00, 0x00, 0x00, 0x00, 0x00, 0x00, 0x00, 0x00, 0x00, 0x00, 0x00, 0x00, 0x00, 0x00, 0x00,
        0x00, 0x00, 0x00, 0x00, 0x00, 0x00, 0x00, 0x00, 0x00, 0x00, 0x00, 0x00, 0x00, 0x00, 0x00, 0x00,
        0x00, 0x00, 0x00, 0x00, 0x00, 0x00, 0x00, 0x00, 0x00, 0x00, 0x00, 0x00, 0x00, 0x00, 0x00, 0x00,
        0x00, 0x00, 0x00, 0x00, 0x00, 0x00, 0x00, 0x00, 0x00, 0x00, 0x00, 0x00, 0x00, 0x00, 0x00, 0x00,
        0x00, 0x00, 0x00, 0x00, 0x00, 0x00, 0x00, 0x00, 0x00, 0x00, 0x00, 0x00, 0x00, 0x00, 0x00, 0x00,
        0x00, 0x00, 0x00, 0x00, 0x00, 0x00, 0x00, 0x00, 0x00, 0x00, 0x00, 0x00, 0x00, 0x00, 0x00, 0x00,
    },
    // Frame 20 (delay: 130ms)
    {
        0x00, 0x00, 0x00, 0x00, 0x00, 0x00, 0x00, 0x00, 0x00, 0x00, 0x00, 0x00, 0x00, 0x00, 0x00, 0x00,
        0x00, 0x00, 0x00, 0x00, 0x23, 0x1C, 0x61, 0x80, 0x00, 0x03, 0x01, 0xE0, 0x00, 0x00, 0x00, 0x00,
        0x00, 0x00, 0x00, 0x00, 0x06, 0x60, 0x86, 0x00, 0x00, 0x40, 0xC0, 0xB8, 0x00, 0x00, 0x00, 0x00,
        0x00, 0x00, 0x00, 0x00, 0x0C, 0xC0, 0x1C, 0x0C, 0x00, 0x00, 0x32, 0x4C, 0x80, 0x00, 0x00, 0x00,
        0x00, 0x00, 0x00, 0x00, 0x59, 0x30, 0x78, 0x20, 0x00, 0x00, 0x19, 0xE7, 0xC0, 0x00, 0x00, 0x00,
        0x00, 0x00, 0x00, 0x09, 0xB2, 0x62, 0xC0, 0x03, 0xC0, 0x0C, 0x0C, 0xF1, 0xE0, 0x00, 0x00, 0x00,
        0x00, 0x00, 0x00, 0x03, 0x20, 0xCC, 0x00, 0x0C, 0x20, 0x03, 0x82, 0x5F, 0x20, 0x00, 0x00, 0x00,
        0x00, 0x00, 0x00, 0x02, 0x61, 0xF8, 0x00, 0x7C, 0x00, 0x00, 0xE0, 0xFF, 0xE0, 0x00, 0x00, 0x00,
        0x00, 0x00, 0x00, 0x04, 0xE3, 0xE0, 0x0B, 0xC0, 0x18, 0xC8, 0x3F, 0xC0, 0x18, 0x40, 0x00, 0x00,
        0x00, 0x00, 0x00, 0x04, 0xE7, 0x80, 0x17, 0x00, 0x0F, 0xE5, 0x9E, 0x00, 0x00, 0x00, 0x00, 0x00,
        0x00, 0x00, 0x00, 0x0C, 0xCE, 0x00, 0xBC, 0x00, 0x00, 0xFE, 0x30, 0x00, 0x20, 0x00, 0x00, 0x00,
        0x00, 0x00, 0x00, 0x49, 0x94, 0x01, 0x3F, 0x08, 0x00, 0x3F, 0xE0, 0x01, 0x90, 0x00, 0x00, 0x00,
        0x00, 0x00, 0x00, 0x59, 0xB0, 0x03, 0x74, 0xF1, 0x83, 0x8F, 0x80, 0x00, 0xD0, 0x00, 0x00, 0x00,
        0x00, 0x00, 0x00, 0xFF, 0xB8, 0x16, 0xE1, 0x82, 0x00, 0xD9, 0x00, 0x00, 0xF8, 0x00, 0x00, 0x00,
        0x00, 0x00, 0x00, 0xED, 0x28, 0x37, 0xE3, 0x18, 0x00, 0x32, 0x00, 0x60, 0x78, 0x00, 0x00, 0x00,
        0x00, 0x00, 0x00, 0xE9, 0x64, 0x6F, 0xCF, 0xF0, 0x00, 0x64, 0x00, 0x01, 0x3C, 0x80, 0x00, 0x00,
        0x00, 0x00, 0x00, 0xCA, 0x46, 0x3F, 0xF9, 0x81, 0xC0, 0x48, 0x00, 0x00, 0x3E, 0x00, 0x00, 0x00,
        0x00, 0x00, 0x20, 0xC6, 0xC3, 0x10, 0x3C, 0xC6, 0x20, 0x08, 0x00, 0x00, 0xBE, 0x20, 0x00, 0x00,
        0x00, 0x00, 0x21, 0xBC, 0x81, 0xC0, 0x0E, 0x08, 0x10, 0x10, 0x07, 0xF0, 0x9F, 0x60, 0x00, 0x00,
        0x00, 0x00, 0x05, 0xBC, 0x20, 0x00, 0x03, 0x10, 0x0C, 0x00, 0x00, 0x06, 0x0F, 0x48, 0x00, 0x00,
        0x00, 0x00, 0x05, 0xBC, 0x00, 0x01, 0x02, 0x20, 0x02, 0x00, 0xC0, 0x06, 0x4F, 0xC0, 0x00, 0x00,
        0x00, 0x00, 0x05, 0x1A, 0x00, 0x1F, 0xE0, 0x02, 0xE0, 0x07, 0xFC, 0x9F, 0x4F, 0xC0, 0x00, 0x00,
        0x00, 0x00, 0x07, 0x9C, 0x51, 0x01, 0xF8, 0x00, 0x00, 0x0F, 0xC0, 0x0F, 0x8F, 0xC0, 0x00, 0x00,
        0x00, 0x00, 0x07, 0xD8, 0x52, 0x04, 0xFC, 0x00, 0x00, 0x1F, 0x90, 0x01, 0x8F, 0xE0, 0x00, 0x00,
        0x00, 0x00, 0x03, 0xD8, 0x21, 0x0E, 0x3C, 0x00, 0x00, 0x1C, 0x30, 0x87, 0xCF, 0xF0, 0x00, 0x00,
        0x00, 0x00, 0x23, 0xFF, 0xA7, 0x4F, 0x04, 0x00, 0x00, 0x38, 0x3A, 0xF4, 0xEF, 0xB0, 0x00, 0x00,
        0x00, 0x00, 0x31, 0xFF, 0x33, 0x73, 0x80, 0x00, 0x00, 0x00, 0xE7, 0x72, 0x7F, 0xB0, 0x00, 0x00,
        0x00, 0x00, 0x29, 0xFE, 0x7D, 0xF3, 0xC4, 0x00, 0x00, 0x01, 0x17, 0xEF, 0xBF, 0x70, 0x00, 0x00,
        0x00, 0x00, 0x29, 0xF0, 0xFE, 0xF6, 0x62, 0x00, 0x00, 0x03, 0x1F, 0x9F, 0xC3, 0x62, 0x00, 0x00,
        0x00, 0x00, 0x37, 0xEF, 0xFF, 0x24, 0x60, 0xC0, 0x01, 0x02, 0x0B, 0x3F, 0xFD, 0xE0, 0x00, 0x00,
        0x00, 0x00, 0x1F, 0xDF, 0xFF, 0x80, 0x24, 0xC0, 0x03, 0x82, 0x00, 0x7F, 0xFE, 0xF9, 0x00, 0x00,
        0x00, 0x00, 0x9F, 0x9F, 0xFF, 0xC0, 0x00, 0x01, 0xC0, 0x00, 0x00, 0xFF, 0xFE, 0xF9, 0x00, 0x00,
        0x00, 0x00, 0x1E, 0x3F, 0xFF, 0xE0, 0x00, 0x00, 0x00, 0x00, 0x01, 0xFF, 0xFE, 0x39, 0x00, 0x00,
        0x00, 0x00, 0x1D, 0xFF, 0x7E, 0xE7, 0x00, 0x00, 0x00, 0x00, 0x31, 0xDF, 0xBD, 0xDE, 0x00, 0x00,
        0x00, 0x00, 0x1D, 0xFF, 0x7E, 0x70, 0x00, 0x00, 0x00, 0x04, 0x03, 0x9F, 0xBF, 0xEE, 0x00, 0x00,
        0x00, 0x00, 0x19, 0xFF, 0xFE, 0x70, 0x09, 0x84, 0x00, 0x08, 0x03, 0xBF, 0xFF, 0xEE, 0x00, 0x00,
        0x00, 0x00, 0x33, 0xEF, 0xBF, 0x38, 0x24, 0xC1, 0x80, 0x96, 0x07, 0x3F, 0x7D, 0xE6, 0x00, 0x00,
        0x00, 0x00, 0x37, 0xEF, 0xBF, 0x1C, 0x62, 0x80, 0x00, 0x23, 0x0F, 0x3F, 0x7D, 0xFA, 0x00, 0x00,
        0x00, 0x00, 0x3F, 0xFF, 0xBF, 0x3E, 0x86, 0x00, 0x00, 0x62, 0xDE, 0x3F, 0x7F, 0xFF, 0x00, 0x00,
        0x00, 0x00, 0xB7, 0xF7, 0xFF, 0xBE, 0x87, 0x80, 0x00, 0xF4, 0xDE, 0x7E, 0xFB, 0xFB, 0x00, 0x00,
        0x00, 0x00, 0x57, 0xF7, 0xDF, 0xBE, 0x8F, 0xC0, 0x00, 0x60, 0xDE, 0xFE, 0xFB, 0xBA, 0x00, 0x00,
        0x00, 0x00, 0x37, 0x7F, 0xDC, 0xBD, 0xCF, 0x00, 0x00, 0x48, 0xDF, 0x4E, 0xF7, 0xBE, 0x00, 0x00,
        0x00, 0x00, 0x3B, 0xFB, 0xE3, 0x3D, 0x23, 0xC0, 0x00, 0xF0, 0xEF, 0x61, 0xF7, 0xF6, 0x00, 0x00,
        0x00, 0x00, 0x1B, 0xBB, 0xE0, 0x7D, 0x23, 0x00, 0x00, 0x61, 0xAF, 0x09, 0xFF, 0x76, 0x00, 0x00,
        0x00, 0x00, 0x0F, 0xBD, 0x91, 0xFB, 0x81, 0x00, 0x00, 0x43, 0x2F, 0xC3, 0xEF, 0x6C, 0x00, 0x00,
        0x00, 0x00, 0x3D, 0xDC, 0x07, 0xF3, 0x45, 0x20, 0x00, 0x82, 0x77, 0xF1, 0x1E, 0xEC, 0x00, 0x00,
        0x00, 0x00, 0x0E, 0xCF, 0x0F, 0xF3, 0x63, 0x3C, 0x00, 0x84, 0xF7, 0xF8, 0x1E, 0xD8, 0x00, 0x00,
        0x00, 0x00, 0x06, 0xE0, 0x6F, 0xE4, 0xA1, 0x3E, 0x01, 0x00, 0xFB, 0xF9, 0x01, 0xD0, 0x00, 0x00,
        0x00, 0x00, 0x03, 0x03, 0xE7, 0x3C, 0x10, 0xBE, 0x03, 0x01, 0xFC, 0x39, 0xC0, 0x31, 0x00, 0x00,
        0x00, 0x00, 0x01, 0xFF, 0xF0, 0xFC, 0x00, 0xFF, 0x02, 0x05, 0xC7, 0x9B, 0xF8, 0x78, 0x00, 0x00,
        0x00, 0x00, 0x01, 0xF7, 0x3F, 0xFA, 0x80, 0xFF, 0x80, 0x01, 0x47, 0xF7, 0x7F, 0xE0, 0x00, 0x00,
        0x00, 0x00, 0x00, 0x0F, 0x1F, 0xF9, 0x20, 0xFF, 0x86, 0x02, 0x8F, 0xFF, 0xFF, 0x00, 0x00, 0x00,
        0x00, 0x00, 0x01, 0xFA, 0x3F, 0xED, 0x80, 0x5F, 0x80, 0x20, 0x0B, 0xF7, 0xFF, 0x80, 0x00, 0x00,
        0x00, 0x00, 0x00, 0x21, 0xB9, 0xE6, 0x00, 0x46, 0x00, 0x00, 0x1B, 0x7B, 0x38, 0x00, 0x00, 0x00,
        0x00, 0x00, 0x00, 0x01, 0x0D, 0xE2, 0x00, 0x2E, 0x08, 0x40, 0x56, 0xFE, 0x3C, 0x00, 0x00, 0x00,
        0x00, 0x00, 0x00, 0x00, 0x04, 0x79, 0x80, 0x30, 0x98, 0x80, 0x3D, 0xE6, 0x20, 0x00, 0x00, 0x00,
        0x00, 0x00, 0x00, 0x08, 0x86, 0x3E, 0x40, 0x18, 0x83, 0x08, 0x3B, 0xC8, 0x04, 0x00, 0x00, 0x00,
        0x00, 0x00, 0x00, 0x00, 0x41, 0x1F, 0x26, 0x00, 0x1F, 0xA0, 0xE1, 0x10, 0x00, 0x00, 0x00, 0x00,
        0x00, 0x00, 0x00, 0x00, 0x61, 0x9B, 0x81, 0xF5, 0xFF, 0xC1, 0xC2, 0x20, 0x80, 0x00, 0x00, 0x00,
        0x00, 0x00, 0x00, 0x00, 0x30, 0x81, 0xE0, 0x7F, 0xCF, 0x03, 0x80, 0x41, 0x00, 0x00, 0x00, 0x00,
        0x00, 0x00, 0x00, 0x00, 0x38, 0x40, 0x78, 0x0F, 0xF8, 0x0C, 0x00, 0xC0, 0x00, 0x00, 0x00, 0x00,
        0x00, 0x00, 0x00, 0x00, 0x0E, 0x20, 0x2F, 0x00, 0x00, 0x00, 0x03, 0x82, 0x00, 0x00, 0x00, 0x00,
        0x00, 0x00, 0x00, 0x00, 0x03, 0x10, 0x00, 0xC0, 0x00, 0x00, 0x0F, 0x34, 0x00, 0x00, 0x00, 0x00,
        0x00, 0x00, 0x00, 0x00, 0x00, 0x00, 0x00, 0x00, 0x00, 0x00, 0x00, 0x00, 0x00, 0x00, 0x00, 0x00,
    },
    // Frame 21 (delay: 140ms)
    {
        0x00, 0x00, 0x00, 0x00, 0x00, 0x00, 0x00, 0x00, 0x00, 0x00, 0x00, 0x00, 0x00, 0x00, 0x00, 0x00,
        0x00, 0x00, 0x00, 0x00, 0x63, 0xBC, 0x61, 0x80, 0x00, 0x07, 0x01, 0xF4, 0x00, 0x00, 0x00, 0x00,
        0x00, 0x00, 0x00, 0x00, 0x06, 0x60, 0x87, 0x00, 0x00, 0x40, 0xC4, 0xF8, 0x00, 0x00, 0x00, 0x00,
        0x00, 0x00, 0x00, 0x00, 0x0C, 0xC8, 0x1C, 0x0C, 0x00, 0x00, 0x77, 0x4C, 0x80, 0x00, 0x00, 0x00,
        0x00, 0x00, 0x00, 0x04, 0x59, 0x30, 0x78, 0x30, 0x00, 0x00, 0x9B, 0xF7, 0xC0, 0x00, 0x00, 0x00,
        0x00, 0x00, 0x00, 0x09, 0xBB, 0x66, 0xC0, 0x03, 0xC0, 0x1E, 0x0D, 0xFB, 0xE0, 0x00, 0x00, 0x00,
        0x00, 0x00, 0x00, 0x03, 0x70, 0xDD, 0x00, 0x8C, 0x20, 0x03, 0x87, 0xFF, 0xE0, 0x00, 0x00, 0x00,
        0x00, 0x00, 0x00, 0x02, 0x71, 0xF8, 0x00, 0xFC, 0x00, 0x80, 0xE3, 0xFF, 0xF0, 0x00, 0x00, 0x00,
        0x00, 0x00, 0x00, 0x06, 0xF3, 0xE0, 0x1B, 0xC2, 0x58, 0xC9, 0x3F, 0xC0, 0x38, 0x40, 0x00, 0x00,
        0x00, 0x00, 0x08, 0x04, 0xE7, 0x80, 0x1F, 0x00, 0x0F, 0xE5, 0x9E, 0x00, 0x0C, 0x00, 0x00, 0x00,
        0x00, 0x00, 0x00, 0x0C, 0xCE, 0x00, 0xBC, 0x00, 0x01, 0xFF, 0x70, 0x00, 0x20, 0x00, 0x00, 0x00,
        0x00, 0x00, 0x01, 0x49, 0x94, 0x21, 0xBF, 0x3C, 0x06, 0x3F, 0xE0, 0x01, 0xD0, 0x00, 0x00, 0x00,
        0x00, 0x00, 0x00, 0x5B, 0xF8, 0x0B, 0x76, 0xFB, 0xD7, 0xCF, 0x80, 0x00, 0xD0, 0x00, 0x00, 0x00,
        0x00, 0x00, 0x0C, 0xFF, 0xB9, 0x16, 0xE1, 0x86, 0x00, 0xD9, 0x00, 0x10, 0xF8, 0x00, 0x00, 0x00,
        0x00, 0x00, 0x08, 0xED, 0x6A, 0x37, 0xE7, 0x18, 0x00, 0x32, 0x00, 0xF0, 0x79, 0x00, 0x00, 0x00,
        0x00, 0x00, 0x00, 0xEB, 0x64, 0x6F, 0xCF, 0xF0, 0x00, 0x64, 0x00, 0xF1, 0x7C, 0x90, 0x00, 0x00,
        0x00, 0x00, 0x00, 0xCA, 0x66, 0x7F, 0xFF, 0x81, 0xC0, 0xC8, 0x00, 0x00, 0x3E, 0x90, 0x00, 0x00,
        0x00, 0x00, 0x20, 0xDE, 0xC3, 0x10, 0x3C, 0xC6, 0x60, 0x98, 0x00, 0x00, 0xBE, 0x20, 0x00, 0x00,
        0x00, 0x00, 0x25, 0xBC, 0xA1, 0xC0, 0x0E, 0x08, 0x18, 0x10, 0x0F, 0xF0, 0x9F, 0x60, 0x00, 0x00,
        0x00, 0x00, 0x05, 0xBC, 0x20, 0x00, 0x07, 0x10, 0x0C, 0x20, 0x00, 0x06, 0x8F, 0xC8, 0x00, 0x00,
        0x00, 0x00, 0x05, 0xBC, 0x10, 0x07, 0x83, 0x20, 0x02, 0x00, 0xF0, 0x26, 0x4F, 0xC0, 0x00, 0x00,
        0x00, 0x00, 0x05, 0x9A, 0x58, 0x1F, 0xF1, 0x03, 0xE0, 0x07, 0xFD, 0x9F, 0x4F, 0xE0, 0x00, 0x00,
        0x00, 0x00, 0x07, 0x9C, 0xD9, 0x23, 0xF8, 0x00, 0x00, 0x0F, 0xC2, 0x8F, 0x8F, 0xE0, 0x00, 0x00,
        0x00, 0x00, 0x07, 0xDC, 0x53, 0xA4, 0xFC, 0x00, 0x00, 0x1F, 0xB4, 0xE5, 0x8F, 0xF0, 0x00, 0x00,
        0x00, 0x00, 0x27, 0xFC, 0xF1, 0x8E, 0x7C, 0x00, 0x00, 0x3F, 0x30, 0xE7, 0xCF, 0xF0, 0x00, 0x00,
        0x00, 0x00, 0x2B, 0xFF, 0xA7, 0x7F, 0x1C, 0x00, 0x00, 0x38, 0x7B, 0xFD, 0xFF, 0xB4, 0x00, 0x00,
        0x00, 0x00, 0x39, 0xFF, 0x37, 0xFF, 0x88, 0x00, 0x20, 0x28, 0xFF, 0x73, 0x7F, 0xB2, 0x00, 0x00,
        0x00, 0x00, 0x39, 0xFE, 0x7D, 0xF3, 0xCC, 0x00, 0x00, 0x23, 0xFF, 0xEF, 0xBF, 0xF2, 0x00, 0x00,
        0x00, 0x00, 0x2D, 0xF0, 0xFE, 0xF6, 0x62, 0x00, 0x00, 0x23, 0x3F, 0x9F, 0xC7, 0x66, 0x00, 0x00,
        0x00, 0x00, 0x3F, 0xFF, 0xFF, 0x25, 0x66, 0xC0, 0x01, 0x33, 0x0B, 0x3F, 0xFD, 0xE8, 0x00, 0x00,
        0x00, 0x00, 0x3F, 0xDF, 0xFF, 0x90, 0x34, 0xC1, 0x43, 0xB6, 0x06, 0x7F, 0xFF, 0xF9, 0x00, 0x00,
        0x00, 0x00, 0x9F, 0xDF, 0xFF, 0xC0, 0x10, 0x41, 0xC3, 0x00, 0x00, 0xFF, 0xFE, 0xF9, 0x80, 0x00,
        0x00, 0x00, 0x1F, 0x7F, 0xFF, 0xE0, 0x00, 0x00, 0x00, 0x00, 0x01, 0xFF, 0xFE, 0x7B, 0x00, 0x00,
        0x00, 0x00, 0x1F, 0xFF, 0x7E, 0xE7, 0x00, 0x20, 0x00, 0x00, 0x31, 0xDF, 0xFF, 0xDE, 0x00, 0x00,
        0x00, 0x00, 0x1D, 0xFF, 0x7E, 0x70, 0x01, 0x28, 0x08, 0x04, 0x73, 0x9F, 0xBF, 0xFE, 0x00, 0x00,
        0x00, 0x01, 0x1D, 0xFF, 0xFF, 0x70, 0x09, 0x84, 0x20, 0x58, 0x07, 0xBF, 0xFF, 0xEE, 0x00, 0x00,
        0x00, 0x01, 0x3F, 0xEF, 0xFF, 0x39, 0x37, 0xC1, 0x81, 0xB7, 0x27, 0x3F, 0xFF, 0xF6, 0x00, 0x00,
        0x00, 0x00, 0x37, 0xFF, 0xBF, 0x3C, 0x62, 0xE0, 0x00, 0x23, 0x8F, 0x3F, 0x7F, 0xFA, 0x80, 0x00,
        0x00, 0x00, 0x3F, 0xFF, 0xBF, 0x3E, 0x87, 0x80, 0x00, 0x62, 0xDE, 0x3F, 0x7F, 0xFF, 0x00, 0x00,
        0x00, 0x00, 0xB7, 0xF7, 0xFF, 0xBE, 0x87, 0x80, 0x00, 0xF4, 0xDF, 0x7F, 0xFB, 0xFB, 0x00, 0x00,
        0x00, 0x00, 0x77, 0xF7, 0xDF, 0xBF, 0xCF, 0xC0, 0x00, 0xED, 0xDF, 0xFE, 0xFF, 0xBA, 0x00, 0x00,
        0x00, 0x00, 0x3F, 0xFF, 0xDF, 0xBD, 0xCF, 0xE0, 0x00, 0xE9, 0xFF, 0xDE, 0xF7, 0xFE, 0x00, 0x00,
        0x00, 0x00, 0x3F, 0xFB, 0xEF, 0x3D, 0xA3, 0xE0, 0x01, 0xF1, 0xEF, 0x75, 0xF7, 0xF6, 0x00, 0x00,
        0x00, 0x00, 0x1B, 0xFF, 0xE0, 0x7F, 0x23, 0x00, 0x00, 0x61, 0xAF, 0x19, 0xFF, 0x76, 0x00, 0x00,
        0x00, 0x00, 0x6F, 0xFD, 0xF1, 0xFB, 0x81, 0x00, 0x00, 0xC3, 0x7F, 0xC3, 0xEF, 0xFE, 0x00, 0x00,
        0x00, 0x00, 0x3D, 0xDC, 0x27, 0xFB, 0x45, 0x30, 0x00, 0xC2, 0x77, 0xFB, 0x1E, 0xEC, 0x00, 0x00,
        0x00, 0x00, 0x0E, 0xCF, 0x0F, 0xF3, 0x63, 0x3C, 0x01, 0x84, 0xF7, 0xF8, 0x1F, 0xD8, 0x00, 0x00,
        0x00, 0x00, 0x0E, 0xE0, 0x6F, 0xE6, 0xA1, 0xBE, 0x01, 0x08, 0xFB, 0xFD, 0x21, 0xD0, 0x80, 0x00,
        0x00, 0x00, 0x03, 0x03, 0xEF, 0x3C, 0x30, 0xBF, 0x03, 0x81, 0xFC, 0x39, 0xC0, 0x3D, 0x00, 0x00,
        0x00, 0x00, 0x01, 0xFF, 0xF1, 0xFD, 0x18, 0xFF, 0x82, 0x07, 0xC7, 0x9B, 0xFE, 0xFA, 0x00, 0x00,
        0x00, 0x00, 0x01, 0xFF, 0xFF, 0xFE, 0x84, 0xFF, 0x80, 0x03, 0xCF, 0xFF, 0xFF, 0xE0, 0x00, 0x00,
        0x00, 0x00, 0x00, 0x0F, 0x1F, 0xFD, 0x20, 0xFF, 0x87, 0x32, 0x8F, 0xFF, 0xFF, 0x40, 0x00, 0x00,
        0x00, 0x00, 0x01, 0xFA, 0x7F, 0xFD, 0x80, 0x5F, 0x88, 0x20, 0x1F, 0xFF, 0xFF, 0xC0, 0x00, 0x00,
        0x00, 0x00, 0x00, 0x21, 0xBF, 0xFE, 0x00, 0x67, 0x08, 0x20, 0x3F, 0x7B, 0xB8, 0x00, 0x00, 0x00,
        0x00, 0x00, 0x00, 0x03, 0x0D, 0xE7, 0x00, 0x7F, 0x88, 0x40, 0x7E, 0xFE, 0x3C, 0x10, 0x00, 0x00,
        0x00, 0x00, 0x00, 0x00, 0x84, 0xFF, 0x80, 0xF2, 0x98, 0x80, 0x3D, 0xE6, 0x20, 0x60, 0x00, 0x00,
        0x00, 0x00, 0x00, 0x08, 0x86, 0x7E, 0xC0, 0x1F, 0x83, 0x98, 0x7B, 0xCC, 0x04, 0x00, 0x00, 0x00,
        0x00, 0x00, 0x00, 0x00, 0x41, 0x3F, 0x36, 0x00, 0x1F, 0xA0, 0xE1, 0x30, 0x44, 0x00, 0x00, 0x00,
        0x00, 0x00, 0x00, 0x00, 0x61, 0x9B, 0xC9, 0xF7, 0xFF, 0xC1, 0xC2, 0x70, 0x80, 0x00, 0x00, 0x00,
        0x00, 0x00, 0x00, 0x00, 0x70, 0x89, 0xE0, 0x7F, 0xFF, 0x07, 0x84, 0x61, 0x00, 0x00, 0x00, 0x00,
        0x00, 0x00, 0x00, 0x00, 0x38, 0x44, 0x78, 0x0F, 0xF8, 0x1C, 0x00, 0xC3, 0x00, 0x00, 0x00, 0x00,
        0x00, 0x00, 0x00, 0x00, 0x0F, 0x20, 0x3F, 0x80, 0x00, 0x80, 0x03, 0x96, 0x00, 0x00, 0x00, 0x00,
        0x00, 0x00, 0x00, 0x00, 0x07, 0x10, 0x00, 0xC0, 0x00, 0x00, 0x0F, 0x3C, 0x00, 0x00, 0x00, 0x00,
        0x00, 0x00, 0x00, 0x00, 0x00, 0x00, 0x00, 0x00, 0x00, 0x00, 0x00, 0x00, 0x00, 0x00, 0x00, 0x00,
    },
    // Frame 22 (delay: 140ms)
    {
        0x00, 0x00, 0x00, 0x00, 0x00, 0x00, 0x00, 0x00, 0x00, 0x00, 0x00, 0x00, 0x00, 0x00, 0x00, 0x00,
        0x00, 0x00, 0x00, 0x00, 0x63, 0xBC, 0x63, 0xC0, 0x00, 0x07, 0x81, 0xF4, 0x00, 0x00, 0x00, 0x00,
        0x00, 0x00, 0x00, 0x00, 0x07, 0x70, 0x8F, 0x40, 0x00, 0x61, 0xE4, 0xF8, 0x00, 0x00, 0x00, 0x00,
        0x00, 0x00, 0x00, 0x00, 0x0C, 0xC8, 0x1F, 0x0C, 0x00, 0x00, 0x77, 0xEC, 0x80, 0x00, 0x00, 0x00,
        0x00, 0x00, 0x00, 0x04, 0xDD, 0x30, 0x78, 0x70, 0x00, 0x20, 0x9B, 0xF7, 0xC0, 0x00, 0x00, 0x00,
        0x00, 0x00, 0x00, 0x09, 0xBB, 0x67, 0xE0, 0xC7, 0xC0, 0x1E, 0x0F, 0xFB, 0xE0, 0x00, 0x00, 0x00,
        0x00, 0x00, 0x00, 0x13, 0x7E, 0xDF, 0x01, 0x9E, 0x64, 0x07, 0x87, 0xFF, 0xE0, 0x80, 0x00, 0x00,
        0x00, 0x00, 0x00, 0x02, 0x7D, 0xF8, 0x04, 0xFC, 0x00, 0xC0, 0xF3, 0xFF, 0xF0, 0x40, 0x00, 0x00,
        0x00, 0x00, 0x00, 0x06, 0xF3, 0xF0, 0x1B, 0xCE, 0xDA, 0xC9, 0x3F, 0xE0, 0x3C, 0x40, 0x00, 0x00,
        0x00, 0x00, 0x08, 0x0C, 0xE7, 0x81, 0x1F, 0x00, 0x1F, 0xEF, 0xBE, 0x00, 0x0C, 0x40, 0x00, 0x00,
        0x00, 0x00, 0x08, 0x2C, 0xCF, 0x00, 0xBC, 0x80, 0x01, 0xFF, 0x78, 0x00, 0xE8, 0x00, 0x00, 0x00,
        0x00, 0x00, 0x01, 0x5D, 0xD4, 0x25, 0xBF, 0x3C, 0x0E, 0x3F, 0xE0, 0x01, 0xF0, 0x00, 0x00, 0x00,
        0x00, 0x00, 0x04, 0xDF, 0xF9, 0x4B, 0x7E, 0xFF, 0xF7, 0xFF, 0x80, 0x00, 0xD0, 0x08, 0x00, 0x00,
        0x00, 0x00, 0x0C, 0xFF, 0xF9, 0x16, 0xE1, 0xC6, 0x00, 0xFD, 0x00, 0x14, 0xF8, 0x00, 0x00, 0x00,
        0x00, 0x00, 0x08, 0xEF, 0xEA, 0x37, 0xF7, 0x78, 0x00, 0x32, 0x00, 0xFA, 0x79, 0x00, 0x00, 0x00,
        0x00, 0x00, 0x08, 0xEF, 0x6F, 0x6F, 0xEF, 0xF0, 0x00, 0x64, 0x01, 0xF1, 0x7D, 0x90, 0x00, 0x00,
        0x00, 0x00, 0x00, 0xDE, 0x66, 0x7F, 0xFF, 0x83, 0xC0, 0xC8, 0x00, 0x00, 0xBE, 0xB0, 0x00, 0x00,
        0x00, 0x00, 0x24, 0xDE, 0xC7, 0x38, 0x3C, 0xC7, 0xF2, 0x98, 0x00, 0x00, 0xBE, 0xA0, 0x00, 0x00,
        0x00, 0x00, 0x25, 0xFE, 0xA3, 0xE0, 0x0E, 0x08, 0x18, 0x10, 0x1F, 0xFC, 0x9F, 0xF0, 0x00, 0x00,
        0x00, 0x00, 0x05, 0xBC, 0x20, 0x40, 0x07, 0x10, 0x0C, 0x20, 0x00, 0x36, 0x8F, 0xCC, 0x00, 0x00,
        0x00, 0x00, 0x07, 0xBC, 0x32, 0x0F, 0x83, 0x60, 0x06, 0x20, 0xF0, 0x3E, 0xCF, 0xC4, 0x00, 0x00,
        0x00, 0x00, 0x07, 0xDA, 0x59, 0x1F, 0xF1, 0x43, 0xE0, 0x07, 0xFD, 0x9F, 0x4F, 0xE0, 0x00, 0x00,
        0x00, 0x00, 0x07, 0xDC, 0xD9, 0x23, 0xF9, 0x01, 0x80, 0x0F, 0xC2, 0x8F, 0xCF, 0xE0, 0x00, 0x00,
        0x00, 0x00, 0x07, 0xDC, 0xF3, 0xE7, 0xFC, 0x00, 0x00, 0x1F, 0xB6, 0xF7, 0xCF, 0xF0, 0x00, 0x00,
        0x00, 0x00, 0x27, 0xFE, 0xFD, 0xEE, 0xFC, 0x00, 0x00, 0x3F, 0x7E, 0xF7, 0xCF, 0xF0, 0x00, 0x00,
        0x00, 0x00, 0x2F, 0xFF, 0xB7, 0xFF, 0x3C, 0x00, 0x00, 0x3E, 0x7F, 0xFD, 0xFF, 0xB4, 0x00, 0x00,
        0x00, 0x00, 0x39, 0xFF, 0x3F, 0xFF, 0x9C, 0x04, 0x20, 0x3D, 0xFF, 0x7B, 0x7F, 0xB6, 0x00, 0x00,
        0x00, 0x00, 0x39, 0xFE, 0x7D, 0xF7, 0xCE, 0x08, 0x20, 0x33, 0xFF, 0xEF, 0xBF, 0xF2, 0x00, 0x00,
        0x00, 0x00, 0x3F, 0xF8, 0xFE, 0xFF, 0xE6, 0x00, 0x10, 0x33, 0x3F, 0xDF, 0xCF, 0x76, 0x00, 0x00,
        0x00, 0x00, 0x3F, 0xFF, 0xFF, 0x6D, 0x66, 0xC0, 0x01, 0x77, 0x7B, 0x3F, 0xFD, 0xE9, 0x00, 0x00,
        0x00, 0x00, 0xBF, 0xFF, 0xFF, 0xB8, 0x37, 0xC1, 0xC3, 0xB6, 0x46, 0x7F, 0xFF, 0xF9, 0x00, 0x00,
        0x00, 0x00, 0x9F, 0xDF, 0xFF, 0xC0, 0x93, 0x41, 0xC3, 0x62, 0x00, 0xFF, 0xFE, 0xF9, 0x80, 0x00,
        0x00, 0x00, 0x1F, 0x7F, 0xFF, 0xE0, 0x00, 0x00, 0x00, 0x00, 0x01, 0xFF, 0xFF, 0x7B, 0x00, 0x00,
        0x00, 0x00, 0x5F, 0xFF, 0x7E, 0xE7, 0x00, 0x20, 0x06, 0x00, 0x33, 0xDF, 0xFF, 0xDE, 0x00, 0x00,
        0x00, 0x00, 0x1F, 0xFF, 0xFE, 0x70, 0x21, 0x38, 0x1C, 0x06, 0x73, 0x9F, 0xBF, 0xFE, 0x00, 0x00,
        0x00, 0x01, 0x1D, 0xFF, 0xFF, 0x78, 0x9D, 0x9C, 0x38, 0xDC, 0x87, 0xBF, 0xFF, 0xEE, 0x00, 0x00,
        0x00, 0x01, 0x3F, 0xFF, 0xFF, 0x3D, 0x77, 0xC1, 0xC1, 0xF7, 0x6F, 0x3F, 0xFF, 0xF6, 0x00, 0x00,
        0x00, 0x00, 0x3F, 0xFF, 0xFF, 0x3E, 0x6B, 0xE0, 0x81, 0x63, 0x9F, 0x3F, 0x7F, 0xFF, 0x80, 0x00,
        0x00, 0x00, 0xBF, 0xFF, 0xFF, 0x3E, 0x87, 0xC0, 0x03, 0x66, 0xDE, 0x3F, 0x7F, 0xFF, 0x00, 0x00,
        0x00, 0x00, 0xB7, 0xFF, 0xFF, 0xBF, 0x8F, 0x80, 0x00, 0xF6, 0xFF, 0x7F, 0xFF, 0xFF, 0x00, 0x00,
        0x00, 0x00, 0x77, 0xFF, 0xFF, 0xFF, 0xDF, 0xC0, 0x01, 0xED, 0xFF, 0xFE, 0xFF, 0xFA, 0x00, 0x00,
        0x00, 0x02, 0x7F, 0xFF, 0xDF, 0xBF, 0xCF, 0xE0, 0x01, 0xF9, 0xFF, 0xFE, 0xFF, 0xFE, 0x00, 0x00,
        0x00, 0x00, 0x3F, 0xFF, 0xEF, 0xBD, 0xE3, 0xE0, 0x01, 0xF5, 0xFF, 0x7D, 0xFF, 0xFF, 0x00, 0x00,
        0x00, 0x00, 0x1B, 0xFF, 0xE4, 0x7F, 0x23, 0x30, 0x01, 0xE1, 0xAF, 0x39, 0xFF, 0xF6, 0x00, 0x00,
        0x00, 0x00, 0x6F, 0xFD, 0xF3, 0xFF, 0x81, 0x00, 0x00, 0xC3, 0x7F, 0xC3, 0xEF, 0xFE, 0x00, 0x00,
        0x00, 0x00, 0x3D, 0xFE, 0x67, 0xFB, 0xC7, 0x38, 0x00, 0xC7, 0x77, 0xFB, 0x9F, 0xEC, 0x80, 0x00,
        0x00, 0x00, 0x1F, 0xFF, 0x0F, 0xF7, 0xE7, 0x3C, 0x01, 0xA4, 0xF7, 0xFC, 0x3F, 0xF8, 0x00, 0x00,
        0x00, 0x00, 0x0F, 0xE0, 0x6F, 0xE7, 0xA7, 0xBF, 0x01, 0xC9, 0xFB, 0xFD, 0x31, 0xD0, 0x80, 0x00,
        0x00, 0x00, 0x03, 0x83, 0xEF, 0x7C, 0x30, 0xFF, 0x03, 0x81, 0xFE, 0xBF, 0xC2, 0x3D, 0x00, 0x00,
        0x00, 0x00, 0x03, 0xFF, 0xF7, 0xFD, 0x19, 0xFF, 0x86, 0x07, 0xF7, 0xDB, 0xFF, 0xFA, 0x00, 0x00,
        0x00, 0x00, 0x21, 0xFF, 0xFF, 0xFE, 0x87, 0xFF, 0x86, 0x0B, 0xCF, 0xFF, 0xFF, 0xF4, 0x00, 0x00,
        0x00, 0x00, 0x04, 0x0F, 0x5F, 0xFD, 0x20, 0xFF, 0x87, 0x3E, 0xCF, 0xFF, 0xFF, 0x40, 0x00, 0x00,
        0x00, 0x00, 0x01, 0xFA, 0x7F, 0xFD, 0x80, 0x5F, 0x8C, 0x27, 0x9F, 0xFF, 0xFF, 0xC0, 0x00, 0x00,
        0x00, 0x00, 0x00, 0x61, 0xFF, 0xFE, 0x40, 0x6F, 0x18, 0x20, 0x3F, 0x7B, 0xF8, 0x00, 0x00, 0x00,
        0x00, 0x00, 0x02, 0x03, 0x0D, 0xF7, 0x00, 0x7F, 0x98, 0x40, 0x7E, 0xFE, 0x3C, 0x10, 0x00, 0x00,
        0x00, 0x00, 0x00, 0x01, 0x85, 0xFF, 0x80, 0xFE, 0xF8, 0xC4, 0x3F, 0xEF, 0x20, 0x60, 0x00, 0x00,
        0x00, 0x00, 0x00, 0x08, 0x86, 0x7F, 0xE2, 0x1F, 0x83, 0x98, 0x7B, 0xCC, 0x6C, 0x00, 0x00, 0x00,
        0x00, 0x00, 0x00, 0x00, 0x4B, 0x3F, 0xB7, 0x06, 0x7F, 0xB0, 0xF5, 0x38, 0x44, 0x00, 0x00, 0x00,
        0x00, 0x00, 0x00, 0x00, 0x61, 0x9F, 0xC9, 0xFF, 0xFF, 0xC1, 0xC2, 0x70, 0x80, 0x00, 0x00, 0x00,
        0x00, 0x00, 0x00, 0x00, 0x70, 0x89, 0xE0, 0x7F, 0xFF, 0x07, 0x84, 0xE1, 0x00, 0x00, 0x00, 0x00,
        0x00, 0x00, 0x00, 0x00, 0x38, 0x44, 0xF8, 0x1F, 0xFC, 0x1E, 0x01, 0xEB, 0x00, 0x00, 0x00, 0x00,
        0x00, 0x00, 0x00, 0x00, 0x0F, 0x30, 0x3F, 0x80, 0x21, 0xE0, 0x03, 0x9E, 0x00, 0x00, 0x00, 0x00,
        0x00, 0x00, 0x00, 0x00, 0x07, 0x98, 0x01, 0xF8, 0x00, 0x00, 0x0F, 0x3C, 0x00, 0x00, 0x00, 0x00,
        0x00, 0x00, 0x00, 0x00, 0x00, 0x00, 0x00, 0x00, 0x00, 0x00, 0x00, 0x00, 0x00, 0x00, 0x00, 0x00,
    },
    // Frame 23 (delay: 210ms)
    {
        0x00, 0x00, 0x00, 0x00, 0x00, 0x00, 0x00, 0x00, 0x00, 0x00, 0x00, 0x00, 0x00, 0x00, 0x00, 0x00,
        0x00, 0x00, 0x00, 0x00, 0x63, 0xBC, 0x63, 0xC0, 0x00, 0x07, 0x83, 0xF4, 0x00, 0x00, 0x00, 0x00,
        0x00, 0x00, 0x00, 0x00, 0x47, 0x70, 0x8F, 0xE6, 0x00, 0xE1, 0xEC, 0xF9, 0x00, 0x00, 0x00, 0x00,
        0x00, 0x00, 0x00, 0x00, 0x2C, 0xC8, 0x1F, 0x8C, 0x18, 0x00, 0x77, 0xEC, 0x80, 0x00, 0x00, 0x00,
        0x00, 0x00, 0x00, 0x04, 0xDD, 0xB0, 0x78, 0x70, 0x01, 0xF0, 0xBB, 0xF7, 0xC0, 0x00, 0x00, 0x00,
        0x00, 0x00, 0x00, 0x09, 0xBB, 0x67, 0xE2, 0xC7, 0xC0, 0x1E, 0x1F, 0xFB, 0xE0, 0x00, 0x00, 0x00,
        0x00, 0x00, 0x00, 0x1B, 0x7E, 0xDF, 0x81, 0x9E, 0x64, 0x07, 0xC7, 0xFF, 0xE0, 0x80, 0x00, 0x00,
        0x00, 0x00, 0x00, 0x06, 0xFD, 0xFC, 0x2D, 0xFE, 0x11, 0xD0, 0xF7, 0xFF, 0xF0, 0x40, 0x00, 0x00,
        0x00, 0x00, 0x08, 0x06, 0xF3, 0xF0, 0x9B, 0xCE, 0xFF, 0xE9, 0x7F, 0xF0, 0x7C, 0x40, 0x00, 0x00,
        0x00, 0x00, 0x08, 0x0C, 0xE7, 0x81, 0x9F, 0x93, 0x1F, 0xFF, 0xBE, 0x00, 0x0E, 0x40, 0x00, 0x00,
        0x00, 0x00, 0x08, 0x2D, 0xDF, 0x14, 0xBC, 0x84, 0x83, 0xFF, 0xF8, 0x00, 0xFB, 0x00, 0x00, 0x00,
        0x00, 0x00, 0x01, 0x5D, 0xFE, 0x2D, 0xBF, 0x3E, 0x0F, 0x7F, 0xE0, 0x01, 0xF0, 0x20, 0x00, 0x00,
        0x00, 0x00, 0x0E, 0xDF, 0xF9, 0x4B, 0x7E, 0xFF, 0xFF, 0xFF, 0xC0, 0x01, 0xD0, 0x18, 0x00, 0x00,
        0x00, 0x00, 0x0C, 0xFF, 0xF9, 0x16, 0xF1, 0xE7, 0x03, 0xFF, 0x80, 0x3E, 0xFA, 0x08, 0x00, 0x00,
        0x00, 0x00, 0x08, 0xEF, 0xEA, 0x37, 0xF7, 0xFC, 0x00, 0x72, 0x01, 0xFB, 0xFD, 0x00, 0x00, 0x00,
        0x00, 0x00, 0x08, 0xEF, 0x6F, 0x7F, 0xEF, 0xF0, 0x00, 0x66, 0x03, 0xFD, 0x7D, 0x90, 0x00, 0x00,
        0x00, 0x00, 0x04, 0xFF, 0xE6, 0x7F, 0xFF, 0xE3, 0xC0, 0xCC, 0x00, 0x04, 0xFE, 0xB0, 0x00, 0x00,
        0x00, 0x00, 0x24, 0xDE, 0xC7, 0x3C, 0x7C, 0xC7, 0xF2, 0x98, 0x00, 0x02, 0xBE, 0xA0, 0x00, 0x00,
        0x00, 0x00, 0x25, 0xFE, 0xA3, 0xE0, 0x0E, 0x2C, 0x18, 0x10, 0x1F, 0xFE, 0x9F, 0xF0, 0x00, 0x00,
        0x00, 0x00, 0x05, 0xFE, 0xA0, 0x40, 0x07, 0x30, 0x0C, 0x60, 0x01, 0xFE, 0xCF, 0xCC, 0x00, 0x00,
        0x00, 0x00, 0x07, 0xFE, 0x72, 0x4F, 0xC3, 0x64, 0x26, 0xE1, 0xF8, 0x7E, 0xDF, 0xD4, 0x00, 0x00,
        0x00, 0x00, 0x07, 0xDA, 0x79, 0x9F, 0xF1, 0xC3, 0xE1, 0xCF, 0xFD, 0xDF, 0xDF, 0xF2, 0x00, 0x00,
        0x00, 0x00, 0x07, 0xDC, 0xFD, 0x23, 0xF9, 0xA1, 0xC0, 0x1F, 0xC6, 0xCF, 0xCF, 0xE4, 0x00, 0x00,
        0x00, 0x00, 0x8F, 0xDC, 0xF3, 0xE7, 0xFC, 0x00, 0x00, 0x1F, 0xF6, 0xF7, 0xCF, 0xF0, 0x00, 0x00,
        0x00, 0x00, 0x2F, 0xFE, 0xFF, 0xFE, 0xFC, 0x00, 0x00, 0x3F, 0xFF, 0xFF, 0xEF, 0xF0, 0x00, 0x00,
        0x00, 0x00, 0x3F, 0xFF, 0xF7, 0xFF, 0x7E, 0x00, 0x00, 0x3E, 0xFF, 0xFF, 0xFF, 0xF4, 0x00, 0x00,
        0x00, 0x00, 0x39, 0xFF, 0xFF, 0xFF, 0x9E, 0x06, 0x20, 0x3D, 0xFF, 0xFF, 0x7F, 0xF6, 0x00, 0x00,
        0x00, 0x00, 0x3D, 0xFF, 0x7F, 0xFF, 0xCE, 0x0E, 0x30, 0x3B, 0xFF, 0xFF, 0xBF, 0xF2, 0x00, 0x00,
        0x00, 0x00, 0x3F, 0xFD, 0xFE, 0xFF, 0xEE, 0x0C, 0x90, 0x73, 0xFF, 0xFF, 0xCF, 0xF7, 0x00, 0x00,
        0x00, 0x00, 0xBF, 0xFF, 0xFF, 0x7D, 0x6E, 0xC0, 0x03, 0xF7, 0x7B, 0xBF, 0xFF, 0xFB, 0x00, 0x00,
        0x00, 0x00, 0xBF, 0xFF, 0xFF, 0xFD, 0x37, 0xE3, 0xC3, 0xF6, 0x4F, 0x7F, 0xFF, 0xF9, 0x00, 0x00,
        0x00, 0x00, 0x9F, 0xFF, 0xFF, 0xF0, 0x97, 0xC1, 0xC3, 0x62, 0xC2, 0xFF, 0xFE, 0xF9, 0x80, 0x00,
        0x00, 0x00, 0x5F, 0x7F, 0xFF, 0xE0, 0x90, 0x40, 0x00, 0x00, 0x81, 0xFF, 0xFF, 0x7B, 0x00, 0x00,
        0x00, 0x00, 0x5F, 0xFF, 0x7E, 0xF7, 0x20, 0x31, 0x46, 0x08, 0x73, 0xFF, 0xFF, 0xFE, 0x00, 0x00,
        0x00, 0x00, 0x5F, 0xFF, 0xFE, 0xF5, 0xB1, 0x3C, 0x1E, 0x46, 0x73, 0xFF, 0xFF, 0xFE, 0x00, 0x00,
        0x00, 0x01, 0x3D, 0xFF, 0xFF, 0x79, 0xBD, 0x9E, 0xBC, 0xDE, 0xC7, 0xBF, 0xFF, 0xEE, 0x00, 0x00,
        0x00, 0x01, 0x3F, 0xFF, 0xFF, 0x7D, 0x7F, 0xC9, 0xC9, 0xF7, 0x6F, 0x3F, 0xFF, 0xFF, 0x00, 0x00,
        0x00, 0x01, 0x7F, 0xFF, 0xFF, 0x3E, 0xEF, 0xF0, 0x85, 0xE7, 0x9F, 0x3F, 0x7F, 0xFF, 0x80, 0x00,
        0x00, 0x01, 0xBF, 0xFF, 0xFF, 0x3E, 0xBF, 0xE0, 0x03, 0xF7, 0xDE, 0x7F, 0xFF, 0xFF, 0x80, 0x00,
        0x00, 0x00, 0xB7, 0xFF, 0xFF, 0xBF, 0xCF, 0x80, 0x00, 0xF6, 0xFF, 0xFF, 0xFF, 0xFF, 0x00, 0x00,
        0x00, 0x00, 0x7F, 0xFF, 0xFF, 0xFF, 0xDF, 0xC0, 0x01, 0xFD, 0xFF, 0xFF, 0xFF, 0xFE, 0x00, 0x00,
        0x00, 0x03, 0x7F, 0xFF, 0xFF, 0xFF, 0xCF, 0xE0, 0x41, 0xF9, 0xFF, 0xFF, 0xFF, 0xFF, 0x00, 0x00,
        0x00, 0x00, 0x3F, 0xFF, 0xEF, 0xBF, 0xE3, 0xF0, 0x03, 0xF5, 0xFF, 0x7D, 0xFF, 0xFF, 0x00, 0x00,
        0x00, 0x00, 0x5B, 0xFF, 0xE6, 0x7F, 0xB3, 0x7C, 0x03, 0xEB, 0xFF, 0x39, 0xFF, 0xFE, 0x00, 0x00,
        0x00, 0x00, 0x6F, 0xFD, 0xF3, 0xFF, 0x8F, 0x00, 0x06, 0xC3, 0xFF, 0xE3, 0xEF, 0xFE, 0x00, 0x00,
        0x00, 0x00, 0x3D, 0xFE, 0x6F, 0xFB, 0xC7, 0x78, 0x01, 0xF7, 0x7F, 0xFB, 0xDF, 0xFC, 0x80, 0x00,
        0x00, 0x00, 0x1F, 0xFF, 0x2F, 0xF7, 0xE7, 0x3E, 0x01, 0xA4, 0xF7, 0xFC, 0x3F, 0xF8, 0x00, 0x00,
        0x00, 0x00, 0x0F, 0xE0, 0x7F, 0xFF, 0xF7, 0xFF, 0x03, 0xC9, 0xFB, 0xFF, 0x39, 0xD8, 0x80, 0x00,
        0x00, 0x00, 0x03, 0x97, 0xFF, 0x7E, 0xF1, 0xFF, 0x03, 0xC3, 0xFF, 0xFF, 0xE3, 0xBD, 0x00, 0x00,
        0x00, 0x00, 0x03, 0xFF, 0xF7, 0xFD, 0x19, 0xFF, 0x8E, 0x07, 0xF7, 0xFB, 0xFF, 0xFA, 0x00, 0x00,
        0x00, 0x00, 0x21, 0xFF, 0xFF, 0xFE, 0x87, 0xFF, 0x9E, 0x0F, 0xCF, 0xFF, 0xFF, 0xF4, 0x00, 0x00,
        0x00, 0x00, 0x04, 0x0F, 0x7F, 0xFF, 0x21, 0xFF, 0xD7, 0x3E, 0xCF, 0xFF, 0xFF, 0xC0, 0x00, 0x00,
        0x00, 0x00, 0x03, 0xFB, 0x7F, 0xFD, 0x90, 0x5F, 0xBE, 0x3F, 0x9F, 0xFF, 0xFF, 0xC0, 0x00, 0x00,
        0x00, 0x00, 0x00, 0x61, 0xFF, 0xFE, 0xC0, 0xEF, 0x18, 0x2A, 0x3F, 0xFB, 0xFA, 0x00, 0x00, 0x00,
        0x00, 0x00, 0x06, 0x03, 0x0D, 0xFF, 0x05, 0xFF, 0x9A, 0x40, 0x7F, 0xFE, 0x3E, 0x30, 0x00, 0x00,
        0x00, 0x00, 0x00, 0x01, 0x85, 0xFF, 0x81, 0xFF, 0xF8, 0xC4, 0xFF, 0xEF, 0x38, 0xEC, 0x00, 0x00,
        0x00, 0x00, 0x00, 0x08, 0x87, 0x7F, 0xE3, 0x3F, 0xD3, 0x98, 0x7F, 0xDC, 0x6C, 0x00, 0x00, 0x00,
        0x00, 0x00, 0x00, 0x00, 0x4B, 0x3F, 0xF7, 0x0E, 0x7F, 0xF0, 0xFD, 0xB8, 0x44, 0x20, 0x00, 0x00,
        0x00, 0x00, 0x00, 0x00, 0x79, 0x9F, 0xDB, 0xFF, 0xFF, 0xC7, 0xC2, 0x70, 0x82, 0x00, 0x00, 0x00,
        0x00, 0x00, 0x00, 0x00, 0x70, 0x8D, 0xE0, 0x7F, 0xFF, 0x07, 0x84, 0xF1, 0x80, 0x00, 0x00, 0x00,
        0x00, 0x00, 0x00, 0x00, 0x3C, 0xC4, 0xF8, 0x1F, 0xFC, 0x3F, 0x01, 0xEB, 0x00, 0x00, 0x00, 0x00,
        0x00, 0x00, 0x00, 0x00, 0x0F, 0x31, 0x3F, 0x80, 0x71, 0xE0, 0x03, 0xDE, 0x00, 0x00, 0x00, 0x00,
        0x00, 0x00, 0x00, 0x00, 0x07, 0x98, 0x19, 0xFC, 0x00, 0x00, 0x0F, 0x3C, 0x00, 0x00, 0x00, 0x00,
        0x00, 0x00, 0x00, 0x00, 0x00, 0x00, 0x00, 0x00, 0x00, 0x00, 0x00, 0x00, 0x00, 0x00, 0x00, 0x00,
    },
    // Frame 24 (delay: 100ms)
    {
        0x00, 0x55, 0x55, 0x55, 0x55, 0x54, 0x00, 0x00, 0x00, 0x00, 0x00, 0x00, 0x00, 0x00, 0x00, 0x00,
        0x00, 0x2A, 0xAA, 0xAA, 0xAA, 0xAA, 0x80, 0x00, 0x00, 0x00, 0x00, 0x00, 0x00, 0x00, 0x00, 0x00,
        0x00, 0x55, 0x55, 0x55, 0x55, 0x55, 0x54, 0x00, 0x00, 0x00, 0x00, 0x00, 0x00, 0x00, 0x00, 0x00,
        0x00, 0x2A, 0xAA, 0xAA, 0xAA, 0xAA, 0xAA, 0x80, 0x00, 0x00, 0x00, 0x00, 0x00, 0x00, 0x00, 0x00,
        0x00, 0x55, 0x55, 0x55, 0x55, 0x55, 0x55, 0x54, 0x00, 0x00, 0x00, 0x00, 0x00, 0x00, 0x00, 0x00,
        0x00, 0x2A, 0xAA, 0xAA, 0xAA, 0xAA, 0xAA, 0xAA, 0x80, 0x00, 0x00, 0x00, 0x00, 0x00, 0x00, 0x00,
        0x00, 0x55, 0x55, 0x55, 0x55, 0x55, 0x55, 0x55, 0x40, 0x00, 0x00, 0x00, 0x00, 0x00, 0x00, 0x00,
        0x00, 0x6A, 0xAA, 0xAA, 0xAA, 0xAA, 0xAA, 0xAA, 0xA0, 0x00, 0x00, 0x00, 0x00, 0x00, 0x00, 0x00,
        0x00, 0x55, 0x55, 0x55, 0x55, 0x55, 0x55, 0x55, 0x50, 0x00, 0x00, 0x00, 0x00, 0x00, 0x00, 0x00,
        0x00, 0x2A, 0xAA, 0xAA, 0xAA, 0xAA, 0xAA, 0xAA, 0xA8, 0x00, 0x00, 0x00, 0x00, 0x00, 0x00, 0x00,
        0x00, 0x55, 0x55, 0x55, 0x55, 0x55, 0x55, 0x55, 0x54, 0x00, 0x00, 0x00, 0x00, 0x00, 0x00, 0x00,
        0x00, 0x2A, 0xAA, 0xAA, 0xAA, 0xAA, 0xAA, 0xAA, 0xAA, 0x80, 0x00, 0x00, 0x00, 0x00, 0x00, 0x00,
        0x00, 0x55, 0x55, 0x55, 0x55, 0x55, 0x55, 0x55, 0x55, 0x40, 0x00, 0x00, 0x00, 0x00, 0x00, 0x00,
        0x00, 0x2A, 0xAA, 0xAA, 0xAA, 0xAA, 0xAA, 0xAA, 0xAA, 0x80, 0x00, 0x00, 0x00, 0x00, 0x00, 0x00,
        0x00, 0x7F, 0xFF, 0xFF, 0xFF, 0xFF, 0xD5, 0x55, 0x55, 0x40, 0x00, 0x00, 0x00, 0x00, 0x00, 0x00,
        0x00, 0x7F, 0xFF, 0xFF, 0xFF, 0xFF, 0xFF, 0xEA, 0xAA, 0xA0, 0x00, 0x00, 0x00, 0x00, 0x00, 0x00,
        0x00, 0x7F, 0xFF, 0xFF, 0xFF, 0xFF, 0xFF, 0xFF, 0x55, 0x50, 0x00, 0x00, 0x00, 0x00, 0x00, 0x00,
        0x00, 0x7F, 0xFF, 0xFF, 0xFF, 0xFF, 0xFF, 0xFF, 0xEA, 0xA8, 0x00, 0x00, 0x00, 0x00, 0x00, 0x00,
        0x00, 0x7F, 0xFF, 0xFF, 0xFF, 0xFF, 0xFF, 0xFF, 0xFF, 0x54, 0x00, 0x00, 0x00, 0x00, 0x00, 0x00,
        0x00, 0x7F, 0xFF, 0xFF, 0xFF, 0xFF, 0xFF, 0xFF, 0xFF, 0xAA, 0x00, 0x00, 0x00, 0x00, 0x00, 0x00,
        0x00, 0x7F, 0xFF, 0xFF, 0xFF, 0xFF, 0xFF, 0xFF, 0xFF, 0xD4, 0x00, 0x00, 0x00, 0x00, 0x00, 0x00,
        0x00, 0x7F, 0xFF, 0xFF, 0xFF, 0xFF, 0xFF, 0xFF, 0xFF, 0xEA, 0x00, 0x00, 0x00, 0x00, 0x00, 0x00,
        0x00, 0x7F, 0xFF, 0xFF, 0xFF, 0xFF, 0xFF, 0xFF, 0xFF, 0xF5, 0x00, 0x00, 0x00, 0x00, 0x00, 0x00,
        0x00, 0x7F, 0xFF, 0xFF, 0xAA, 0xBF, 0xFF, 0xFF, 0xFF, 0xFA, 0x80, 0x00, 0x00, 0x00, 0x00, 0x00,
        0x00, 0x7F, 0xFF, 0xFD, 0x55, 0x55, 0xFF, 0xFF, 0xFF, 0xFD, 0x00, 0x00, 0x00, 0x00, 0x00, 0x00,
        0x00, 0x7F, 0xFF, 0xFA, 0xAA, 0xAA, 0xAB, 0xBF, 0xFF, 0xFE, 0x80, 0x00, 0x00, 0x00, 0x00, 0x00,
        0x00, 0x7F, 0xFF, 0xFF, 0xD5, 0x55, 0x55, 0x5F, 0xFF, 0xFF, 0x40, 0x00, 0x00, 0x00, 0x00, 0x00,
        0x00, 0x7F, 0xFF, 0xFE, 0xAA, 0xAA, 0xAA, 0xAF, 0xFB, 0xFE, 0x80, 0x00, 0x00, 0x00, 0x00, 0x00,
        0x00, 0x7F, 0xFF, 0xFD, 0x55, 0x55, 0x55, 0x57, 0xFF, 0xFF, 0x40, 0x00, 0x00, 0x00, 0x00, 0x00,
        0x00, 0x7F, 0xFE, 0xAA, 0xAA, 0xAA, 0xAA, 0xAB, 0xFF, 0xEF, 0x80, 0x00, 0x00, 0x00, 0x00, 0x00,
        0x00, 0x7F, 0xFD, 0x55, 0x55, 0x55, 0x55, 0x57, 0x77, 0xF7, 0xC0, 0x00, 0x00, 0x00, 0x00, 0x00,
        0x00, 0x7F, 0xFE, 0xBF, 0xAA, 0xAA, 0xAA, 0xAF, 0xEB, 0xEF, 0x80, 0x00, 0x00, 0x00, 0x00, 0x00,
        0x00, 0x7F, 0xFF, 0x7F, 0x55, 0x55, 0x55, 0x5F, 0xF7, 0x77, 0xC0, 0x00, 0x00, 0x00, 0x00, 0x00,
        0x00, 0x7F, 0xFA, 0xAA, 0xAA, 0xAA, 0xAA, 0xAF, 0xFA, 0xEF, 0x80, 0x00, 0x00, 0x00, 0x00, 0x00,
        0x00, 0x7F, 0xFD, 0x55, 0x55, 0x55, 0x55, 0x57, 0xFD, 0xFF, 0xC0, 0x00, 0x00, 0x00, 0x00, 0x00,
        0x00, 0x7F, 0xFF, 0xFE, 0xAA, 0xAA, 0xAA, 0xAB, 0xFB, 0xFF, 0x80, 0x00, 0x00, 0x00, 0x00, 0x00,
        0x00, 0x7F, 0xFF, 0xFF, 0x55, 0x55, 0x55, 0x57, 0xF7, 0xFF, 0x40, 0x00, 0x00, 0x00, 0x00, 0x00,
        0x00, 0x7F, 0xFF, 0xFF, 0xEA, 0xAA, 0xAA, 0xAF, 0xEF, 0xFE, 0x80, 0x00, 0x00, 0x00, 0x00, 0x00,
        0x00, 0x7F, 0xFF, 0xF5, 0x55, 0x55, 0x57, 0xDF, 0x5F, 0xFD, 0x00, 0x00, 0x00, 0x00, 0x00, 0x00,
        0x00, 0x7F, 0xFF, 0xFA, 0xAA, 0xAB, 0xFF, 0xFF, 0xFF, 0xFE, 0x80, 0x00, 0x00, 0x00, 0x00, 0x00,
        0x00, 0x7F, 0xFF, 0xFF, 0x55, 0x5F, 0xFF, 0xFF, 0xFF, 0xFD, 0x00, 0x00, 0x00, 0x00, 0x00, 0x00,
        0x00, 0x7F, 0xFF, 0xFF, 0xFF, 0xFF, 0xFF, 0xFF, 0xFF, 0xFA, 0x00, 0x00, 0x00, 0x00, 0x00, 0x00,
        0x00, 0x7F, 0xFF, 0xFF, 0xFF, 0xFF, 0xFF, 0xFF, 0xFF, 0xF5, 0x00, 0x00, 0x00, 0x00, 0x00, 0x00,
        0x00, 0x7F, 0xFF, 0xFF, 0xFF, 0xFF, 0xFF, 0xFF, 0xFF, 0xEA, 0x00, 0x00, 0x00, 0x00, 0x00, 0x00,
        0x00, 0x7F, 0xFF, 0xFF, 0xFF, 0xFF, 0xFF, 0xFF, 0xFF, 0x54, 0x00, 0x00, 0x00, 0x00, 0x00, 0x00,
        0x00, 0x7F, 0xFF, 0xFF, 0xFF, 0xFF, 0xFF, 0xFF, 0xFE, 0xA8, 0x00, 0x00, 0x00, 0x00, 0x00, 0x00,
        0x00, 0x7F, 0xFF, 0xFF, 0xFF, 0xFF, 0xFF, 0xFF, 0xF5, 0x50, 0x00, 0x00, 0x00, 0x00, 0x00, 0x00,
        0x00, 0x7F, 0xFF, 0xFF, 0xFF, 0xFF, 0xFF, 0xFE, 0xAA, 0xA8, 0x00, 0x00, 0x00, 0x00, 0x00, 0x00,
        0x00, 0x7F, 0xFF, 0xFF, 0xFF, 0xFF, 0xFF, 0xD5, 0x55, 0x50, 0x00, 0x00, 0x00, 0x00, 0x00, 0x00,
        0x00, 0x7F, 0xFF, 0xFF, 0xFE, 0xFF, 0xEA, 0xAA, 0xAA, 0xA0, 0x00, 0x00, 0x00, 0x00, 0x00, 0x00,
        0x00, 0x55, 0x55, 0x55, 0x55, 0x55, 0x55, 0x55, 0x55, 0x40, 0x00, 0x00, 0x00, 0x00, 0x00, 0x00,
        0x00, 0x2A, 0xAA, 0xAA, 0xAA, 0xAA, 0xAA, 0xAA, 0xAA, 0x80, 0x00, 0x00, 0x00, 0x00, 0x00, 0x00,
        0x00, 0x55, 0x55, 0x55, 0x55, 0x55, 0x55, 0x55, 0x54, 0x00, 0x00, 0x00, 0x00, 0x00, 0x00, 0x00,
        0x00, 0x2A, 0xAA, 0xAA, 0xAA, 0xAA, 0xAA, 0xAA, 0xA8, 0x00, 0x00, 0x00, 0x00, 0x00, 0x00, 0x00,
        0x00, 0x55, 0x55, 0x55, 0x55, 0x55, 0x55, 0x55, 0x50, 0x00, 0x00, 0x00, 0x00, 0x00, 0x00, 0x00,
        0x00, 0x2A, 0xAA, 0xAA, 0xAA, 0xAA, 0xAA, 0xAA, 0xA8, 0x00, 0x00, 0x00, 0x00, 0x00, 0x00, 0x00,
        0x00, 0x75, 0x55, 0x55, 0x55, 0x55, 0x55, 0x55, 0x40, 0x00, 0x00, 0x00, 0x00, 0x00, 0x00, 0x00,
        0x00, 0x2A, 0xAA, 0xAA, 0xAA, 0xAA, 0xAA, 0xAA, 0x80, 0x00, 0x00, 0x00, 0x00, 0x00, 0x00, 0x00,
        0x00, 0x55, 0x55, 0x55, 0x55, 0x55, 0x55, 0x55, 0x00, 0x00, 0x00, 0x00, 0x00, 0x00, 0x00, 0x00,
        0x00, 0x2A, 0xAA, 0xAA, 0xAA, 0xAA, 0xAA, 0xAA, 0x00, 0x00, 0x00, 0x00, 0x00, 0x00, 0x00, 0x00,
        0x00, 0x55, 0x55, 0x55, 0x55, 0x55, 0x54, 0x00, 0x00, 0x00, 0x00, 0x00, 0x00, 0x00, 0x00, 0x00,
        0x00, 0x2A, 0xAA, 0xAA, 0xAA, 0xAA, 0xA8, 0x00, 0x00, 0x00, 0x00, 0x00, 0x00, 0x00, 0x00, 0x00,
        0x00, 0x55, 0x55, 0x55, 0x55, 0x55, 0x00, 0x00, 0x00, 0x00, 0x00, 0x00, 0x00, 0x00, 0x00, 0x00,
        0x00, 0x2A, 0xAA, 0xAA, 0xAA, 0xAA, 0x00, 0x00, 0x00, 0x00, 0x00, 0x00, 0x00, 0x00, 0x00, 0x00,
    },
    // Frame 25 (delay: 100ms)
    {
        0x00, 0x55, 0x55, 0x55, 0x55, 0x54, 0x00, 0x00, 0x00, 0x00, 0x00, 0x00, 0x00, 0x00, 0x00, 0x00,
        0x00, 0x2A, 0xAA, 0xAA, 0xAA, 0xAA, 0xA8, 0x00, 0x00, 0x00, 0x00, 0x00, 0x00, 0x00, 0x00, 0x00,
        0x00, 0x55, 0x55, 0x55, 0x55, 0x55, 0x54, 0x00, 0x00, 0x00, 0x00, 0x00, 0x00, 0x00, 0x00, 0x00,
        0x00, 0x2A, 0xAA, 0xAA, 0xAA, 0xAA, 0xAA, 0x00, 0x00, 0x00, 0x00, 0x00, 0x00, 0x00, 0x00, 0x00,
        0x00, 0x55, 0x55, 0x55, 0x55, 0x55, 0x55, 0x40, 0x00, 0x00, 0x00, 0x00, 0x00, 0x00, 0x00, 0x00,
        0x00, 0x2A, 0xAA, 0xAA, 0xAA, 0xAA, 0xAA, 0xA8, 0x00, 0x00, 0x00, 0x00, 0x00, 0x00, 0x00, 0x00,
        0x00, 0x55, 0x55, 0x55, 0x55, 0x55, 0x55, 0x55, 0x00, 0x00, 0x00, 0x00, 0x00, 0x00, 0x00, 0x00,
        0x00, 0x2A, 0xAA, 0xAA, 0xAA, 0xAA, 0xAA, 0xAA, 0xA0, 0x00, 0x00, 0x00, 0x00, 0x00, 0x00, 0x00,
        0x00, 0x55, 0x55, 0x55, 0x55, 0x55, 0x55, 0x55, 0x50, 0x00, 0x00, 0x00, 0x00, 0x00, 0x00, 0x00,
        0x00, 0x2A, 0xAA, 0xAA, 0xAA, 0xAA, 0xAA, 0xAA, 0xA0, 0x00, 0x00, 0x00, 0x00, 0x00, 0x00, 0x00,
        0x00, 0x55, 0x55, 0x55, 0x55, 0x55, 0x55, 0x55, 0x50, 0x00, 0x00, 0x00, 0x00, 0x00, 0x00, 0x00,
        0x00, 0x2A, 0xAA, 0xAA, 0xAA, 0xAA, 0xAA, 0xAA, 0xAA, 0x80, 0x00, 0x00, 0x00, 0x00, 0x00, 0x00,
        0x00, 0x55, 0x55, 0x55, 0x55, 0x55, 0x55, 0x55, 0x55, 0x00, 0x00, 0x00, 0x00, 0x00, 0x00, 0x00,
        0x00, 0x2A, 0xAA, 0xAA, 0xAA, 0xAA, 0xAA, 0xAA, 0xAA, 0xC0, 0x00, 0x00, 0x00, 0x00, 0x00, 0x00,
        0x00, 0x55, 0x55, 0x55, 0x55, 0x55, 0x55, 0x55, 0x55, 0x40, 0x00, 0x00, 0x00, 0x00, 0x00, 0x00,
        0x00, 0x2A, 0xAA, 0xAA, 0xAA, 0xAA, 0xAA, 0xAA, 0xAA, 0x80, 0x00, 0x00, 0x00, 0x00, 0x00, 0x00,
        0x00, 0x55, 0x55, 0x55, 0x55, 0x55, 0x55, 0x55, 0x55, 0x40, 0x00, 0x00, 0x00, 0x00, 0x00, 0x00,
        0x00, 0x2A, 0xAA, 0xAA, 0xAA, 0xAA, 0xAA, 0xAA, 0xAB, 0xA0, 0x00, 0x00, 0x00, 0x00, 0x00, 0x00,
        0x00, 0x55, 0x55, 0x55, 0x55, 0x55, 0x55, 0x55, 0x57, 0xD0, 0x00, 0x00, 0x00, 0x00, 0x00, 0x00,
        0x00, 0x7F, 0xFF, 0xFF, 0xFE, 0xAA, 0xAA, 0xAA, 0xAF, 0xE8, 0x00, 0x00, 0x00, 0x00, 0x00, 0x00,
        0x00, 0x7F, 0xFF, 0xFF, 0xFF, 0xFF, 0xFF, 0xD5, 0x57, 0xD0, 0x00, 0x00, 0x00, 0x00, 0x00, 0x00,
        0x00, 0x7F, 0xFF, 0xFF, 0xFF, 0xFF, 0xFF, 0xFF, 0xAB, 0xE8, 0x00, 0x00, 0x00, 0x00, 0x00, 0x00,
        0x00, 0x7F, 0xFF, 0xFF, 0xFF, 0xFF, 0xFF, 0xFF, 0xFD, 0xF4, 0x04, 0x00, 0x00, 0x00, 0x00, 0x00,
        0x00, 0x7F, 0xFF, 0xFF, 0xFF, 0xFF, 0xFF, 0xFF, 0xFE, 0xEA, 0x08, 0x00, 0x00, 0x00, 0x00, 0x00,
        0x00, 0x7F, 0xFF, 0xFF, 0xFF, 0xFF, 0xFF, 0xFF, 0xFF, 0x74, 0x38, 0x00, 0x00, 0x00, 0x00, 0x00,
        0x00, 0x7F, 0xFF, 0xFF, 0xFF, 0xFF, 0xFF, 0xFF, 0xFF, 0xFA, 0x70, 0x00, 0x00, 0x00, 0x00, 0x00,
        0x00, 0x7F, 0xFF, 0xFF, 0xFF, 0xFF, 0xFF, 0xFF, 0xFF, 0xFC, 0x5F, 0x00, 0x00, 0x00, 0x00, 0x00,
        0x00, 0x7F, 0xFF, 0xFF, 0xEF, 0xFB, 0xFB, 0xFF, 0xFF, 0xFA, 0xAF, 0x00, 0x00, 0x00, 0x00, 0x00,
        0x00, 0x7F, 0xF5, 0xFF, 0x7F, 0xD5, 0x57, 0xDF, 0xFF, 0xF5, 0x56, 0x38, 0x00, 0x00, 0x00, 0x00,
        0x00, 0x7F, 0xEB, 0xFF, 0xBF, 0xEE, 0xFF, 0xFB, 0xAF, 0xBF, 0xE8, 0x1C, 0x00, 0x00, 0x00, 0x00,
        0x00, 0x7F, 0xF7, 0xFF, 0x7F, 0xFD, 0xFF, 0xFF, 0xFF, 0xFF, 0xF4, 0x00, 0x00, 0x00, 0x00, 0x00,
        0x00, 0x7F, 0xFA, 0xAE, 0xFF, 0xFE, 0xFF, 0xFF, 0xFF, 0xFF, 0xE8, 0x00, 0x00, 0x00, 0x00, 0x00,
        0x00, 0x7F, 0xFD, 0x55, 0x5F, 0xFD, 0x7F, 0xFF, 0xFF, 0x7F, 0xF4, 0x00, 0x00, 0x00, 0x00, 0x00,
        0x00, 0x7F, 0xFF, 0xBA, 0xAB, 0xAE, 0xFF, 0xFA, 0xEF, 0xFF, 0xFC, 0x00, 0x00, 0x00, 0x00, 0x00,
        0x00, 0x7F, 0xFF, 0xFF, 0xFD, 0x7F, 0xFD, 0x5D, 0x5F, 0xFF, 0xDF, 0x80, 0x00, 0x00, 0x00, 0x00,
        0x00, 0x7F, 0xFF, 0xAF, 0xAA, 0xAB, 0xAA, 0xBE, 0xAF, 0xFF, 0xFF, 0xE0, 0x00, 0x00, 0x00, 0x00,
        0x00, 0x7F, 0xFF, 0xF5, 0x55, 0x55, 0x57, 0xFF, 0x5F, 0xFF, 0xF7, 0xE0, 0x00, 0x00, 0x00, 0x00,
        0x00, 0x7F, 0xFF, 0xFE, 0xAA, 0xAA, 0xBF, 0xFE, 0xFF, 0xFF, 0xAF, 0xE0, 0x00, 0x00, 0x00, 0x00,
        0x00, 0x7F, 0xFF, 0xFF, 0xD5, 0x55, 0xFF, 0xFF, 0xFF, 0x7D, 0x07, 0xE0, 0x00, 0x00, 0x00, 0x00,
        0x00, 0x7F, 0xFF, 0xFF, 0xFF, 0xFF, 0xFF, 0xFF, 0xFE, 0xBA, 0x23, 0xC0, 0x00, 0x00, 0x00, 0x00,
        0x00, 0x7F, 0xFF, 0xFF, 0xFF, 0xFF, 0xFF, 0xFF, 0xFD, 0x74, 0x00, 0x00, 0x00, 0x00, 0x00, 0x00,
        0x00, 0x7F, 0xFF, 0xFF, 0xFF, 0xFF, 0xFF, 0xFF, 0xFA, 0xE8, 0x00, 0x00, 0x00, 0x00, 0x00, 0x00,
        0x00, 0x7F, 0xFF, 0xFF, 0xFF, 0xFF, 0xFF, 0xFF, 0xD5, 0xF4, 0x00, 0x00, 0x00, 0x00, 0x00, 0x00,
        0x00, 0x7F, 0xFF, 0xFF, 0xFF, 0xFF, 0xFF, 0xEA, 0xAA, 0xE8, 0x00, 0x00, 0x00, 0x00, 0x00, 0x00,
        0x00, 0x7F, 0xFF, 0xFF, 0xFF, 0x55, 0x55, 0x55, 0x55, 0xD0, 0x00, 0x00, 0x00, 0x00, 0x00, 0x00,
        0x00, 0x2A, 0xAA, 0xAA, 0xAA, 0xAA, 0xAA, 0xAA, 0xAA, 0xA0, 0x10, 0x00, 0x00, 0x00, 0x00, 0x00,
        0x00, 0x55, 0x55, 0x55, 0x55, 0x55, 0x55, 0x55, 0x55, 0x40, 0x00, 0x00, 0x00, 0x00, 0x00, 0x00,
        0x00, 0x2A, 0xAA, 0xAA, 0xAA, 0xAA, 0xAA, 0xAA, 0xAA, 0xA0, 0x00, 0x00, 0x00, 0x00, 0x00, 0x00,
        0x00, 0x55, 0x55, 0x55, 0x55, 0x55, 0x55, 0x55, 0x55, 0x40, 0x00, 0x00, 0x00, 0x00, 0x00, 0x00,
        0x00, 0x2A, 0xAA, 0xAA, 0xAA, 0xAA, 0xAA, 0xAA, 0xAA, 0x80, 0x00, 0x00, 0x00, 0x00, 0x00, 0x00,
        0x00, 0x55, 0x55, 0x55, 0x55, 0x55, 0x55, 0x55, 0x55, 0x00, 0x00, 0x00, 0x00, 0x00, 0x00, 0x00,
        0x00, 0x2A, 0xAA, 0xAA, 0xAA, 0xAA, 0xAA, 0xAA, 0xAA, 0x00, 0x00, 0x00, 0x00, 0x00, 0x00, 0x00,
        0x00, 0x55, 0x55, 0x55, 0x55, 0x55, 0x55, 0x55, 0x54, 0x00, 0x00, 0x00, 0x00, 0x00, 0x00, 0x00,
        0x00, 0x2A, 0xAA, 0xAA, 0xAA, 0xAA, 0xAA, 0xAA, 0xA8, 0x00, 0x00, 0x00, 0x00, 0x00, 0x00, 0x00,
        0x00, 0x55, 0x55, 0x55, 0x55, 0x55, 0x55, 0x55, 0x50, 0x00, 0x00, 0x00, 0x00, 0x00, 0x00, 0x00,
        0x00, 0x2A, 0xAA, 0xAA, 0xAA, 0xAA, 0xAA, 0xAA, 0xA0, 0x00, 0x00, 0x00, 0x00, 0x00, 0x00, 0x00,
        0x00, 0x55, 0x55, 0x55, 0x55, 0x55, 0x55, 0x55, 0x40, 0x00, 0x00, 0x00, 0x00, 0x00, 0x00, 0x00,
        0x00, 0x2A, 0xAA, 0xAA, 0xAA, 0xAA, 0xAA, 0xAA, 0x00, 0x00, 0x00, 0x00, 0x00, 0x00, 0x00, 0x00,
        0x00, 0x55, 0x55, 0x55, 0x55, 0x55, 0x55, 0x54, 0x00, 0x00, 0x00, 0x00, 0x00, 0x00, 0x00, 0x00,
        0x00, 0x2A, 0xAA, 0xAA, 0xAA, 0xAA, 0xAA, 0x88, 0x00, 0x00, 0x00, 0x00, 0x00, 0x00, 0x00, 0x00,
        0x00, 0x55, 0x55, 0x55, 0x55, 0x55, 0x55, 0x00, 0x00, 0x00, 0x00, 0x00, 0x00, 0x00, 0x00, 0x00,
        0x00, 0x2A, 0xAA, 0xAA, 0xAA, 0xAA, 0xA8, 0x00, 0x00, 0x00, 0x00, 0x00, 0x00, 0x00, 0x00, 0x00,
        0x00, 0x55, 0x55, 0x55, 0x55, 0x55, 0x50, 0x00, 0x00, 0x00, 0x00, 0x00, 0x00, 0x00, 0x00, 0x00,
        0x00, 0x2A, 0xAA, 0xAA, 0xAA, 0xA8, 0x00, 0x00, 0x00, 0x00, 0x00, 0x00, 0x00, 0x00, 0x00, 0x00,
    },
    // Frame 26 (delay: 100ms)
    {
        0x00, 0x55, 0x55, 0x55, 0x55, 0x50, 0x00, 0x00, 0x00, 0x00, 0x00, 0x00, 0x00, 0x00, 0x00, 0x00,
        0x00, 0x2A, 0xAA, 0xAA, 0xAA, 0xA8, 0x00, 0x00, 0x00, 0x00, 0x00, 0x00, 0x00, 0x00, 0x00, 0x00,
        0x00, 0x55, 0x55, 0x55, 0x55, 0x55, 0x40, 0x00, 0x00, 0x00, 0x00, 0x00, 0x00, 0x00, 0x00, 0x00,
        0x00, 0x2A, 0xAA, 0xAA, 0xAA, 0xAA, 0xA0, 0x00, 0x00, 0x00, 0x00, 0x00, 0x00, 0x00, 0x00, 0x00,
        0x00, 0x55, 0x55, 0x55, 0x55, 0x55, 0x55, 0x00, 0x00, 0x00, 0x00, 0x00, 0x00, 0x00, 0x00, 0x00,
        0x00, 0x2A, 0xAA, 0xAA, 0xAA, 0xAA, 0xAA, 0x80, 0x00, 0x00, 0x00, 0x00, 0x00, 0x00, 0x00, 0x00,
        0x00, 0x55, 0x55, 0x55, 0x55, 0x55, 0x55, 0x50, 0x00, 0x00, 0x00, 0x00, 0x00, 0x00, 0x00, 0x00,
        0x00, 0x2A, 0xAA, 0xAA, 0xAA, 0xAA, 0xAA, 0xA8, 0x00, 0x00, 0x00, 0x00, 0x00, 0x00, 0x00, 0x00,
        0x00, 0x55, 0x55, 0x55, 0x55, 0x55, 0x55, 0x54, 0x00, 0x00, 0x00, 0x00, 0x00, 0x00, 0x00, 0x00,
        0x00, 0x2A, 0xAA, 0xAA, 0xAA, 0xAA, 0xAA, 0xAA, 0x00, 0x00, 0x00, 0x00, 0x00, 0x00, 0x00, 0x00,
        0x00, 0x55, 0x55, 0x55, 0x55, 0x55, 0x55, 0x55, 0x00, 0x00, 0x00, 0x00, 0x00, 0x00, 0x00, 0x00,
        0x00, 0x2A, 0xAA, 0xAA, 0xAA, 0xAA, 0xAA, 0xAB, 0x80, 0x00, 0x00, 0x00, 0x00, 0x00, 0x00, 0x00,
        0x00, 0x55, 0x55, 0x55, 0x55, 0x55, 0x55, 0x55, 0xC2, 0x00, 0x00, 0x00, 0x00, 0x00, 0x00, 0x00,
        0x00, 0x2A, 0xAA, 0xAA, 0xAA, 0xAA, 0xAA, 0xAA, 0xE2, 0x00, 0x00, 0x00, 0x00, 0x00, 0x00, 0x00,
        0x00, 0x55, 0x55, 0x55, 0x55, 0x55, 0x55, 0x55, 0xD1, 0x00, 0x00, 0x00, 0x00, 0x00, 0x00, 0x00,
        0x00, 0x2A, 0xAA, 0xAA, 0xAA, 0xAA, 0xAA, 0xAA, 0xE9, 0x00, 0x00, 0x00, 0x00, 0x00, 0x00, 0x00,
        0x00, 0x55, 0x55, 0x55, 0x55, 0x55, 0x55, 0x55, 0x75, 0x00, 0x00, 0x00, 0x00, 0x00, 0x00, 0x00,
        0x00, 0x2A, 0xAA, 0xAA, 0xAA, 0xAA, 0xAA, 0xAA, 0xB9, 0x80, 0x00, 0x00, 0x00, 0x00, 0x00, 0x00,
        0x00, 0x55, 0x55, 0x55, 0x55, 0x55, 0x55, 0x55, 0x5D, 0x80, 0x00, 0x00, 0x00, 0x00, 0x00, 0x00,
        0x00, 0x2A, 0xAA, 0xAA, 0xAA, 0xAA, 0xAA, 0xAA, 0xAA, 0x80, 0x00, 0x00, 0x00, 0x00, 0x00, 0x00,
        0x00, 0x55, 0x55, 0x55, 0x55, 0x55, 0x55, 0x55, 0x5D, 0xC0, 0x00, 0x00, 0x00, 0x00, 0x00, 0x00,
        0x00, 0x2A, 0xAA, 0xAB, 0xAA, 0xAA, 0xAB, 0xAA, 0xAE, 0xC0, 0x20, 0x00, 0x00, 0x00, 0x00, 0x00,
        0x00, 0x7F, 0xFF, 0xFF, 0xFF, 0xFF, 0xF5, 0xDD, 0x57, 0x40, 0x60, 0x00, 0x00, 0x00, 0x00, 0x00,
        0x00, 0x7F, 0xFF, 0xAA, 0xFF, 0xFF, 0xFF, 0xFE, 0xAB, 0x80, 0xC0, 0x00, 0x00, 0x00, 0x00, 0x00,
        0x00, 0x7F, 0xFF, 0x55, 0x57, 0xFF, 0xFF, 0xFF, 0xD7, 0xC1, 0x80, 0x00, 0x00, 0x00, 0x00, 0x00,
        0x00, 0x7F, 0xFF, 0xFA, 0xAA, 0xAB, 0xEA, 0xFF, 0xEA, 0xEF, 0xA0, 0x00, 0x00, 0x00, 0x00, 0x00,
        0x00, 0x7F, 0xFF, 0xF5, 0x55, 0x55, 0x57, 0x7F, 0xFD, 0x7F, 0xE0, 0x00, 0x00, 0x00, 0x00, 0x00,
        0x00, 0x7F, 0xFF, 0xEB, 0xEA, 0xAA, 0xAF, 0xFB, 0xAA, 0xBA, 0xC1, 0xA0, 0x00, 0x00, 0x00, 0x00,
        0x00, 0x7F, 0xFD, 0xFF, 0xFF, 0xD7, 0xFF, 0xFF, 0x55, 0x75, 0x5F, 0xF0, 0x00, 0x00, 0x00, 0x00,
        0x00, 0x7E, 0xFF, 0xFF, 0xFF, 0xAF, 0xFF, 0xFA, 0xAA, 0xBA, 0xBC, 0x00, 0x00, 0x00, 0x00, 0x00,
        0x00, 0x7D, 0x7F, 0xF7, 0xFD, 0xDF, 0xF5, 0x55, 0x55, 0x5D, 0x00, 0x00, 0x00, 0x00, 0x00, 0x00,
        0x00, 0x7E, 0xEB, 0xFB, 0xEE, 0xAE, 0xEE, 0xFE, 0xAA, 0xFE, 0x00, 0x00, 0x00, 0x00, 0x00, 0x00,
        0x00, 0x7F, 0x57, 0x77, 0xF5, 0x55, 0xFF, 0xFF, 0x57, 0xFD, 0xC0, 0x00, 0x00, 0x00, 0x00, 0x00,
        0x00, 0x7E, 0xEF, 0xEF, 0xFF, 0xBF, 0xFB, 0xFE, 0xBF, 0xFE, 0xF8, 0x00, 0x00, 0x00, 0x00, 0x00,
        0x00, 0x7D, 0x7F, 0xFF, 0xFF, 0xDF, 0xFF, 0xFD, 0x5F, 0xFE, 0xF8, 0x00, 0x00, 0x00, 0x00, 0x00,
        0x00, 0x7E, 0xFF, 0xFF, 0xFF, 0xAF, 0xFF, 0xAB, 0xBF, 0xFE, 0x78, 0x00, 0x00, 0x00, 0x00, 0x00,
        0x00, 0x7F, 0xFF, 0xDF, 0xD5, 0x55, 0x5F, 0xF7, 0xF5, 0xFF, 0x38, 0x00, 0x00, 0x00, 0x00, 0x00,
        0x00, 0x7F, 0xFF, 0xFA, 0xAA, 0xAA, 0xAF, 0xEF, 0xFA, 0xA3, 0xC4, 0x00, 0x00, 0x00, 0x00, 0x00,
        0x00, 0x7F, 0xFD, 0xF5, 0x55, 0x55, 0xD5, 0x5D, 0xF5, 0x40, 0x03, 0x00, 0x00, 0x00, 0x00, 0x00,
        0x00, 0x7F, 0xFE, 0xAA, 0xAB, 0xFF, 0xFF, 0xFF, 0xAE, 0x82, 0x01, 0x80, 0x00, 0x00, 0x00, 0x00,
        0x00, 0x7F, 0xFF, 0xD5, 0x7F, 0xFF, 0xFF, 0xFD, 0x55, 0xD1, 0x00, 0x60, 0x00, 0x00, 0x00, 0x00,
        0x00, 0x7F, 0xFF, 0xFF, 0xFF, 0xFF, 0xFA, 0xBA, 0xAB, 0x81, 0x00, 0x30, 0x00, 0x00, 0x00, 0x00,
        0x00, 0x55, 0x55, 0x57, 0x55, 0x55, 0x55, 0xD5, 0x57, 0x01, 0x80, 0x00, 0x00, 0x00, 0x00, 0x00,
        0x00, 0x2A, 0xAA, 0xAA, 0xAA, 0xAA, 0xAB, 0xAA, 0xAE, 0x80, 0x80, 0x00, 0x00, 0x00, 0x00, 0x00,
        0x00, 0x55, 0x55, 0x55, 0x55, 0x55, 0x57, 0x55, 0x5D, 0x00, 0x00, 0x00, 0x00, 0x00, 0x00, 0x00,
        0x00, 0x2A, 0xAA, 0xAA, 0xAA, 0xAA, 0xBA, 0xAA, 0xAE, 0x00, 0x00, 0x00, 0x00, 0x00, 0x00, 0x00,
        0x00, 0x55, 0x55, 0x55, 0x55, 0x55, 0x55, 0x55, 0x54, 0x00, 0x00, 0x00, 0x00, 0x00, 0x00, 0x00,
        0x00, 0x2A, 0xAA, 0xAA, 0xAA, 0xAA, 0xAA, 0xAA, 0xA8, 0x00, 0x00, 0x00, 0x00, 0x00, 0x00, 0x00,
        0x00, 0x55, 0x55, 0x55, 0x55, 0x55, 0x55, 0x55, 0x54, 0x00, 0x00, 0x00, 0x00, 0x00, 0x00, 0x00,
        0x00, 0x2A, 0xAA, 0xAA, 0xAA, 0xAA, 0xAA, 0xAA, 0xA8, 0x00, 0x00, 0x00, 0x00, 0x00, 0x00, 0x00,
        0x00, 0x55, 0x55, 0x55, 0x55, 0x55, 0x55, 0x55, 0x50, 0x00, 0x00, 0x00, 0x00, 0x00, 0x00, 0x00,
        0x00, 0x2A, 0xAA, 0xAA, 0xAA, 0xAA, 0xAA, 0xAA, 0xA0, 0x00, 0x00, 0x00, 0x00, 0x00, 0x00, 0x00,
        0x00, 0x55, 0x55, 0x55, 0x55, 0x55, 0x55, 0x55, 0x40, 0x00, 0x00, 0x00, 0x00, 0x00, 0x00, 0x00,
        0x00, 0x2A, 0xAA, 0xAA, 0xAA, 0xAA, 0xAA, 0xAA, 0x80, 0x00, 0x00, 0x00, 0x00, 0x00, 0x00, 0x00,
        0x00, 0x55, 0x55, 0x55, 0x55, 0x55, 0x55, 0x55, 0x00, 0x00, 0x00, 0x00, 0x00, 0x00, 0x00, 0x00,
        0x00, 0x2A, 0xAA, 0xAA, 0xAA, 0xAA, 0xAA, 0xA8, 0x00, 0x00, 0x00, 0x00, 0x00, 0x00, 0x00, 0x00,
        0x00, 0x55, 0x55, 0x55, 0x55, 0x55, 0x55, 0x50, 0x00, 0x00, 0x00, 0x00, 0x00, 0x00, 0x00, 0x00,
        0x00, 0x2A, 0xAA, 0xAA, 0xAA, 0xAA, 0xAA, 0xA0, 0x00, 0x00, 0x00, 0x00, 0x00, 0x00, 0x00, 0x00,
        0x00, 0x55, 0x55, 0x55, 0x55, 0x55, 0x55, 0x40, 0x00, 0x00, 0x00, 0x00, 0x00, 0x00, 0x00, 0x00,
        0x00, 0x2A, 0xAA, 0xAA, 0xAA, 0xAA, 0xAA, 0x00, 0x00, 0x00, 0x00, 0x00, 0x00, 0x00, 0x00, 0x00,
        0x00, 0x55, 0x55, 0x55, 0x55, 0x55, 0x50, 0x00, 0x00, 0x00, 0x00, 0x00, 0x00, 0x00, 0x00, 0x00,
        0x00, 0x2A, 0xAA, 0xAA, 0xAA, 0xAA, 0x80, 0x00, 0x00, 0x00, 0x00, 0x00, 0x00, 0x00, 0x00, 0x00,
        0x00, 0x55, 0x55, 0x55, 0x55, 0x54, 0x00, 0x00, 0x00, 0x00, 0x00, 0x00, 0x00, 0x00, 0x00, 0x00,
        0x00, 0x2A, 0xAA, 0xAA, 0xAA, 0xA0, 0x00, 0x00, 0x00, 0x00, 0x00, 0x00, 0x00, 0x00, 0x00, 0x00,
    },
    // Frame 27 (delay: 100ms)
    {
        0x00, 0x55, 0x55, 0x55, 0x54, 0x00, 0x00, 0x00, 0x00, 0x00, 0x00, 0x00, 0x00, 0x00, 0x00, 0x00,
        0x00, 0x2A, 0xAA, 0xAA, 0xAA, 0xA8, 0x00, 0x00, 0x00, 0x00, 0x00, 0x00, 0x00, 0x00, 0x00, 0x00,
        0x00, 0x55, 0x55, 0x55, 0x55, 0x54, 0x00, 0x00, 0x00, 0x00, 0x00, 0x00, 0x00, 0x00, 0x00, 0x00,
        0x00, 0x2A, 0xAA, 0xAA, 0xAA, 0xAA, 0xA0, 0x00, 0x00, 0x00, 0x00, 0x00, 0x00, 0x00, 0x00, 0x00,
        0x00, 0x55, 0x55, 0x55, 0x55, 0x55, 0x50, 0x00, 0x00, 0x00, 0x00, 0x00, 0x00, 0x00, 0x00, 0x00,
        0x00, 0x2A, 0xAA, 0xAA, 0xAA, 0xAA, 0xA8, 0x80, 0x00, 0x00, 0x00, 0x00, 0x00, 0x00, 0x00, 0x00,
        0x00, 0x55, 0x55, 0x55, 0x55, 0x55, 0x55, 0x40, 0x00, 0x00, 0x00, 0x00, 0x00, 0x00, 0x00, 0x00,
        0x00, 0x2A, 0xAA, 0xAA, 0xAA, 0xAA, 0xAA, 0xA8, 0x00, 0x00, 0x00, 0x00, 0x00, 0x00, 0x00, 0x00,
        0x00, 0x55, 0x55, 0x55, 0x55, 0x55, 0x55, 0x54, 0x00, 0x00, 0x00, 0x00, 0x00, 0x00, 0x00, 0x00,
        0x00, 0x2A, 0xAA, 0xAA, 0xAA, 0xAA, 0xAA, 0xAA, 0x00, 0x00, 0x00, 0x00, 0x00, 0x00, 0x00, 0x00,
        0x00, 0x55, 0x55, 0x55, 0x55, 0x55, 0x55, 0x75, 0x00, 0x00, 0x00, 0x00, 0x00, 0x00, 0x00, 0x00,
        0x00, 0x2A, 0xAA, 0xAA, 0xAA, 0xAA, 0xAA, 0xBA, 0x80, 0x00, 0x00, 0x00, 0x00, 0x00, 0x00, 0x00,
        0x00, 0x55, 0x55, 0x55, 0x55, 0x55, 0x55, 0x5D, 0x40, 0x00, 0x00, 0x00, 0x00, 0x00, 0x00, 0x00,
        0x00, 0x2A, 0xAA, 0xAA, 0xAA, 0xAA, 0xAA, 0xBA, 0xE0, 0x00, 0x00, 0x00, 0x00, 0x00, 0x00, 0x00,
        0x00, 0x55, 0x55, 0x55, 0x55, 0x55, 0x55, 0x5D, 0x50, 0x00, 0x00, 0x00, 0x00, 0x00, 0x00, 0x00,
        0x00, 0x2A, 0xAA, 0xAA, 0xAA, 0xAA, 0xAA, 0xAE, 0xE8, 0x00, 0x00, 0x00, 0x00, 0x00, 0x00, 0x00,
        0x00, 0x55, 0x55, 0x55, 0x55, 0x55, 0x55, 0x57, 0x74, 0x00, 0x00, 0x00, 0x00, 0x00, 0x00, 0x00,
        0x00, 0x2A, 0xAA, 0xAA, 0xAA, 0xAA, 0xAA, 0xAB, 0xAA, 0x00, 0x00, 0x00, 0x00, 0x00, 0x00, 0x00,
        0x00, 0x55, 0x55, 0x55, 0x55, 0x55, 0x55, 0x55, 0x75, 0x00, 0x00, 0x00, 0x00, 0x00, 0x00, 0x00,
        0x00, 0x2A, 0xAA, 0xAA, 0xAA, 0xAA, 0xAA, 0xAB, 0xBA, 0x80, 0x00, 0x00, 0x00, 0x00, 0x00, 0x00,
        0x00, 0x55, 0x55, 0x55, 0x55, 0x55, 0x75, 0x55, 0xD5, 0x04, 0x00, 0x00, 0x00, 0x00, 0x00, 0x00,
        0x00, 0x2A, 0xAA, 0xAA, 0xAA, 0xAA, 0xBF, 0xAA, 0xEA, 0x98, 0x00, 0x00, 0x00, 0x00, 0x00, 0x00,
        0x00, 0x55, 0x55, 0x55, 0x55, 0x55, 0x57, 0xD5, 0xF5, 0x70, 0x00, 0x00, 0x00, 0x00, 0x00, 0x00,
        0x00, 0x7F, 0xFF, 0xFF, 0xFF, 0xFF, 0xAF, 0xFA, 0xFA, 0xF0, 0x00, 0x00, 0x00, 0x00, 0x00, 0x00,
        0x00, 0x7F, 0xFF, 0xFD, 0xFF, 0xFF, 0xFF, 0xFD, 0x7D, 0xE4, 0x00, 0x00, 0x00, 0x00, 0x00, 0x00,
        0x00, 0x7F, 0xFF, 0xAA, 0xAB, 0xFF, 0xFF, 0xFE, 0xAB, 0xF8, 0x00, 0x00, 0x00, 0x00, 0x00, 0x00,
        0x00, 0x7F, 0xFF, 0x55, 0x55, 0x5F, 0xFD, 0x75, 0x5D, 0x50, 0xFC, 0x00, 0x00, 0x00, 0x00, 0x00,
        0x00, 0x7F, 0xFF, 0xFE, 0xAA, 0xAA, 0xAB, 0xAA, 0xAE, 0xAB, 0xFF, 0x00, 0x00, 0x00, 0x00, 0x00,
        0x00, 0x7F, 0xFF, 0xFD, 0x55, 0x55, 0x57, 0xD5, 0x57, 0x5F, 0x00, 0x00, 0x00, 0x00, 0x00, 0x00,
        0x00, 0x7F, 0xFF, 0xFF, 0xFE, 0xEA, 0xEF, 0xEA, 0xAF, 0xA0, 0x00, 0x00, 0x00, 0x00, 0x00, 0x00,
        0x00, 0x7F, 0x7F, 0xFF, 0xFF, 0xF7, 0xFF, 0xD5, 0x7F, 0xD0, 0x00, 0x00, 0x00, 0x00, 0x00, 0x00,
        0x00, 0x7F, 0xBB, 0xFF, 0xFF, 0xFF, 0xFE, 0xAB, 0xFF, 0xFC, 0x00, 0x00, 0x00, 0x00, 0x00, 0x00,
        0x00, 0x7F, 0x77, 0x7D, 0xFF, 0x7F, 0xFF, 0x57, 0xFF, 0xDE, 0x00, 0x00, 0x00, 0x00, 0x00, 0x00,
        0x00, 0x7F, 0xAE, 0xEE, 0xFB, 0xBA, 0xAB, 0xAB, 0xFF, 0xFE, 0x00, 0x00, 0x00, 0x00, 0x00, 0x00,
        0x00, 0x7F, 0x7F, 0x7D, 0xFF, 0x57, 0xFD, 0xD7, 0x7F, 0xFE, 0x00, 0x00, 0x00, 0x00, 0x00, 0x00,
        0x00, 0x7F, 0xBB, 0xFF, 0xFF, 0xEF, 0xFE, 0xBE, 0xBF, 0xEF, 0x00, 0x00, 0x00, 0x00, 0x00, 0x00,
        0x00, 0x7F, 0x7F, 0xFF, 0xFF, 0xF7, 0xF5, 0xDD, 0x57, 0xF8, 0x80, 0x00, 0x00, 0x00, 0x00, 0x00,
        0x00, 0x7F, 0xFF, 0xFF, 0xFE, 0xEA, 0xEB, 0xFE, 0xBF, 0xA0, 0x60, 0x00, 0x00, 0x00, 0x00, 0x00,
        0x00, 0x7F, 0xFF, 0xFD, 0x55, 0x55, 0x57, 0xFD, 0xFF, 0x50, 0x30, 0x00, 0x00, 0x00, 0x00, 0x00,
        0x00, 0x7F, 0xFF, 0xFE, 0xAA, 0xAA, 0xAB, 0xAA, 0xFA, 0xE0, 0x0C, 0x00, 0x00, 0x00, 0x00, 0x00,
        0x00, 0x7F, 0xFF, 0x55, 0x55, 0x5F, 0xFF, 0x5D, 0xD5, 0x40, 0x06, 0x00, 0x00, 0x00, 0x00, 0x00,
        0x00, 0x7F, 0xFF, 0xAA, 0xAF, 0xFF, 0xFF, 0xFF, 0xEA, 0xA0, 0x00, 0x00, 0x00, 0x00, 0x00, 0x00,
        0x00, 0x7F, 0xFF, 0xFF, 0xFF, 0xFF, 0xFF, 0xD5, 0xD5, 0x60, 0x00, 0x00, 0x00, 0x00, 0x00, 0x00,
        0x00, 0x7F, 0xFF, 0xFF, 0xFF, 0xFB, 0xAA, 0xAB, 0xAA, 0xA0, 0x00, 0x00, 0x00, 0x00, 0x00, 0x00,
        0x00, 0x55, 0x55, 0x55, 0x55, 0x57, 0x55, 0x55, 0x55, 0x40, 0x00, 0x00, 0x00, 0x00, 0x00, 0x00,
        0x00, 0x2A, 0xAA, 0xAA, 0xAA, 0xAA, 0xAA, 0xAA, 0xAA, 0x80, 0x00, 0x00, 0x00, 0x00, 0x00, 0x00,
        0x00, 0x55, 0x55, 0x55, 0x55, 0x55, 0x55, 0x55, 0x55, 0x00, 0x00, 0x00, 0x00, 0x00, 0x00, 0x00,
        0x00, 0x2A, 0xAA, 0xAA, 0xAA, 0xAA, 0xAA, 0xAA, 0xAA, 0x80, 0x00, 0x00, 0x00, 0x00, 0x00, 0x00,
        0x00, 0x55, 0x55, 0x55, 0x55, 0x55, 0x55, 0x55, 0x55, 0x00, 0x00, 0x00, 0x00, 0x00, 0x00, 0x00,
        0x00, 0x2A, 0xAA, 0xAA, 0xAA, 0xAA, 0xAA, 0xAA, 0xAA, 0x00, 0x00, 0x00, 0x00, 0x00, 0x00, 0x00,
        0x00, 0x55, 0x55, 0x55, 0x55, 0x55, 0x55, 0x55, 0x54, 0x00, 0x00, 0x00, 0x00, 0x00, 0x00, 0x00,
        0x00, 0x2A, 0xAA, 0xAA, 0xAA, 0xAA, 0xAA, 0xAA, 0xA8, 0x00, 0x00, 0x00, 0x00, 0x00, 0x00, 0x00,
        0x00, 0x55, 0x55, 0x55, 0x55, 0x55, 0x55, 0x55, 0x50, 0x00, 0x00, 0x00, 0x00, 0x00, 0x00, 0x00,
        0x00, 0x2A, 0xAA, 0xAA, 0xAA, 0xAA, 0xAA, 0xAA, 0xA0, 0x00, 0x00, 0x00, 0x00, 0x00, 0x00, 0x00,
        0x00, 0x55, 0x55, 0x55, 0x55, 0x55, 0x55, 0x55, 0x40, 0x00, 0x00, 0x00, 0x00, 0x00, 0x00, 0x00,
        0x00, 0x2A, 0xAA, 0xAA, 0xAA, 0xAA, 0xAA, 0xAA, 0x80, 0x00, 0x00, 0x00, 0x00, 0x00, 0x00, 0x00,
        0x00, 0x55, 0x55, 0x55, 0x55, 0x55, 0x55, 0x55, 0x00, 0x00, 0x00, 0x00, 0x00, 0x00, 0x00, 0x00,
        0x00, 0x2A, 0xAA, 0xAA, 0xAA, 0xAA, 0xAA, 0xAA, 0x00, 0x00, 0x00, 0x00, 0x00, 0x00, 0x00, 0x00,
        0x00, 0x55, 0x55, 0x55, 0x55, 0x55, 0x55, 0x54, 0x00, 0x00, 0x00, 0x00, 0x00, 0x00, 0x00, 0x00,
        0x00, 0x2A, 0xAA, 0xAA, 0xAA, 0xAA, 0xAA, 0xA8, 0x00, 0x00, 0x00, 0x00, 0x00, 0x00, 0x00, 0x00,
        0x00, 0x55, 0x55, 0x55, 0x55, 0x55, 0x55, 0x40, 0x00, 0x00, 0x00, 0x00, 0x00, 0x00, 0x00, 0x00,
        0x00, 0x2A, 0xAA, 0xAA, 0xAA, 0xAA, 0xA8, 0x80, 0x00, 0x00, 0x00, 0x00, 0x00, 0x00, 0x00, 0x00,
        0x00, 0x55, 0x55, 0x55, 0x55, 0x55, 0x50, 0x00, 0x00, 0x00, 0x00, 0x00, 0x00, 0x00, 0x00, 0x00,
        0x00, 0x2A, 0xAA, 0xAA, 0xAA, 0xAA, 0xA0, 0x00, 0x00, 0x00, 0x00, 0x00, 0x00, 0x00, 0x00, 0x00,
    },
    // Frame 28 (delay: 100ms)
    {
        0x00, 0x00, 0x00, 0x00, 0x00, 0x00, 0x00, 0x00, 0x00, 0x00, 0x00, 0x00, 0x00, 0x00, 0x00, 0x00,
        0x00, 0x00, 0x00, 0x2A, 0x2A, 0xAA, 0x00, 0x00, 0x00, 0x00, 0x00, 0x00, 0x00, 0x00, 0x00, 0x00,
        0x00, 0x00, 0x05, 0x55, 0x55, 0x55, 0x50, 0x00, 0x00, 0x00, 0x00, 0x00, 0x00, 0x00, 0x00, 0x00,
        0x00, 0x2A, 0xAA, 0xAA, 0xAA, 0xAA, 0xAA, 0x80, 0x00, 0x00, 0x00, 0x00, 0x00, 0x00, 0x00, 0x00,
        0x00, 0x55, 0x55, 0x55, 0x55, 0x55, 0x55, 0x50, 0x00, 0x00, 0x00, 0x00, 0x00, 0x00, 0x00, 0x00,
        0x00, 0x2A, 0xAA, 0xAA, 0xAA, 0xAA, 0xAA, 0xAA, 0x00, 0x00, 0x00, 0x00, 0x00, 0x00, 0x00, 0x00,
        0x00, 0x55, 0x55, 0x55, 0x55, 0x55, 0x55, 0x55, 0x00, 0x00, 0x00, 0x00, 0x00, 0x00, 0x00, 0x00,
        0x00, 0x2A, 0xAA, 0xAA, 0xAA, 0xAA, 0xAA, 0xAA, 0xA8, 0x00, 0x00, 0x00, 0x00, 0x00, 0x00, 0x00,
        0x00, 0x55, 0x55, 0x55, 0x55, 0x55, 0x55, 0x55, 0x54, 0x00, 0x00, 0x00, 0x00, 0x00, 0x00, 0x00,
        0x00, 0x2A, 0xAA, 0xAA, 0xAA, 0xAA, 0xAE, 0xAA, 0xAA, 0x00, 0x00, 0x00, 0x00, 0x00, 0x00, 0x00,
        0x00, 0x55, 0x55, 0x55, 0x55, 0x55, 0x57, 0x55, 0x55, 0x40, 0x00, 0x00, 0x00, 0x00, 0x00, 0x00,
        0x00, 0x2A, 0xAF, 0xFE, 0xAA, 0xAA, 0xAB, 0xAA, 0xAA, 0xA0, 0x00, 0x00, 0x00, 0x00, 0x00, 0x00,
        0x00, 0x55, 0x55, 0x55, 0x55, 0x55, 0x55, 0xD5, 0x55, 0x54, 0x00, 0x00, 0x00, 0x00, 0x00, 0x00,
        0x00, 0x2A, 0xAA, 0xAA, 0xAA, 0xAA, 0xAA, 0xAE, 0xAA, 0xAA, 0x00, 0x00, 0x00, 0x00, 0x00, 0x00,
        0x00, 0x55, 0x55, 0x55, 0x55, 0x55, 0x55, 0xD5, 0x55, 0x55, 0x00, 0x00, 0x00, 0x00, 0x00, 0x00,
        0x00, 0x7F, 0xFF, 0xFF, 0xAA, 0xAA, 0xFF, 0xEE, 0xAA, 0xAA, 0x80, 0x00, 0x00, 0x00, 0x00, 0x00,
        0x00, 0x7F, 0xFF, 0xFF, 0xFF, 0xFF, 0xFF, 0xFF, 0x55, 0x55, 0x50, 0x00, 0x00, 0x00, 0x00, 0x00,
        0x00, 0x7F, 0xFF, 0xFF, 0xFF, 0xFF, 0xFF, 0xFF, 0xFA, 0xAA, 0xA8, 0x00, 0x00, 0x00, 0x00, 0x00,
        0x00, 0x7F, 0xFF, 0xFF, 0xFF, 0xFF, 0xFF, 0xFF, 0xFF, 0xF5, 0x50, 0x00, 0x00, 0x00, 0x00, 0x00,
        0x00, 0x7F, 0xFF, 0xFF, 0xFF, 0xFF, 0xFF, 0xFF, 0xFF, 0xFA, 0xAA, 0x00, 0x00, 0x00, 0x00, 0x00,
        0x00, 0x7F, 0xFF, 0xFF, 0xFF, 0xFF, 0xFF, 0xFF, 0xFF, 0xFF, 0x54, 0x00, 0x00, 0x00, 0x00, 0x00,
        0x00, 0x7F, 0xFF, 0xFF, 0xFF, 0xFF, 0xFF, 0xFF, 0xFF, 0xFF, 0xAA, 0x00, 0x00, 0x00, 0x00, 0x00,
        0x00, 0x7F, 0xFF, 0xFF, 0xFF, 0xFF, 0xFF, 0xFF, 0xFF, 0xFF, 0xF5, 0x00, 0x00, 0x00, 0x00, 0x00,
        0x00, 0x7F, 0xFF, 0xFF, 0xFF, 0xFF, 0xFF, 0xEB, 0xFF, 0xFF, 0xFA, 0x80, 0x00, 0x00, 0x00, 0x00,
        0x00, 0x7F, 0xFF, 0xFF, 0xFF, 0xFF, 0xFF, 0xF5, 0xFF, 0xFF, 0xFD, 0x00, 0x00, 0x00, 0x00, 0x00,
        0x00, 0x7F, 0xFF, 0xFF, 0xFF, 0xFF, 0xFE, 0xAA, 0xAF, 0xFF, 0xFA, 0x80, 0x00, 0x00, 0x00, 0x00,
        0x00, 0x7F, 0xFF, 0xFF, 0xFF, 0xFF, 0xFD, 0x55, 0x77, 0xFF, 0xFD, 0x40, 0x00, 0x00, 0x00, 0x00,
        0x00, 0x7F, 0xFF, 0xFF, 0xFF, 0xFF, 0xFE, 0xAA, 0xEA, 0xFF, 0xFE, 0x80, 0x00, 0x00, 0x00, 0x00,
        0x00, 0x7F, 0xFF, 0xFF, 0xFF, 0xFF, 0xFD, 0x55, 0x77, 0xFF, 0xFF, 0x40, 0x00, 0x00, 0x00, 0x00,
        0x00, 0x7F, 0xFF, 0xFF, 0xFF, 0xFF, 0xFA, 0xAB, 0xEF, 0xFF, 0xFF, 0xA0, 0x00, 0x00, 0x00, 0x00,
        0x00, 0x7F, 0xFF, 0xFF, 0xFF, 0xFF, 0xD5, 0xFF, 0xF5, 0xFF, 0xFF, 0x40, 0x00, 0x00, 0x00, 0x00,
        0x00, 0x7F, 0xFF, 0xFF, 0xFF, 0xAA, 0xAA, 0xFF, 0xFB, 0xFF, 0xFF, 0xA0, 0x00, 0x00, 0x00, 0x00,
        0x00, 0x7F, 0xFF, 0xFF, 0xFD, 0xFD, 0x55, 0x5F, 0xFF, 0xFF, 0xFF, 0xC0, 0x00, 0x00, 0x00, 0x00,
        0x00, 0x7F, 0xFF, 0xFF, 0xFF, 0xFF, 0xAA, 0xFF, 0xFF, 0xEF, 0xEF, 0xE0, 0x00, 0x00, 0x00, 0x00,
        0x00, 0x7F, 0xFF, 0xFF, 0xF5, 0xD5, 0x77, 0xD5, 0x5F, 0xDD, 0xF7, 0xD0, 0x00, 0x00, 0x00, 0x00,
        0x00, 0x7F, 0xFF, 0xFF, 0xEA, 0xAA, 0xFE, 0xEA, 0xBF, 0xEF, 0xFB, 0xE0, 0x00, 0x00, 0x00, 0x00,
        0x00, 0x7F, 0xFF, 0xFF, 0xD7, 0xF7, 0xFD, 0xD5, 0x77, 0xFF, 0xFF, 0xD0, 0x00, 0x00, 0x00, 0x00,
        0x00, 0x7F, 0xFF, 0xFF, 0xBB, 0xFF, 0xFF, 0xAE, 0xFF, 0xFB, 0xBF, 0xE0, 0x00, 0x00, 0x00, 0x00,
        0x00, 0x7F, 0xFF, 0xFF, 0x5F, 0xF7, 0xFF, 0x5F, 0xFF, 0xFD, 0xFF, 0xC0, 0x00, 0x00, 0x00, 0x00,
        0x00, 0x7F, 0xFF, 0xFF, 0xBF, 0xFF, 0xFA, 0xBE, 0xFF, 0xFF, 0xFF, 0xE0, 0x00, 0x00, 0x00, 0x00,
        0x00, 0x7F, 0xFF, 0xFF, 0xFF, 0xFF, 0x7F, 0x7F, 0xFF, 0xFF, 0xFF, 0xC0, 0x00, 0x00, 0x00, 0x00,
        0x00, 0x7F, 0xFF, 0xFF, 0xFF, 0xFF, 0xFF, 0xFF, 0xFF, 0xFF, 0xFF, 0xA0, 0x00, 0x00, 0x00, 0x00,
        0x00, 0x7F, 0xFF, 0xFF, 0xFF, 0xFF, 0xFF, 0xFF, 0xFF, 0xFF, 0xFF, 0x40, 0x00, 0x00, 0x00, 0x00,
        0x00, 0x7F, 0xFF, 0xFF, 0xFF, 0xFF, 0xFF, 0xFF, 0xFF, 0xFF, 0xFE, 0xA0, 0x00, 0x00, 0x00, 0x00,
        0x00, 0x7F, 0xFF, 0xFF, 0xFF, 0xFF, 0xFF, 0xFF, 0xFF, 0xFF, 0xFF, 0x40, 0x00, 0x00, 0x00, 0x00,
        0x00, 0x7F, 0xFF, 0xFF, 0xFF, 0xFF, 0xFF, 0xFF, 0xFF, 0xFF, 0xFE, 0x80, 0x00, 0x00, 0x00, 0x00,
        0x00, 0x7F, 0xFF, 0xFF, 0xFF, 0xFF, 0xFF, 0xFF, 0xFF, 0xFF, 0xFD, 0x40, 0x00, 0x00, 0x00, 0x00,
        0x00, 0x7F, 0xFF, 0xFF, 0xFF, 0xFF, 0xFF, 0xFF, 0xFF, 0xFF, 0xFA, 0x80, 0x00, 0x00, 0x00, 0x00,
        0x00, 0x7F, 0xFF, 0xFF, 0xFF, 0xFF, 0xFF, 0xFF, 0xFF, 0xFF, 0xF5, 0x00, 0x00, 0x00, 0x00, 0x00,
        0x00, 0x7F, 0xFF, 0xFF, 0xFF, 0xFF, 0xFF, 0xFF, 0xFF, 0xFF, 0xEA, 0x00, 0x00, 0x00, 0x00, 0x00,
        0x00, 0x7F, 0xFF, 0xFF, 0xFF, 0xFF, 0xFF, 0xFF, 0xFF, 0xFF, 0xD4, 0x00, 0x00, 0x00, 0x00, 0x00,
        0x00, 0x7F, 0xFF, 0xFF, 0xFF, 0xFF, 0xFF, 0xFF, 0xFF, 0xFF, 0xAA, 0x00, 0x00, 0x00, 0x00, 0x00,
        0x00, 0x7F, 0xFF, 0xFF, 0xFF, 0xFF, 0xFF, 0xFF, 0xFF, 0xFD, 0x54, 0x00, 0x00, 0x00, 0x00, 0x00,
        0x00, 0x7F, 0xFF, 0xFF, 0xFF, 0xFF, 0xFF, 0xFF, 0xFF, 0xEA, 0xA8, 0x00, 0x00, 0x00, 0x00, 0x00,
        0x00, 0x7F, 0xFF, 0xFF, 0xFF, 0xFF, 0xFF, 0xFF, 0xFD, 0x55, 0x50, 0x00, 0x00, 0x00, 0x00, 0x00,
        0x00, 0x7F, 0xFF, 0xFF, 0xFF, 0xFF, 0xFF, 0xFF, 0xAA, 0xAA, 0x80, 0x00, 0x00, 0x00, 0x00, 0x00,
        0x00, 0x7F, 0xFF, 0xFF, 0x55, 0x55, 0xFF, 0x55, 0x55, 0x55, 0x40, 0x00, 0x00, 0x00, 0x00, 0x00,
        0x00, 0x2A, 0xAA, 0xAA, 0xAA, 0xAA, 0xAA, 0xAA, 0xAA, 0xAA, 0x00, 0x00, 0x00, 0x00, 0x00, 0x00,
        0x00, 0x55, 0x55, 0x55, 0x55, 0x55, 0x55, 0x55, 0x55, 0x55, 0x00, 0x00, 0x00, 0x00, 0x00, 0x00,
        0x00, 0x2A, 0xAA, 0xAA, 0xAA, 0xAA, 0xAA, 0xAA, 0xAA, 0xAA, 0x00, 0x00, 0x00, 0x00, 0x00, 0x00,
        0x00, 0x55, 0x57, 0xFF, 0x55, 0x55, 0x55, 0x55, 0x55, 0x50, 0x00, 0x00, 0x00, 0x00, 0x00, 0x00,
        0x00, 0x2A, 0xAA, 0xAA, 0xAA, 0xAA, 0xAA, 0xAA, 0xAA, 0xA0, 0x00, 0x00, 0x00, 0x00, 0x00, 0x00,
        0x00, 0x55, 0x55, 0x55, 0x55, 0x55, 0x55, 0x55, 0x55, 0x40, 0x00, 0x00, 0x00, 0x00, 0x00, 0x00,
        0x00, 0x2A, 0xAA, 0xAA, 0xAA, 0xAA, 0xAA, 0xAA, 0xA8, 0x00, 0x00, 0x00, 0x00, 0x00, 0x00, 0x00,
    },
    // Frame 29 (delay: 110ms)
    {
        0x00, 0x00, 0x00, 0x00, 0x00, 0x00, 0x00, 0x00, 0x00, 0x00, 0x00, 0x00, 0x00, 0x00, 0x00, 0x00,
        0x00, 0x00, 0x00, 0x00, 0x00, 0x00, 0x00, 0x00, 0x00, 0x00, 0x00, 0x00, 0x00, 0x00, 0x00, 0x00,
        0x00, 0x00, 0x00, 0x00, 0x00, 0x00, 0x00, 0x00, 0x00, 0x00, 0x00, 0x01, 0x55, 0x55, 0x54, 0x00,
        0x00, 0x00, 0x00, 0x00, 0x00, 0x00, 0x00, 0x00, 0x00, 0x00, 0x2A, 0xAA, 0xAA, 0xAA, 0xA8, 0x00,
        0x00, 0x00, 0x00, 0x00, 0x00, 0x00, 0x00, 0x00, 0x05, 0x55, 0x55, 0x55, 0x55, 0x55, 0x54, 0x00,
        0x00, 0x00, 0x00, 0x00, 0x00, 0x00, 0x00, 0x22, 0xAA, 0xAA, 0xAA, 0xAA, 0xAA, 0xAA, 0xA8, 0x00,
        0x00, 0x00, 0x00, 0x00, 0x00, 0x00, 0x05, 0x55, 0x55, 0x55, 0x55, 0x55, 0x55, 0x55, 0x54, 0x00,
        0x00, 0x00, 0x00, 0x00, 0x00, 0x02, 0xAA, 0xAA, 0xAA, 0xAA, 0xAA, 0xAA, 0xAA, 0xAA, 0xA8, 0x00,
        0x00, 0x55, 0x55, 0x55, 0x55, 0x55, 0x55, 0x55, 0x55, 0x55, 0x55, 0x55, 0x55, 0x55, 0x54, 0x00,
        0x00, 0x2A, 0xAA, 0xAA, 0xAA, 0xAA, 0xAA, 0xAA, 0xAA, 0xAA, 0xAA, 0xAA, 0xAA, 0xAA, 0xA8, 0x00,
        0x00, 0x55, 0x55, 0x55, 0x55, 0x55, 0x55, 0x55, 0x55, 0x55, 0x55, 0x55, 0x55, 0x55, 0x54, 0x00,
        0x00, 0x2A, 0xAA, 0xAA, 0xAA, 0xAA, 0xAA, 0xAA, 0xAA, 0xAA, 0xAA, 0xAF, 0xFF, 0xAA, 0xA8, 0x00,
        0x00, 0x55, 0x55, 0x55, 0x55, 0x55, 0x55, 0x55, 0x55, 0x55, 0x55, 0x55, 0x55, 0x55, 0x54, 0x00,
        0x00, 0x2A, 0xAA, 0xAA, 0xAA, 0xAA, 0xAA, 0xAA, 0xAA, 0xAA, 0xAA, 0xAA, 0xAA, 0xAA, 0xA8, 0x00,
        0x00, 0x55, 0x55, 0x55, 0x55, 0x55, 0x55, 0x55, 0x55, 0x55, 0x55, 0x55, 0x55, 0x55, 0x54, 0x00,
        0x00, 0x2A, 0xAA, 0xAA, 0xAA, 0xAA, 0xAA, 0xAA, 0xAA, 0xAA, 0xAA, 0xAA, 0xAA, 0xAA, 0xA8, 0x00,
        0x00, 0x55, 0x55, 0x55, 0x55, 0x55, 0x55, 0x55, 0x7F, 0xFF, 0xFF, 0xFF, 0xFF, 0xFF, 0xFC, 0x00,
        0x00, 0x2A, 0xAA, 0xAA, 0xAA, 0xAA, 0xAB, 0xFF, 0xFF, 0xFF, 0xFF, 0xFF, 0xFF, 0xFF, 0xFC, 0x00,
        0x00, 0x55, 0x55, 0x55, 0x55, 0x55, 0xFF, 0xFF, 0xFF, 0xFF, 0xFF, 0xFF, 0xFF, 0xFF, 0xFC, 0x00,
        0x00, 0x7F, 0xFF, 0xFF, 0xFF, 0xFF, 0xFF, 0xFF, 0xFF, 0xFF, 0xFF, 0xFF, 0xFF, 0xFF, 0xFC, 0x00,
        0x00, 0x7F, 0xFF, 0xFF, 0xFF, 0xFF, 0xFF, 0xFF, 0xFF, 0xFF, 0xFF, 0xFF, 0xFF, 0xFF, 0xFC, 0x00,
        0x00, 0x7F, 0xFF, 0xFF, 0xFF, 0xFF, 0xFF, 0xFF, 0xFF, 0xFF, 0xFF, 0xFF, 0xFF, 0xFF, 0xFC, 0x00,
        0x00, 0x7F, 0xFF, 0xFF, 0xFF, 0xFF, 0xFF, 0xFF, 0xFF, 0xFF, 0xFF, 0xFF, 0xFF, 0xFF, 0xFC, 0x00,
        0x00, 0x7F, 0xFF, 0xFF, 0xFF, 0xFF, 0xFF, 0xFF, 0xFF, 0xFF, 0xFF, 0xFF, 0xFF, 0xFF, 0xFC, 0x00,
        0x00, 0x7F, 0xFF, 0xFF, 0xFF, 0xFF, 0xFF, 0xFF, 0xFF, 0xFF, 0xFF, 0xFF, 0xFF, 0xFF, 0xFC, 0x00,
        0x00, 0x7F, 0xFF, 0xFF, 0xFF, 0xFF, 0xFF, 0xFF, 0xFF, 0xFF, 0xFF, 0xFF, 0xFF, 0xFF, 0xFC, 0x00,
        0x00, 0x7F, 0xFF, 0xFF, 0xFF, 0xFF, 0xFF, 0xFF, 0xFF, 0xFF, 0xFF, 0xFF, 0xFF, 0xFF, 0xFC, 0x00,
        0x00, 0x7F, 0xFF, 0xFF, 0xFF, 0xFF, 0xFF, 0xFF, 0xFF, 0xFF, 0xFF, 0xFF, 0xFF, 0xFF, 0xFC, 0x00,
        0x00, 0x7F, 0xFF, 0xFF, 0xFF, 0xFF, 0xFF, 0xFF, 0xFF, 0xFF, 0xFF, 0xFF, 0xFF, 0xFF, 0xFC, 0x00,
        0x00, 0x7F, 0xFF, 0xFF, 0xFF, 0xFF, 0xFF, 0xFF, 0xFF, 0xFF, 0xFF, 0xFF, 0xFF, 0xFF, 0xFC, 0x00,
        0x00, 0x7F, 0xFF, 0xFF, 0xFF, 0xFF, 0xFF, 0xFF, 0xFF, 0xFF, 0xFF, 0xFF, 0xFF, 0xFF, 0xFC, 0x00,
        0x00, 0x7F, 0xFF, 0xFF, 0xFF, 0xFF, 0xFF, 0xFF, 0xFF, 0xFF, 0xFF, 0xFF, 0xFF, 0xFF, 0xE8, 0x00,
        0x00, 0x7F, 0xFF, 0xFF, 0xFF, 0xFF, 0xFF, 0xFF, 0xFF, 0xFF, 0xFF, 0xFF, 0xFF, 0xFF, 0x54, 0x00,
        0x00, 0x7F, 0xFF, 0xFF, 0xFF, 0xFF, 0xFF, 0xFF, 0xFF, 0xFF, 0xFF, 0xFF, 0xFF, 0xFF, 0xFC, 0x00,
        0x00, 0x7F, 0xFF, 0xFF, 0xFF, 0xFF, 0xFF, 0xFF, 0xFF, 0xFF, 0xFF, 0xFF, 0xFF, 0xFF, 0xF4, 0x00,
        0x00, 0x7F, 0xFF, 0xFF, 0xFF, 0xFF, 0xFF, 0xFF, 0xFF, 0xFF, 0xFF, 0xFF, 0xFF, 0xEA, 0xA8, 0x00,
        0x00, 0x7F, 0xFF, 0xFF, 0xFF, 0xFF, 0xFF, 0xFF, 0xFF, 0xFF, 0xFF, 0xFF, 0xFF, 0xD5, 0x74, 0x00,
        0x00, 0x7F, 0xFF, 0xFF, 0xFF, 0xFF, 0xFF, 0xFF, 0xFF, 0xFF, 0xFF, 0xFF, 0xFF, 0xBB, 0xFC, 0x00,
        0x00, 0x7F, 0xFF, 0xFF, 0xFF, 0xFF, 0xFF, 0xFF, 0xFF, 0xFF, 0xFF, 0xFF, 0xFF, 0x7F, 0xF4, 0x00,
        0x00, 0x7F, 0xFF, 0xFF, 0xFF, 0xFF, 0xFF, 0xFF, 0xFF, 0xFF, 0xFF, 0xFF, 0xFF, 0xBF, 0xF8, 0x00,
        0x00, 0x7F, 0xFF, 0xFF, 0xFF, 0xFF, 0xFF, 0xFF, 0xFF, 0xFF, 0xFF, 0xFF, 0xFF, 0xFF, 0xFC, 0x00,
        0x00, 0x7F, 0xFF, 0xFF, 0xFF, 0xFF, 0xFF, 0xFF, 0xFF, 0xFF, 0xFF, 0xFF, 0xFF, 0xFF, 0xFC, 0x00,
        0x00, 0x7F, 0xFF, 0xFF, 0xFF, 0xFF, 0xFF, 0xFF, 0xFF, 0xFF, 0xFF, 0xFF, 0xFF, 0xFF, 0xFC, 0x00,
        0x00, 0x7F, 0xFF, 0xFF, 0xFF, 0xFF, 0xFF, 0xFF, 0xFF, 0xFF, 0xFF, 0xFF, 0xFF, 0xFF, 0xFC, 0x00,
        0x00, 0x7F, 0xFF, 0xFF, 0xFF, 0xFF, 0xFF, 0xFF, 0xFF, 0xFF, 0xFF, 0xFF, 0xFF, 0xFF, 0xFC, 0x00,
        0x00, 0x7F, 0xFF, 0xFF, 0xFF, 0xFF, 0xFF, 0xFF, 0xFF, 0xFF, 0xFF, 0xFF, 0xFF, 0xFF, 0xFC, 0x00,
        0x00, 0x7F, 0xFF, 0xFF, 0xFF, 0xFF, 0xFF, 0xFF, 0xFF, 0xFF, 0xFF, 0xFF, 0xFF, 0xFF, 0xFC, 0x00,
        0x00, 0x7F, 0xFF, 0xFF, 0xFF, 0xFF, 0xFF, 0xFF, 0xFF, 0xFF, 0xFF, 0xFF, 0xFF, 0xFF, 0xFC, 0x00,
        0x00, 0x7F, 0xFF, 0xFF, 0xFF, 0xFF, 0xFF, 0xFF, 0xFF, 0xFF, 0xFF, 0xFF, 0xFF, 0xFF, 0xFC, 0x00,
        0x00, 0x7F, 0xFF, 0xFF, 0xFF, 0xFF, 0xFF, 0xFF, 0xFF, 0xFF, 0xFF, 0xFF, 0xFF, 0xFF, 0xFC, 0x00,
        0x00, 0x7F, 0xFF, 0xFF, 0xFF, 0xFF, 0xFF, 0xFF, 0xFF, 0xFF, 0xFF, 0xFF, 0xFF, 0xFF, 0xFC, 0x00,
        0x00, 0x7F, 0xFF, 0xFF, 0xFF, 0xFF, 0xFF, 0xFF, 0xFF, 0xFF, 0xFF, 0xFF, 0xFF, 0xFF, 0xFC, 0x00,
        0x00, 0x7F, 0xFF, 0xFF, 0xFF, 0xFF, 0xFF, 0xFF, 0xFF, 0xFF, 0xFF, 0xFF, 0xFF, 0xFF, 0xFC, 0x00,
        0x00, 0x7F, 0xFF, 0xFF, 0xFF, 0xFF, 0xFF, 0xFF, 0xFF, 0xFF, 0xFF, 0xFF, 0xFF, 0xFF, 0xFC, 0x00,
        0x00, 0x55, 0x55, 0x55, 0x55, 0x55, 0xFF, 0xFF, 0xFF, 0xFF, 0xFF, 0xFF, 0xFF, 0xFF, 0xFC, 0x00,
        0x00, 0x2A, 0xAA, 0xAA, 0xAA, 0xAA, 0xBF, 0xFF, 0xFF, 0xFF, 0xFF, 0xFF, 0xFF, 0xFF, 0xFC, 0x00,
        0x00, 0x55, 0x55, 0x55, 0x55, 0x55, 0x55, 0x55, 0xFF, 0xFF, 0xFF, 0xFF, 0xFF, 0xFF, 0xFC, 0x00,
        0x00, 0x2A, 0xAA, 0xAA, 0xAA, 0xAA, 0xAA, 0xAA, 0xAA, 0xAA, 0xAA, 0xAA, 0xAA, 0xAA, 0xA8, 0x00,
        0x00, 0x55, 0x55, 0x55, 0x55, 0x55, 0x55, 0x55, 0x55, 0x55, 0x55, 0x55, 0x55, 0x55, 0x54, 0x00,
        0x00, 0x2A, 0xAA, 0xAA, 0xAA, 0xAA, 0xAA, 0xAA, 0xAA, 0xAA, 0xAA, 0xAA, 0xAA, 0xAA, 0xA8, 0x00,
        0x00, 0x55, 0x55, 0x55, 0x55, 0x55, 0x55, 0x55, 0x55, 0x55, 0x55, 0x55, 0x55, 0x55, 0x54, 0x00,
        0x00, 0x2A, 0xAA, 0xAA, 0xAA, 0xAA, 0xAA, 0xAA, 0xAA, 0xAA, 0xAA, 0xAF, 0xFF, 0xAA, 0xA8, 0x00,
        0x00, 0x55, 0x55, 0x55, 0x55, 0x55, 0x55, 0x55, 0x55, 0x55, 0x55, 0x55, 0x55, 0x55, 0x54, 0x00,
        0x00, 0x2A, 0xAA, 0xAA, 0xAA, 0xAA, 0xAA, 0xAA, 0xAA, 0xAA, 0xAA, 0xAA, 0xAA, 0xAA, 0xA8, 0x00,
    },
    // Frame 30 (delay: 110ms)
    {
        0x00, 0x00, 0x00, 0x00, 0x00, 0x00, 0x00, 0x00, 0x00, 0x00, 0x00, 0x00, 0x00, 0x00, 0x00, 0x00,
        0x00, 0x00, 0x00, 0x00, 0x00, 0x00, 0x00, 0x00, 0x00, 0x00, 0x00, 0x00, 0x00, 0x00, 0x00, 0x00,
        0x00, 0x00, 0x00, 0x00, 0x00, 0x00, 0x00, 0x00, 0x00, 0x00, 0x00, 0x00, 0x00, 0x00, 0x00, 0x00,
        0x00, 0x00, 0x00, 0x00, 0x00, 0x00, 0x00, 0x00, 0x00, 0x00, 0x00, 0x00, 0x00, 0x00, 0x00, 0x00,
        0x00, 0x00, 0x00, 0x00, 0x00, 0x00, 0x00, 0x00, 0x00, 0x00, 0x00, 0x00, 0x00, 0x00, 0x00, 0x00,
        0x00, 0x00, 0x00, 0x00, 0x00, 0x00, 0x00, 0x00, 0x00, 0x00, 0x00, 0x00, 0x00, 0x00, 0x00, 0x00,
        0x00, 0x00, 0x00, 0x00, 0x00, 0x00, 0x00, 0x00, 0x00, 0x00, 0x00, 0x00, 0x00, 0x00, 0x00, 0x00,
        0x00, 0x00, 0x00, 0x00, 0x00, 0x00, 0x00, 0x00, 0x00, 0x00, 0x00, 0x00, 0x00, 0x00, 0x00, 0x00,
        0x00, 0x00, 0x00, 0x00, 0x00, 0x00, 0x00, 0x00, 0x00, 0x00, 0x00, 0x00, 0x00, 0x00, 0x00, 0x00,
        0x00, 0x00, 0x00, 0x00, 0x00, 0x00, 0x00, 0x00, 0x00, 0x00, 0x00, 0x00, 0x00, 0x00, 0x00, 0x00,
        0x00, 0x00, 0x00, 0x00, 0x00, 0x00, 0x00, 0x00, 0x00, 0x00, 0x00, 0x00, 0x00, 0x00, 0x00, 0x00,
        0x00, 0x00, 0x00, 0x00, 0x00, 0x00, 0x00, 0x00, 0x00, 0x00, 0x00, 0x00, 0x00, 0x00, 0x00, 0x00,
        0x00, 0x00, 0x00, 0x00, 0x00, 0x00, 0x00, 0x00, 0x00, 0x00, 0x00, 0x00, 0x00, 0x00, 0x00, 0x00,
        0x00, 0x00, 0x00, 0x00, 0x00, 0x00, 0x00, 0x00, 0x00, 0x00, 0x00, 0x00, 0x00, 0x00, 0x00, 0x00,
        0x00, 0x00, 0x00, 0x00, 0x00, 0x00, 0x00, 0x00, 0x00, 0x00, 0x00, 0x00, 0x00, 0x00, 0x00, 0x00,
        0x00, 0x00, 0x00, 0x00, 0x00, 0x00, 0x00, 0x00, 0x00, 0x00, 0x00, 0x00, 0x00, 0x00, 0x00, 0x00,
        0x00, 0x00, 0x00, 0x00, 0x00, 0x00, 0x00, 0x00, 0x00, 0x00, 0x00, 0x00, 0x00, 0x00, 0x00, 0x00,
        0x00, 0x00, 0x00, 0x00, 0x00, 0x00, 0x00, 0x00, 0x00, 0x00, 0x00, 0x00, 0x00, 0xAA, 0xA8, 0x00,
        0x00, 0x00, 0x00, 0x00, 0x00, 0x00, 0x00, 0x00, 0x00, 0x00, 0x00, 0x05, 0x55, 0x55, 0x54, 0x00,
        0x00, 0x00, 0x00, 0x00, 0x00, 0x00, 0x00, 0x00, 0x00, 0x2A, 0xAA, 0xAA, 0xAA, 0xAA, 0xA8, 0x00,
        0x00, 0x00, 0x00, 0x00, 0x00, 0x00, 0x00, 0x55, 0x55, 0x55, 0x55, 0x55, 0x55, 0x55, 0x54, 0x00,
        0x00, 0x00, 0x00, 0xAA, 0xAA, 0xAA, 0xAA, 0xAA, 0xAA, 0xAA, 0xAA, 0xAA, 0xAA, 0xAA, 0xA8, 0x00,
        0x00, 0x15, 0x55, 0x55, 0x55, 0x55, 0x55, 0x55, 0x55, 0x55, 0x55, 0x55, 0x55, 0x55, 0x54, 0x00,
        0x00, 0x2A, 0xAA, 0xAA, 0xAA, 0xAA, 0xAA, 0xAA, 0xAA, 0xAA, 0xAA, 0xAA, 0xAA, 0xAA, 0xA8, 0x00,
        0x00, 0x55, 0x55, 0x55, 0x55, 0x55, 0x55, 0x55, 0x55, 0x55, 0x55, 0x55, 0x55, 0x55, 0x54, 0x00,
        0x00, 0x2A, 0xAA, 0xAA, 0xAA, 0xAA, 0xAA, 0xAA, 0xAA, 0xAA, 0xAA, 0xAA, 0xAA, 0xAA, 0xA8, 0x00,
        0x00, 0x55, 0x55, 0x55, 0x55, 0x55, 0x55, 0x55, 0x55, 0x55, 0x55, 0x55, 0x55, 0x55, 0x54, 0x00,
        0x00, 0x2A, 0xAA, 0xAA, 0xAA, 0xAA, 0xAA, 0xAA, 0xAA, 0xAA, 0xAA, 0xAA, 0xAA, 0xAA, 0xA8, 0x00,
        0x00, 0x55, 0x55, 0x55, 0x55, 0x55, 0x55, 0x55, 0x55, 0x55, 0x55, 0x55, 0x55, 0x55, 0x54, 0x00,
        0x00, 0x2A, 0xAA, 0xAA, 0xAA, 0xAA, 0xAA, 0xAA, 0xAA, 0xAA, 0xAA, 0xAA, 0xAA, 0xAA, 0xA8, 0x00,
        0x00, 0x55, 0x55, 0x55, 0x55, 0x55, 0x55, 0x55, 0x55, 0x55, 0x55, 0x55, 0x55, 0x55, 0x54, 0x00,
        0x00, 0x2A, 0xAA, 0xAA, 0xAA, 0xAA, 0xAA, 0xAA, 0xAA, 0xAA, 0xAA, 0xEF, 0xFF, 0xFF, 0xFC, 0x00,
        0x00, 0x55, 0x55, 0x55, 0x55, 0x55, 0x55, 0x55, 0x55, 0x57, 0x75, 0x7F, 0xFF, 0xFF, 0xFC, 0x00,
        0x00, 0x2A, 0xAA, 0xBF, 0xFF, 0xFF, 0xFF, 0xFF, 0xFF, 0xFF, 0xFF, 0xFF, 0xFF, 0xFF, 0xFC, 0x00,
        0x00, 0x55, 0xFF, 0xFF, 0xFF, 0xFF, 0xFF, 0xFF, 0xFF, 0xFF, 0xFF, 0xFF, 0xFF, 0xFF, 0xFC, 0x00,
        0x00, 0x3F, 0xFF, 0xFF, 0xFF, 0xFF, 0xFF, 0xFF, 0xFF, 0xFF, 0xFF, 0xFF, 0xFF, 0xFF, 0xFC, 0x00,
        0x00, 0x55, 0xF7, 0xFF, 0xFF, 0xFF, 0xFF, 0xFF, 0xFF, 0xFF, 0xFF, 0xFF, 0xFF, 0xFF, 0xFC, 0x00,
        0x00, 0x2A, 0xAA, 0xBB, 0xFF, 0xFF, 0xFF, 0xFF, 0xFF, 0xFF, 0xFF, 0xFF, 0xFF, 0xFF, 0xFC, 0x00,
        0x00, 0x55, 0x55, 0x55, 0x55, 0x55, 0x55, 0x55, 0x55, 0x55, 0x75, 0x57, 0xFF, 0xFF, 0xFC, 0x00,
        0x00, 0x2A, 0xAA, 0xAA, 0xAA, 0xAA, 0xAA, 0xAA, 0xAA, 0xAA, 0xAA, 0xAF, 0xFF, 0xFF, 0xFC, 0x00,
        0x00, 0x55, 0x55, 0x55, 0x55, 0x55, 0x55, 0x55, 0x55, 0x55, 0x55, 0x55, 0x55, 0x55, 0x54, 0x00,
        0x00, 0x2A, 0xAA, 0xAA, 0xAA, 0xAA, 0xAA, 0xAA, 0xAA, 0xAA, 0xAA, 0xAA, 0xAA, 0xAA, 0xA8, 0x00,
        0x00, 0x55, 0x55, 0x55, 0x55, 0x55, 0x55, 0x55, 0x55, 0x55, 0x55, 0x55, 0x55, 0x55, 0x54, 0x00,
        0x00, 0x2A, 0xAA, 0xAA, 0xAA, 0xAA, 0xAA, 0xAA, 0xAA, 0xAA, 0xAA, 0xAA, 0xAA, 0xAA, 0xA8, 0x00,
        0x00, 0x55, 0x55, 0x55, 0x55, 0x55, 0x55, 0x55, 0x55, 0x55, 0x55, 0x55, 0x55, 0x55, 0x54, 0x00,
        0x00, 0x2A, 0xAA, 0xAA, 0xAA, 0xAA, 0xAA, 0xAA, 0xAA, 0xAA, 0xAA, 0xAA, 0xAA, 0xAA, 0xA8, 0x00,
        0x00, 0x55, 0x55, 0x55, 0x55, 0x55, 0x55, 0x55, 0x55, 0x55, 0x55, 0x55, 0x55, 0x55, 0x54, 0x00,
        0x00, 0x2A, 0xAA, 0xAA, 0xAA, 0xAA, 0xAA, 0xAA, 0xAA, 0xAA, 0xAA, 0xAA, 0xAA, 0xAA, 0xA8, 0x00,
        0x00, 0x05, 0x55, 0x55, 0x55, 0x55, 0x55, 0x55, 0x55, 0x55, 0x55, 0x55, 0x55, 0x55, 0x54, 0x00,
        0x00, 0x00, 0x00, 0xAA, 0xAA, 0xAA, 0xAA, 0xAA, 0xAA, 0xAA, 0xAA, 0xAA, 0xAA, 0xAA, 0xA8, 0x00,
        0x00, 0x00, 0x00, 0x00, 0x00, 0x00, 0x00, 0x55, 0x55, 0x55, 0x55, 0x55, 0x55, 0x55, 0x54, 0x00,
        0x00, 0x00, 0x00, 0x00, 0x00, 0x00, 0x00, 0x00, 0x00, 0x0A, 0xAA, 0xAA, 0xAA, 0xAA, 0xA8, 0x00,
        0x00, 0x00, 0x00, 0x00, 0x00, 0x00, 0x00, 0x00, 0x00, 0x00, 0x00, 0x01, 0x55, 0x55, 0x54, 0x00,
        0x00, 0x00, 0x00, 0x00, 0x00, 0x00, 0x00, 0x00, 0x00, 0x00, 0x00, 0x00, 0x00, 0xAA, 0xA8, 0x00,
        0x00, 0x00, 0x00, 0x00, 0x00, 0x00, 0x00, 0x00, 0x00, 0x00, 0x00, 0x00, 0x00, 0x00, 0x00, 0x00,
        0x00, 0x00, 0x00, 0x00, 0x00, 0x00, 0x00, 0x00, 0x00, 0x00, 0x00, 0x00, 0x00, 0x00, 0x00, 0x00,
        0x00, 0x00, 0x00, 0x00, 0x00, 0x00, 0x00, 0x00, 0x00, 0x00, 0x00, 0x00, 0x00, 0x00, 0x00, 0x00,
        0x00, 0x00, 0x00, 0x00, 0x00, 0x00, 0x00, 0x00, 0x00, 0x00, 0x00, 0x00, 0x00, 0x00, 0x00, 0x00,
        0x00, 0x00, 0x00, 0x00, 0x00, 0x00, 0x00, 0x00, 0x00, 0x00, 0x00, 0x00, 0x00, 0x00, 0x00, 0x00,
        0x00, 0x00, 0x00, 0x00, 0x00, 0x00, 0x00, 0x00, 0x00, 0x00, 0x00, 0x00, 0x00, 0x00, 0x00, 0x00,
        0x00, 0x00, 0x00, 0x00, 0x00, 0x00, 0x00, 0x00, 0x00, 0x00, 0x00, 0x00, 0x00, 0x00, 0x00, 0x00,
        0x00, 0x00, 0x00, 0x00, 0x00, 0x00, 0x00, 0x00, 0x00, 0x00, 0x00, 0x00, 0x00, 0x00, 0x00, 0x00,
        0x00, 0x00, 0x00, 0x00, 0x00, 0x00, 0x00, 0x00, 0x00, 0x00, 0x00, 0x00, 0x00, 0x00, 0x00, 0x00,
        0x00, 0x00, 0x00, 0x00, 0x00, 0x00, 0x00, 0x00, 0x00, 0x00, 0x00, 0x00, 0x00, 0x00, 0x00, 0x00,
    },
    // Frame 31 (delay: 130ms)
    {
        0x00, 0x00, 0x00, 0x00, 0x00, 0x00, 0x00, 0x00, 0x00, 0x00, 0x00, 0x00, 0x00, 0x00, 0x00, 0x00,
        0x00, 0x00, 0x00, 0x00, 0x00, 0x00, 0x00, 0x00, 0x00, 0x00, 0x00, 0x00, 0x00, 0x00, 0x00, 0x00,
        0x00, 0x00, 0x00, 0x00, 0x00, 0x00, 0x00, 0x00, 0x00, 0x00, 0x00, 0x00, 0x00, 0x00, 0x00, 0x00,
        0x00, 0x00, 0x00, 0x00, 0x00, 0x00, 0x00, 0x00, 0x00, 0x00, 0x00, 0x00, 0x00, 0x00, 0x00, 0x00,
        0x00, 0x00, 0x00, 0x00, 0x00, 0x00, 0x00, 0x00, 0x00, 0x00, 0x00, 0x00, 0x00, 0x00, 0x00, 0x00,
        0x00, 0x00, 0x00, 0x00, 0x00, 0x00, 0x00, 0x00, 0x00, 0x00, 0x00, 0x00, 0x00, 0x00, 0x00, 0x00,
        0x00, 0x00, 0x00, 0x00, 0x00, 0x00, 0x00, 0x00, 0x00, 0x00, 0x00, 0x00, 0x00, 0x00, 0x00, 0x00,
        0x00, 0x00, 0x00, 0x00, 0x00, 0x00, 0x00, 0x00, 0x00, 0x00, 0x00, 0x00, 0x00, 0x00, 0x00, 0x00,
        0x00, 0x00, 0x00, 0x00, 0x00, 0x00, 0x00, 0x00, 0x00, 0x00, 0x00, 0x00, 0x00, 0x00, 0x00, 0x00,
        0x00, 0x00, 0x00, 0x00, 0x00, 0x00, 0x00, 0x00, 0x00, 0x00, 0x00, 0x00, 0x00, 0x00, 0x00, 0x00,
        0x00, 0x00, 0x00, 0x00, 0x00, 0x00, 0x00, 0x00, 0x00, 0x00, 0x00, 0x00, 0x00, 0x00, 0x00, 0x00,
        0x00, 0x00, 0x00, 0x00, 0x00, 0x00, 0x00, 0x00, 0x00, 0x00, 0x00, 0x00, 0x00, 0x00, 0x00, 0x00,
        0x00, 0x00, 0x00, 0x00, 0x00, 0x00, 0x00, 0x00, 0x00, 0x00, 0x00, 0x00, 0x00, 0x00, 0x00, 0x00,
        0x00, 0x00, 0x00, 0x00, 0x00, 0x00, 0x00, 0x00, 0x00, 0x00, 0x00, 0x00, 0x00, 0x00, 0x00, 0x00,
        0x00, 0x00, 0x00, 0x00, 0x00, 0x00, 0x00, 0x00, 0x00, 0x00, 0x00, 0x00, 0x00, 0x00, 0x00, 0x00,
        0x00, 0x00, 0x00, 0x00, 0x00, 0x00, 0x00, 0x00, 0x00, 0x00, 0x00, 0x00, 0x00, 0x00, 0x00, 0x00,
        0x00, 0x00, 0x00, 0x00, 0x00, 0x00, 0x00, 0x00, 0x00, 0x00, 0x00, 0x00, 0x00, 0x00, 0x00, 0x00,
        0x00, 0x00, 0x00, 0x00, 0x00, 0x00, 0x00, 0x00, 0x00, 0x00, 0x00, 0x00, 0x00, 0x00, 0x00, 0x00,
        0x00, 0x00, 0x00, 0x00, 0x00, 0x00, 0x00, 0x00, 0x00, 0x00, 0x00, 0x00, 0x00, 0x00, 0x00, 0x00,
        0x00, 0x00, 0x00, 0x00, 0x00, 0x00, 0x00, 0x00, 0x00, 0x00, 0x00, 0x00, 0x00, 0x00, 0x00, 0x00,
        0x00, 0x00, 0x00, 0x00, 0x00, 0x00, 0x00, 0x00, 0x00, 0x00, 0x00, 0x00, 0x00, 0x00, 0x00, 0x00,
        0x00, 0x00, 0x00, 0x00, 0x00, 0x00, 0x00, 0x00, 0x00, 0x00, 0x00, 0x00, 0x00, 0x00, 0x00, 0x00,
        0x00, 0x00, 0x00, 0x00, 0x00, 0x00, 0x00, 0x00, 0x00, 0x00, 0x00, 0x00, 0x00, 0x00, 0x00, 0x00,
        0x00, 0x00, 0x00, 0x00, 0x00, 0x00, 0x00, 0x00, 0x00, 0x00, 0x00, 0x00, 0x00, 0x00, 0x00, 0x00,
        0x00, 0x00, 0x00, 0x00, 0x00, 0x00, 0x00, 0x00, 0x00, 0x00, 0x00, 0x00, 0x00, 0x00, 0x00, 0x00,
        0x00, 0x00, 0x00, 0x00, 0x00, 0x00, 0x00, 0x00, 0x00, 0x00, 0x00, 0x00, 0x00, 0x00, 0x00, 0x00,
        0x00, 0x00, 0x00, 0x00, 0x00, 0x00, 0x00, 0x00, 0x00, 0x00, 0x00, 0x00, 0x00, 0x01, 0x14, 0x00,
        0x00, 0x00, 0x00, 0x00, 0x00, 0x00, 0x00, 0x00, 0x00, 0x00, 0x00, 0x00, 0x2A, 0xAA, 0xA8, 0x00,
        0x00, 0x00, 0x00, 0x00, 0x00, 0x00, 0x00, 0x00, 0x00, 0x00, 0x00, 0x00, 0x55, 0x55, 0x54, 0x00,
        0x00, 0x00, 0x00, 0x00, 0x00, 0x00, 0x00, 0x00, 0x00, 0x00, 0x00, 0xAA, 0xAA, 0xAA, 0xA8, 0x00,
        0x00, 0x00, 0x00, 0x00, 0x00, 0x00, 0x00, 0x00, 0x00, 0x01, 0x55, 0x55, 0x55, 0x55, 0x54, 0x00,
        0x00, 0x00, 0x00, 0x00, 0x00, 0x00, 0x00, 0x00, 0x2A, 0xAA, 0xAA, 0xAA, 0xBA, 0xAA, 0xA8, 0x00,
        0x00, 0x00, 0x00, 0x00, 0x00, 0x00, 0x00, 0x00, 0x15, 0x55, 0x55, 0x55, 0x55, 0x57, 0x54, 0x00,
        0x00, 0x00, 0x00, 0x00, 0x00, 0x00, 0x00, 0x00, 0x00, 0x00, 0xAA, 0xAA, 0xAA, 0xAA, 0xA8, 0x00,
        0x00, 0x00, 0x00, 0x00, 0x00, 0x00, 0x00, 0x00, 0x00, 0x00, 0x00, 0x55, 0x55, 0x5D, 0x54, 0x00,
        0x00, 0x00, 0x00, 0x00, 0x00, 0x00, 0x00, 0x00, 0x00, 0x00, 0x00, 0x00, 0xAA, 0xEA, 0xA8, 0x00,
        0x00, 0x00, 0x00, 0x00, 0x00, 0x00, 0x00, 0x00, 0x00, 0x00, 0x00, 0x00, 0x55, 0x55, 0x54, 0x00,
        0x00, 0x00, 0x00, 0x00, 0x00, 0x00, 0x00, 0x00, 0x00, 0x00, 0x00, 0x00, 0xAA, 0xAA, 0x88, 0x00,
        0x00, 0x00, 0x00, 0x00, 0x00, 0x00, 0x00, 0x00, 0x00, 0x00, 0x00, 0x00, 0x51, 0x54, 0x00, 0x00,
        0x00, 0x00, 0x00, 0x00, 0x00, 0x00, 0x00, 0x00, 0x00, 0x00, 0x00, 0x00, 0x00, 0x20, 0x00, 0x00,
        0x00, 0x00, 0x00, 0x00, 0x00, 0x00, 0x00, 0x00, 0x00, 0x00, 0x00, 0x00, 0x04, 0x14, 0x00, 0x00,
        0x00, 0x00, 0x00, 0x00, 0x00, 0x00, 0x00, 0x00, 0x00, 0x00, 0x00, 0x00, 0x0A, 0xA8, 0x00, 0x00,
        0x00, 0x00, 0x00, 0x00, 0x00, 0x00, 0x00, 0x00, 0x00, 0x00, 0x00, 0x00, 0x11, 0x54, 0x00, 0x00,
        0x00, 0x00, 0x00, 0x00, 0x00, 0x00, 0x00, 0x00, 0x00, 0x00, 0x00, 0x00, 0x0A, 0xA8, 0x00, 0x00,
        0x00, 0x00, 0x00, 0x00, 0x00, 0x00, 0x00, 0x00, 0x00, 0x00, 0x00, 0x00, 0x15, 0x7C, 0x00, 0x00,
        0x00, 0x00, 0x00, 0x00, 0x00, 0x00, 0x00, 0x00, 0x00, 0x00, 0x00, 0x00, 0x0A, 0xFC, 0x00, 0x00,
        0x00, 0x00, 0x00, 0x00, 0x00, 0x00, 0x00, 0x00, 0x00, 0x00, 0x00, 0x00, 0x15, 0xFC, 0x00, 0x00,
        0x00, 0x00, 0x00, 0x00, 0x00, 0x00, 0x00, 0x00, 0x00, 0x00, 0x00, 0x00, 0x0A, 0xFC, 0x00, 0x00,
        0x00, 0x00, 0x00, 0x00, 0x00, 0x00, 0x00, 0x00, 0x00, 0x00, 0x00, 0x00, 0x05, 0xF4, 0x00, 0x00,
        0x00, 0x00, 0x00, 0x00, 0x00, 0x00, 0x00, 0x00, 0x00, 0x00, 0x00, 0x00, 0x02, 0xA8, 0x00, 0x00,
        0x00, 0x00, 0x00, 0x00, 0x00, 0x00, 0x00, 0x00, 0x00, 0x00, 0x00, 0x00, 0x01, 0x50, 0x00, 0x00,
        0x00, 0x00, 0x00, 0x00, 0x00, 0x00, 0x00, 0x00, 0x00, 0x00, 0x00, 0x00, 0x00, 0xA8, 0x00, 0x00,
        0x00, 0x00, 0x00, 0x00, 0x00, 0x00, 0x00, 0x00, 0x00, 0x00, 0x00, 0x00, 0x01, 0x54, 0x00, 0x00,
        0x00, 0x00, 0x00, 0x00, 0x00, 0x00, 0x00, 0x00, 0x00, 0x00, 0x00, 0x00, 0x00, 0xA8, 0x00, 0x00,
        0x00, 0x00, 0x00, 0x00, 0x00, 0x00, 0x00, 0x00, 0x00, 0x00, 0x00, 0x00, 0x00, 0x50, 0x00, 0x00,
        0x00, 0x00, 0x00, 0x00, 0x00, 0x00, 0x00, 0x00, 0x00, 0x00, 0x00, 0x00, 0x00, 0xA8, 0x00, 0x00,
        0x00, 0x00, 0x00, 0x00, 0x00, 0x00, 0x00, 0x00, 0x00, 0x00, 0x00, 0x00, 0x05, 0x10, 0x00, 0x00,
        0x00, 0x00, 0x00, 0x00, 0x00, 0x00, 0x00, 0x00, 0x00, 0x00, 0x00, 0x00, 0x02, 0xB8, 0x00, 0x00,
        0x00, 0x00, 0x00, 0x00, 0x00, 0x00, 0x00, 0x00, 0x00, 0x00, 0x00, 0x00, 0x00, 0x00, 0x00, 0x00,
        0x00, 0x00, 0x00, 0x00, 0x00, 0x00, 0x00, 0x00, 0x00, 0x00, 0x00, 0x00, 0x00, 0x00, 0x00, 0x00,
        0x00, 0x00, 0x00, 0x00, 0x00, 0x00, 0x00, 0x00, 0x00, 0x00, 0x00, 0x00, 0x00, 0x00, 0x00, 0x00,
        0x00, 0x00, 0x00, 0x00, 0x00, 0x00, 0x00, 0x00, 0x00, 0x00, 0x00, 0x00, 0x00, 0x00, 0x00, 0x00,
        0x00, 0x00, 0x00, 0x00, 0x00, 0x00, 0x00, 0x00, 0x00, 0x00, 0x00, 0x00, 0x00, 0x00, 0x00, 0x00,
        0x00, 0x00, 0x00, 0x00, 0x00, 0x00, 0x00, 0x00, 0x00, 0x00, 0x00, 0x00, 0x00, 0x00, 0x00, 0x00,
    },
    // Frame 32 (delay: 120ms)
    {
        0x00, 0x00, 0x00, 0x00, 0x00, 0x00, 0x00, 0x00, 0x00, 0x00, 0x00, 0x00, 0x00, 0x00, 0x00, 0x00,
        0x00, 0x00, 0x00, 0x00, 0x00, 0x00, 0x00, 0x00, 0x00, 0x00, 0x00, 0x00, 0x00, 0x00, 0x00, 0x00,
        0x00, 0x00, 0x00, 0x00, 0x00, 0x00, 0x00, 0x00, 0x00, 0x00, 0x00, 0x00, 0x00, 0x00, 0x00, 0x00,
        0x00, 0x00, 0x00, 0x00, 0x00, 0x00, 0x00, 0x00, 0x00, 0x00, 0x00, 0x00, 0x00, 0x00, 0x00, 0x00,
        0x00, 0x00, 0x00, 0x00, 0x00, 0x00, 0x00, 0x00, 0x00, 0x00, 0x00, 0x00, 0x00, 0x00, 0x00, 0x00,
        0x00, 0x00, 0x00, 0x00, 0x00, 0x00, 0x00, 0x00, 0x00, 0x00, 0x00, 0x00, 0x00, 0x00, 0x00, 0x00,
        0x00, 0x00, 0x00, 0x06, 0xA0, 0x00, 0x00, 0x00, 0x00, 0x00, 0x00, 0x00, 0x00, 0x00, 0x00, 0x00,
        0x00, 0x00, 0x00, 0x34, 0x50, 0x00, 0x00, 0x00, 0x00, 0x00, 0x00, 0x00, 0x00, 0x00, 0x00, 0x00,
        0x00, 0x00, 0x00, 0x20, 0x20, 0x00, 0x00, 0x00, 0x00, 0x00, 0x00, 0x00, 0x00, 0x00, 0x00, 0x00,
        0x00, 0x00, 0x00, 0xBE, 0x00, 0x00, 0x00, 0x00, 0x00, 0x00, 0x00, 0x00, 0x00, 0x00, 0x00, 0x00,
        0x00, 0x00, 0x04, 0x3F, 0x80, 0x00, 0x00, 0x00, 0x00, 0x00, 0x00, 0x00, 0x00, 0x00, 0x00, 0x00,
        0x00, 0x00, 0x3F, 0x1F, 0xC8, 0x00, 0x00, 0x00, 0x00, 0x00, 0x00, 0x00, 0x00, 0x00, 0x00, 0x00,
        0x00, 0x00, 0xFF, 0x8F, 0x9F, 0x80, 0x00, 0x00, 0x00, 0x00, 0x00, 0x00, 0x00, 0x00, 0x00, 0x00,
        0x00, 0x01, 0xFF, 0xC5, 0x53, 0xC0, 0x00, 0x00, 0x00, 0x00, 0x00, 0x00, 0x00, 0x00, 0x00, 0x00,
        0x00, 0x01, 0x7F, 0xE0, 0x13, 0xC0, 0x00, 0x00, 0x00, 0x00, 0x00, 0x00, 0x00, 0x00, 0x00, 0x00,
        0x00, 0x02, 0x0F, 0xF0, 0x37, 0xF0, 0x00, 0x00, 0x00, 0x00, 0x00, 0x00, 0x00, 0x00, 0x00, 0x00,
        0x00, 0x02, 0x03, 0xF0, 0x60, 0xA0, 0x07, 0x30, 0x00, 0x00, 0x00, 0x00, 0x00, 0x00, 0x00, 0x00,
        0x00, 0x02, 0x00, 0x04, 0xC5, 0x57, 0xFF, 0xF0, 0x00, 0x00, 0x00, 0x00, 0x00, 0x00, 0x00, 0x00,
        0x00, 0x02, 0x00, 0x79, 0x8A, 0xAF, 0xFF, 0xE0, 0x00, 0x00, 0x00, 0x00, 0x00, 0x00, 0x00, 0x00,
        0x00, 0x02, 0x00, 0x00, 0x11, 0x57, 0xFF, 0xC0, 0x00, 0x00, 0x00, 0x00, 0x00, 0x00, 0x00, 0x00,
        0x00, 0x02, 0x00, 0x00, 0x08, 0xAF, 0xFF, 0x80, 0x00, 0x00, 0x00, 0x00, 0x00, 0x00, 0x00, 0x00,
        0x00, 0x02, 0x00, 0x00, 0x10, 0x57, 0xFF, 0x00, 0x00, 0x00, 0x00, 0x00, 0x00, 0x00, 0x00, 0x00,
        0x00, 0x02, 0x00, 0x00, 0x08, 0x0B, 0x00, 0x00, 0x00, 0x00, 0x00, 0x00, 0x00, 0x00, 0x00, 0x00,
        0x00, 0x02, 0x00, 0x00, 0x10, 0x00, 0x00, 0x00, 0x00, 0x00, 0x00, 0x00, 0x00, 0x00, 0x00, 0x00,
        0x00, 0x02, 0x00, 0x00, 0x08, 0x00, 0x00, 0x00, 0x00, 0x00, 0x00, 0x00, 0x00, 0x00, 0x00, 0x00,
        0x00, 0x02, 0x00, 0x00, 0x00, 0x00, 0x00, 0x00, 0x00, 0x00, 0x00, 0x00, 0x00, 0x00, 0x00, 0x00,
        0x00, 0x02, 0x00, 0x00, 0x20, 0x00, 0x00, 0x00, 0x00, 0x00, 0x00, 0x00, 0x00, 0x00, 0x00, 0x00,
        0x00, 0x04, 0x00, 0x00, 0x54, 0x00, 0x00, 0x00, 0x00, 0x00, 0x00, 0x00, 0x00, 0x00, 0x00, 0x00,
        0x00, 0x04, 0x00, 0x00, 0x0A, 0x00, 0x00, 0x00, 0x01, 0xC7, 0x22, 0xF8, 0x07, 0x22, 0x20, 0x00,
        0x00, 0x04, 0x00, 0x00, 0x44, 0x00, 0x00, 0x00, 0x02, 0x28, 0xB6, 0x80, 0x08, 0xB2, 0x20, 0x00,
        0x00, 0x04, 0x00, 0x00, 0x22, 0x00, 0x00, 0x00, 0x02, 0x08, 0xAA, 0x80, 0x08, 0xAA, 0x20, 0x00,
        0x00, 0x04, 0x00, 0x00, 0x44, 0x00, 0x00, 0x00, 0x02, 0x08, 0xA2, 0xF0, 0x08, 0xA6, 0x20, 0x00,
        0x00, 0x04, 0x00, 0x00, 0x2A, 0x00, 0x00, 0x00, 0x02, 0x08, 0xA2, 0x80, 0x08, 0xA2, 0x20, 0x00,
        0x00, 0x04, 0x00, 0x00, 0x54, 0x00, 0x00, 0x00, 0x02, 0x28, 0xA2, 0x80, 0x08, 0xA2, 0x00, 0x00,
        0x00, 0x04, 0x00, 0x00, 0x2A, 0x00, 0x00, 0x00, 0x01, 0xC7, 0x22, 0xF8, 0x07, 0x22, 0x20, 0x00,
        0x00, 0x04, 0x00, 0x00, 0x54, 0x00, 0x00, 0x00, 0x00, 0x00, 0x00, 0x00, 0x00, 0x00, 0x00, 0x00,
        0x00, 0x04, 0x00, 0x00, 0x2A, 0x00, 0x00, 0x00, 0x00, 0x00, 0x00, 0x00, 0x00, 0x00, 0x00, 0x00,
        0x00, 0x04, 0x00, 0x00, 0x54, 0x00, 0x00, 0x00, 0x00, 0x00, 0x00, 0x00, 0x00, 0x00, 0x00, 0x00,
        0x00, 0x04, 0x00, 0x00, 0x28, 0x00, 0x00, 0x00, 0x00, 0x00, 0x00, 0x00, 0x00, 0x00, 0x00, 0x00,
        0x00, 0x04, 0x00, 0x00, 0x50, 0x00, 0x00, 0x00, 0x00, 0x00, 0x00, 0x00, 0x00, 0x00, 0x00, 0x00,
        0x00, 0x08, 0x00, 0x00, 0x70, 0x00, 0x00, 0x00, 0x00, 0x00, 0x00, 0x00, 0x00, 0x00, 0x00, 0x00,
        0x00, 0x08, 0x00, 0x00, 0x20, 0x00, 0x00, 0x00, 0x00, 0x00, 0x00, 0x00, 0x00, 0x00, 0x00, 0x00,
        0x00, 0x08, 0x00, 0x00, 0x00, 0x00, 0x00, 0x00, 0x00, 0x00, 0x00, 0x00, 0x00, 0x00, 0x00, 0x00,
        0x00, 0x08, 0x00, 0x00, 0x40, 0x00, 0x00, 0x00, 0x00, 0x00, 0x00, 0x00, 0x00, 0x00, 0x00, 0x00,
        0x00, 0x08, 0x00, 0x00, 0x00, 0x00, 0x00, 0x00, 0x00, 0x00, 0x00, 0x00, 0x00, 0x00, 0x00, 0x00,
        0x00, 0x08, 0x00, 0x00, 0x00, 0x00, 0x00, 0x00, 0x00, 0x00, 0x00, 0x00, 0x00, 0x00, 0x00, 0x00,
        0x00, 0x08, 0x00, 0x00, 0x00, 0x00, 0x00, 0x00, 0x00, 0x00, 0x00, 0x00, 0x00, 0x00, 0x00, 0x00,
        0x00, 0x08, 0x00, 0x00, 0x00, 0x00, 0x00, 0x00, 0x00, 0x00, 0x00, 0x00, 0x00, 0x00, 0x00, 0x00,
        0x00, 0x08, 0x00, 0x00, 0x00, 0x00, 0x00, 0x00, 0x00, 0x00, 0x00, 0x00, 0x00, 0x00, 0x00, 0x00,
        0x00, 0x04, 0x00, 0x00, 0x00, 0x00, 0x00, 0x00, 0x00, 0x00, 0x00, 0x00, 0x00, 0x00, 0x00, 0x00,
        0x00, 0x04, 0x00, 0x00, 0x80, 0x00, 0x00, 0x00, 0x00, 0x00, 0x00, 0x00, 0x00, 0x00, 0x00, 0x00,
        0x00, 0x02, 0x00, 0x00, 0xF0, 0x00, 0x00, 0x00, 0x00, 0x00, 0x00, 0x00, 0x00, 0x00, 0x00, 0x00,
        0x00, 0x00, 0x40, 0x00, 0xF0, 0x00, 0x00, 0x00, 0x00, 0x00, 0x00, 0x00, 0x00, 0x00, 0x00, 0x00,
        0x00, 0x00, 0x01, 0x18, 0x60, 0x00, 0x00, 0x00, 0x00, 0x00, 0x00, 0x00, 0x00, 0x00, 0x00, 0x00,
        0x00, 0x00, 0x02, 0x00, 0x00, 0x00, 0x00, 0x00, 0x00, 0x00, 0x00, 0x00, 0x00, 0x00, 0x00, 0x00,
        0x00, 0x00, 0x02, 0x00, 0x00, 0x00, 0x00, 0x00, 0x00, 0x00, 0x00, 0x00, 0x00, 0x00, 0x00, 0x00,
        0x00, 0x00, 0x02, 0x00, 0x00, 0x00, 0x00, 0x00, 0x00, 0x00, 0x00, 0x00, 0x00, 0x00, 0x00, 0x00,
        0x00, 0x00, 0x01, 0x00, 0x00, 0x00, 0x00, 0x00, 0x00, 0x00, 0x00, 0x00, 0x00, 0x00, 0x00, 0x00,
        0x00, 0x00, 0x00, 0x00, 0x00, 0x00, 0x00, 0x00, 0x00, 0x00, 0x00, 0x00, 0x00, 0x00, 0x00, 0x00,
        0x00, 0x00, 0x00, 0x00, 0x00, 0x00, 0x00, 0x00, 0x00, 0x00, 0x00, 0x00, 0x00, 0x00, 0x00, 0x00,
        0x00, 0x00, 0x00, 0x00, 0x00, 0x00, 0x00, 0x00, 0x00, 0x00, 0x00, 0x00, 0x00, 0x00, 0x00, 0x00,
        0x00, 0x00, 0x00, 0x00, 0x00, 0x00, 0x00, 0x00, 0x00, 0x00, 0x00, 0x00, 0x00, 0x00, 0x00, 0x00,
        0x00, 0x00, 0x00, 0x00, 0x00, 0x00, 0x00, 0x00, 0x00, 0x00, 0x00, 0x00, 0x00, 0x00, 0x00, 0x00,
        0x00, 0x00, 0x00, 0x00, 0x00, 0x00, 0x00, 0x00, 0x00, 0x00, 0x00, 0x00, 0x00, 0x00, 0x00, 0x00,
    },
    // Frame 33 (delay: 100ms)
    {
        0x00, 0x00, 0x00, 0x00, 0x00, 0x00, 0x00, 0x00, 0x00, 0x00, 0x00, 0x00, 0x00, 0x00, 0x00, 0x00,
        0x00, 0x00, 0x00, 0x00, 0x00, 0x00, 0x00, 0x00, 0x00, 0x00, 0x00, 0x00, 0x00, 0x00, 0x00, 0x00,
        0x00, 0x00, 0x00, 0x00, 0x00, 0x00, 0x00, 0x00, 0x00, 0x00, 0x00, 0x00, 0x00, 0x00, 0x00, 0x00,
        0x00, 0x00, 0x00, 0x00, 0x00, 0x00, 0x00, 0x00, 0x00, 0x00, 0x00, 0x00, 0x00, 0x00, 0x00, 0x00,
        0x00, 0x00, 0x00, 0x00, 0x00, 0x00, 0x00, 0x00, 0x00, 0x00, 0x00, 0x00, 0x00, 0x00, 0x00, 0x00,
        0x00, 0x00, 0x00, 0x00, 0x00, 0x00, 0x00, 0x00, 0x00, 0x00, 0x00, 0x00, 0x00, 0x00, 0x00, 0x00,
        0x00, 0x00, 0x00, 0x06, 0xA8, 0x00, 0x00, 0x00, 0x00, 0x00, 0x00, 0x00, 0x00, 0x00, 0x00, 0x00,
        0x00, 0x00, 0x00, 0x14, 0x50, 0x00, 0x00, 0x00, 0x00, 0x00, 0x00, 0x00, 0x00, 0x00, 0x00, 0x00,
        0x00, 0x00, 0x00, 0x20, 0x20, 0x00, 0x00, 0x00, 0x00, 0x00, 0x00, 0x00, 0x00, 0x00, 0x00, 0x00,
        0x00, 0x00, 0x00, 0xBE, 0x00, 0x00, 0x00, 0x00, 0x00, 0x00, 0x00, 0x00, 0x00, 0x00, 0x00, 0x00,
        0x00, 0x00, 0x04, 0x3F, 0xC0, 0x00, 0x00, 0x00, 0x00, 0x00, 0x00, 0x00, 0x00, 0x00, 0x00, 0x00,
        0x00, 0x00, 0x3F, 0x1F, 0xC4, 0x00, 0x00, 0x00, 0x00, 0x00, 0x00, 0x00, 0x00, 0x00, 0x00, 0x00,
        0x00, 0x00, 0xFF, 0x8F, 0x9F, 0x80, 0x00, 0x00, 0x00, 0x00, 0x00, 0x00, 0x00, 0x00, 0x00, 0x00,
        0x00, 0x01, 0xFF, 0xC5, 0x5B, 0xC0, 0x00, 0x00, 0x00, 0x00, 0x00, 0x00, 0x00, 0x00, 0x00, 0x00,
        0x00, 0x01, 0x7F, 0xE0, 0x13, 0xE0, 0x00, 0x00, 0x00, 0x00, 0x00, 0x00, 0x00, 0x00, 0x00, 0x00,
        0x00, 0x02, 0x0F, 0xF0, 0x37, 0xF0, 0x00, 0x40, 0x00, 0x00, 0x00, 0x00, 0x00, 0x00, 0x00, 0x00,
        0x00, 0x02, 0x03, 0xF0, 0x60, 0xA0, 0x07, 0xE0, 0x00, 0x00, 0x00, 0x00, 0x00, 0x00, 0x00, 0x00,
        0x00, 0x02, 0x00, 0x06, 0xC5, 0x57, 0xFF, 0xE0, 0x00, 0x00, 0x00, 0x00, 0x00, 0x00, 0x00, 0x00,
        0x00, 0x02, 0x00, 0x7D, 0x8A, 0xAB, 0xFF, 0xE0, 0x00, 0x00, 0x00, 0x00, 0x00, 0x00, 0x00, 0x00,
        0x00, 0x02, 0x00, 0x00, 0x15, 0x57, 0xFF, 0xE0, 0x00, 0x00, 0x00, 0x00, 0x00, 0x00, 0x00, 0x00,
        0x00, 0x02, 0x00, 0x00, 0x08, 0xAF, 0xFF, 0xC0, 0x00, 0x00, 0x00, 0x00, 0x00, 0x00, 0x00, 0x00,
        0x00, 0x02, 0x00, 0x00, 0x10, 0x57, 0xFF, 0x00, 0x00, 0x00, 0x00, 0x00, 0x00, 0x00, 0x00, 0x00,
        0x00, 0x02, 0x00, 0x00, 0x08, 0x0B, 0x00, 0x00, 0x00, 0x00, 0x00, 0x00, 0x00, 0x00, 0x00, 0x00,
        0x00, 0x02, 0x00, 0x00, 0x10, 0x00, 0x00, 0x00, 0x00, 0x00, 0x00, 0x00, 0x00, 0x00, 0x00, 0x00,
        0x00, 0x02, 0x00, 0x00, 0x08, 0x00, 0x00, 0x00, 0x00, 0x00, 0x00, 0x00, 0x00, 0x00, 0x00, 0x00,
        0x00, 0x02, 0x00, 0x00, 0x00, 0x00, 0x00, 0x00, 0x00, 0x00, 0x00, 0x00, 0x00, 0x00, 0x00, 0x00,
        0x00, 0x02, 0x00, 0x00, 0x20, 0x00, 0x00, 0x00, 0x00, 0x00, 0x00, 0x00, 0x00, 0x00, 0x00, 0x00,
        0x00, 0x04, 0x00, 0x00, 0x44, 0x00, 0x00, 0x00, 0x00, 0x00, 0x00, 0x00, 0x00, 0x00, 0x00, 0x00,
        0x00, 0x04, 0x00, 0x00, 0x2A, 0x00, 0x00, 0x00, 0x01, 0xC7, 0x22, 0xF8, 0x07, 0x22, 0x20, 0x00,
        0x00, 0x04, 0x00, 0x00, 0x44, 0x00, 0x00, 0x00, 0x02, 0x28, 0xB6, 0x80, 0x08, 0xB2, 0x20, 0x00,
        0x00, 0x04, 0x00, 0x00, 0x22, 0x00, 0x00, 0x00, 0x02, 0x08, 0xAA, 0x80, 0x08, 0xAA, 0x20, 0x00,
        0x00, 0x04, 0x00, 0x00, 0x44, 0x00, 0x00, 0x00, 0x02, 0x08, 0xA2, 0xF0, 0x08, 0xA6, 0x20, 0x00,
        0x00, 0x04, 0x00, 0x00, 0x2A, 0x00, 0x00, 0x00, 0x02, 0x08, 0xA2, 0x80, 0x08, 0xA2, 0x20, 0x00,
        0x00, 0x04, 0x00, 0x00, 0x54, 0x00, 0x00, 0x00, 0x02, 0x28, 0xA2, 0x80, 0x08, 0xA2, 0x00, 0x00,
        0x00, 0x04, 0x00, 0x00, 0x2A, 0x00, 0x00, 0x00, 0x01, 0xC7, 0x22, 0xF8, 0x07, 0x22, 0x20, 0x00,
        0x00, 0x04, 0x00, 0x00, 0x55, 0x00, 0x00, 0x00, 0x00, 0x00, 0x00, 0x00, 0x00, 0x00, 0x00, 0x00,
        0x00, 0x04, 0x00, 0x00, 0x2A, 0x00, 0x00, 0x00, 0x00, 0x00, 0x00, 0x00, 0x00, 0x00, 0x00, 0x00,
        0x00, 0x04, 0x00, 0x00, 0x54, 0x00, 0x00, 0x00, 0x00, 0x00, 0x00, 0x00, 0x00, 0x00, 0x00, 0x00,
        0x00, 0x04, 0x00, 0x00, 0x28, 0x00, 0x00, 0x00, 0x00, 0x00, 0x00, 0x00, 0x00, 0x00, 0x00, 0x00,
        0x00, 0x04, 0x00, 0x00, 0x50, 0x00, 0x00, 0x00, 0x00, 0x00, 0x00, 0x00, 0x00, 0x00, 0x00, 0x00,
        0x00, 0x08, 0x00, 0x00, 0x70, 0x00, 0x00, 0x00, 0x00, 0x00, 0x00, 0x00, 0x00, 0x00, 0x00, 0x00,
        0x00, 0x08, 0x00, 0x00, 0x20, 0x00, 0x00, 0x00, 0x00, 0x00, 0x00, 0x00, 0x00, 0x00, 0x00, 0x00,
        0x00, 0x08, 0x00, 0x00, 0x00, 0x00, 0x00, 0x00, 0x00, 0x00, 0x00, 0x00, 0x00, 0x00, 0x00, 0x00,
        0x00, 0x08, 0x00, 0x00, 0x40, 0x00, 0x00, 0x00, 0x00, 0x00, 0x00, 0x00, 0x00, 0x00, 0x00, 0x00,
        0x00, 0x08, 0x00, 0x00, 0x00, 0x00, 0x00, 0x00, 0x00, 0x00, 0x00, 0x00, 0x00, 0x00, 0x00, 0x00,
        0x00, 0x08, 0x00, 0x00, 0x00, 0x00, 0x00, 0x00, 0x00, 0x00, 0x00, 0x00, 0x00, 0x00, 0x00, 0x00,
        0x00, 0x08, 0x00, 0x00, 0x00, 0x00, 0x00, 0x00, 0x00, 0x00, 0x00, 0x00, 0x00, 0x00, 0x00, 0x00,
        0x00, 0x08, 0x00, 0x00, 0x00, 0x00, 0x00, 0x00, 0x00, 0x00, 0x00, 0x00, 0x00, 0x00, 0x00, 0x00,
        0x00, 0x08, 0x00, 0x00, 0x00, 0x00, 0x00, 0x00, 0x00, 0x00, 0x00, 0x00, 0x00, 0x00, 0x00, 0x00,
        0x00, 0x04, 0x00, 0x00, 0x00, 0x00, 0x00, 0x00, 0x00, 0x00, 0x00, 0x00, 0x00, 0x00, 0x00, 0x00,
        0x00, 0x04, 0x00, 0x00, 0x80, 0x00, 0x00, 0x00, 0x00, 0x00, 0x00, 0x00, 0x00, 0x00, 0x00, 0x00,
        0x00, 0x02, 0x00, 0x00, 0xF0, 0x00, 0x00, 0x00, 0x00, 0x00, 0x00, 0x00, 0x00, 0x00, 0x00, 0x00,
        0x00, 0x00, 0x40, 0x00, 0xF0, 0x00, 0x00, 0x00, 0x00, 0x00, 0x00, 0x00, 0x00, 0x00, 0x00, 0x00,
        0x00, 0x00, 0x01, 0x18, 0x60, 0x00, 0x00, 0x00, 0x00, 0x00, 0x00, 0x00, 0x00, 0x00, 0x00, 0x00,
        0x00, 0x00, 0x02, 0x00, 0x00, 0x00, 0x00, 0x00, 0x00, 0x00, 0x00, 0x00, 0x00, 0x00, 0x00, 0x00,
        0x00, 0x00, 0x02, 0x00, 0x00, 0x00, 0x00, 0x00, 0x00, 0x00, 0x00, 0x00, 0x00, 0x00, 0x00, 0x00,
        0x00, 0x00, 0x02, 0x00, 0x00, 0x00, 0x00, 0x00, 0x00, 0x00, 0x00, 0x00, 0x00, 0x00, 0x00, 0x00,
        0x00, 0x00, 0x01, 0x00, 0x00, 0x00, 0x00, 0x00, 0x00, 0x00, 0x00, 0x00, 0x00, 0x00, 0x00, 0x00,
        0x00, 0x00, 0x00, 0x00, 0x00, 0x00, 0x00, 0x00, 0x00, 0x00, 0x00, 0x00, 0x00, 0x00, 0x00, 0x00,
        0x00, 0x00, 0x00, 0x00, 0x00, 0x00, 0x00, 0x00, 0x00, 0x00, 0x00, 0x00, 0x00, 0x00, 0x00, 0x00,
        0x00, 0x00, 0x00, 0x00, 0x00, 0x00, 0x00, 0x00, 0x00, 0x00, 0x00, 0x00, 0x00, 0x00, 0x00, 0x00,
        0x00, 0x00, 0x00, 0x00, 0x00, 0x00, 0x00, 0x00, 0x00, 0x00, 0x00, 0x00, 0x00, 0x00, 0x00, 0x00,
        0x00, 0x00, 0x00, 0x00, 0x00, 0x00, 0x00, 0x00, 0x00, 0x00, 0x00, 0x00, 0x00, 0x00, 0x00, 0x00,
        0x00, 0x00, 0x00, 0x00, 0x00, 0x00, 0x00, 0x00, 0x00, 0x00, 0x00, 0x00, 0x00, 0x00, 0x00, 0x00,
    },
    // Frame 34 (delay: 100ms)
    {
        0x00, 0x00, 0x00, 0x00, 0x00, 0x00, 0x00, 0x00, 0x00, 0x00, 0x00, 0x00, 0x00, 0x00, 0x00, 0x00,
        0x00, 0x00, 0x00, 0x00, 0x00, 0x00, 0x00, 0x00, 0x00, 0x00, 0x00, 0x00, 0x00, 0x00, 0x00, 0x00,
        0x00, 0x00, 0x00, 0x00, 0x00, 0x00, 0x00, 0x00, 0x00, 0x00, 0x00, 0x00, 0x00, 0x00, 0x00, 0x00,
        0x00, 0x00, 0x00, 0x00, 0x00, 0x00, 0x00, 0x00, 0x00, 0x00, 0x00, 0x00, 0x00, 0x00, 0x00, 0x00,
        0x00, 0x00, 0x00, 0x00, 0x00, 0x00, 0x00, 0x00, 0x00, 0x00, 0x00, 0x00, 0x00, 0x00, 0x00, 0x00,
        0x00, 0x00, 0x00, 0x00, 0x00, 0x00, 0x00, 0x00, 0x00, 0x00, 0x00, 0x00, 0x00, 0x00, 0x00, 0x00,
        0x00, 0x00, 0x00, 0x06, 0xA0, 0x00, 0x00, 0x00, 0x00, 0x00, 0x00, 0x00, 0x00, 0x00, 0x00, 0x00,
        0x00, 0x00, 0x00, 0x34, 0x50, 0x00, 0x00, 0x00, 0x00, 0x00, 0x00, 0x00, 0x00, 0x00, 0x00, 0x00,
        0x00, 0x00, 0x00, 0x20, 0x20, 0x00, 0x00, 0x00, 0x00, 0x00, 0x00, 0x00, 0x00, 0x00, 0x00, 0x00,
        0x00, 0x00, 0x00, 0xBE, 0x00, 0x00, 0x00, 0x00, 0x00, 0x00, 0x00, 0x00, 0x00, 0x00, 0x00, 0x00,
        0x00, 0x00, 0x04, 0x3F, 0x80, 0x00, 0x00, 0x00, 0x00, 0x00, 0x00, 0x00, 0x00, 0x00, 0x00, 0x00,
        0x00, 0x00, 0x3F, 0x1F, 0xC8, 0x00, 0x00, 0x00, 0x00, 0x00, 0x00, 0x00, 0x00, 0x00, 0x00, 0x00,
        0x00, 0x00, 0xFF, 0x8F, 0x9F, 0x80, 0x00, 0x00, 0x00, 0x00, 0x00, 0x00, 0x00, 0x00, 0x00, 0x00,
        0x00, 0x01, 0xFF, 0xC5, 0x53, 0xC0, 0x00, 0x00, 0x00, 0x00, 0x00, 0x00, 0x00, 0x00, 0x00, 0x00,
        0x00, 0x01, 0x7F, 0xE0, 0x13, 0xC0, 0x00, 0x00, 0x00, 0x00, 0x00, 0x00, 0x00, 0x00, 0x00, 0x00,
        0x00, 0x02, 0x0F, 0xF0, 0x37, 0xF0, 0x00, 0x00, 0x00, 0x00, 0x00, 0x00, 0x00, 0x00, 0x00, 0x00,
        0x00, 0x02, 0x03, 0xF0, 0x60, 0xA0, 0x07, 0x30, 0x00, 0x00, 0x00, 0x00, 0x00, 0x00, 0x00, 0x00,
        0x00, 0x02, 0x00, 0x04, 0xC5, 0x57, 0xFF, 0xF0, 0x00, 0x00, 0x00, 0x00, 0x00, 0x00, 0x00, 0x00,
        0x00, 0x02, 0x00, 0x79, 0x8A, 0xAF, 0xFF, 0xE0, 0x00, 0x00, 0x00, 0x00, 0x00, 0x00, 0x00, 0x00,
        0x00, 0x02, 0x00, 0x00, 0x11, 0x57, 0xFF, 0xC0, 0x00, 0x00, 0x00, 0x00, 0x00, 0x00, 0x00, 0x00,
        0x00, 0x02, 0x00, 0x00, 0x08, 0xAF, 0xFF, 0x80, 0x00, 0x00, 0x00, 0x00, 0x00, 0x00, 0x00, 0x00,
        0x00, 0x02, 0x00, 0x00, 0x10, 0x57, 0xFF, 0x00, 0x00, 0x00, 0x00, 0x00, 0x00, 0x00, 0x00, 0x00,
        0x00, 0x02, 0x00, 0x00, 0x08, 0x0B, 0x00, 0x00, 0x00, 0x00, 0x00, 0x00, 0x00, 0x00, 0x00, 0x00,
        0x00, 0x02, 0x00, 0x00, 0x10, 0x00, 0x00, 0x00, 0x00, 0x00, 0x00, 0x00, 0x00, 0x00, 0x00, 0x00,
        0x00, 0x02, 0x00, 0x00, 0x08, 0x00, 0x00, 0x00, 0x00, 0x00, 0x00, 0x00, 0x00, 0x00, 0x00, 0x00,
        0x00, 0x02, 0x00, 0x00, 0x00, 0x00, 0x00, 0x00, 0x00, 0x00, 0x00, 0x00, 0x00, 0x00, 0x00, 0x00,
        0x00, 0x02, 0x00, 0x00, 0x20, 0x00, 0x00, 0x00, 0x00, 0x00, 0x00, 0x00, 0x00, 0x00, 0x00, 0x00,
        0x00, 0x04, 0x00, 0x00, 0x54, 0x00, 0x00, 0x00, 0x00, 0x00, 0x00, 0x00, 0x00, 0x00, 0x00, 0x00,
        0x00, 0x04, 0x00, 0x00, 0x0A, 0x00, 0x00, 0x00, 0x01, 0xC7, 0x22, 0xF8, 0x07, 0x22, 0x20, 0x00,
        0x00, 0x04, 0x00, 0x00, 0x44, 0x00, 0x00, 0x00, 0x02, 0x28, 0xB6, 0x80, 0x08, 0xB2, 0x20, 0x00,
        0x00, 0x04, 0x00, 0x00, 0x22, 0x00, 0x00, 0x00, 0x02, 0x08, 0xAA, 0x80, 0x08, 0xAA, 0x20, 0x00,
        0x00, 0x04, 0x00, 0x00, 0x44, 0x00, 0x00, 0x00, 0x02, 0x08, 0xA2, 0xF0, 0x08, 0xA6, 0x20, 0x00,
        0x00, 0x04, 0x00, 0x00, 0x2A, 0x00, 0x00, 0x00, 0x02, 0x08, 0xA2, 0x80, 0x08, 0xA2, 0x20, 0x00,
        0x00, 0x04, 0x00, 0x00, 0x54, 0x00, 0x00, 0x00, 0x02, 0x28, 0xA2, 0x80, 0x08, 0xA2, 0x00, 0x00,
        0x00, 0x04, 0x00, 0x00, 0x2A, 0x00, 0x00, 0x00, 0x01, 0xC7, 0x22, 0xF8, 0x07, 0x22, 0x20, 0x00,
        0x00, 0x04, 0x00, 0x00, 0x54, 0x00, 0x00, 0x00, 0x00, 0x00, 0x00, 0x00, 0x00, 0x00, 0x00, 0x00,
        0x00, 0x04, 0x00, 0x00, 0x2A, 0x00, 0x00, 0x00, 0x00, 0x00, 0x00, 0x00, 0x00, 0x00, 0x00, 0x00,
        0x00, 0x04, 0x00, 0x00, 0x54, 0x00, 0x00, 0x00, 0x00, 0x00, 0x00, 0x00, 0x00, 0x00, 0x00, 0x00,
        0x00, 0x04, 0x00, 0x00, 0x28, 0x00, 0x00, 0x00, 0x00, 0x00, 0x00, 0x00, 0x00, 0x00, 0x00, 0x00,
        0x00, 0x04, 0x00, 0x00, 0x50, 0x00, 0x00, 0x00, 0x00, 0x00, 0x00, 0x00, 0x00, 0x00, 0x00, 0x00,
        0x00, 0x08, 0x00, 0x00, 0x70, 0x00, 0x00, 0x00, 0x00, 0x00, 0x00, 0x00, 0x00, 0x00, 0x00, 0x00,
        0x00, 0x08, 0x00, 0x00, 0x20, 0x00, 0x00, 0x00, 0x00, 0x00, 0x00, 0x00, 0x00, 0x00, 0x00, 0x00,
        0x00, 0x08, 0x00, 0x00, 0x00, 0x00, 0x00, 0x00, 0x00, 0x00, 0x00, 0x00, 0x00, 0x00, 0x00, 0x00,
        0x00, 0x08, 0x00, 0x00, 0x40, 0x00, 0x00, 0x00, 0x00, 0x00, 0x00, 0x00, 0x00, 0x00, 0x00, 0x00,
        0x00, 0x08, 0x00, 0x00, 0x00, 0x00, 0x00, 0x00, 0x00, 0x00, 0x00, 0x00, 0x00, 0x00, 0x00, 0x00,
        0x00, 0x08, 0x00, 0x00, 0x00, 0x00, 0x00, 0x00, 0x00, 0x00, 0x00, 0x00, 0x00, 0x00, 0x00, 0x00,
        0x00, 0x08, 0x00, 0x00, 0x00, 0x00, 0x00, 0x00, 0x00, 0x00, 0x00, 0x00, 0x00, 0x00, 0x00, 0x00,
        0x00, 0x08, 0x00, 0x00, 0x00, 0x00, 0x00, 0x00, 0x00, 0x00, 0x00, 0x00, 0x00, 0x00, 0x00, 0x00,
        0x00, 0x08, 0x00, 0x00, 0x00, 0x00, 0x00, 0x00, 0x00, 0x00, 0x00, 0x00, 0x00, 0x00, 0x00, 0x00,
        0x00, 0x04, 0x00, 0x00, 0x00, 0x00, 0x00, 0x00, 0x00, 0x00, 0x00, 0x00, 0x00, 0x00, 0x00, 0x00,
        0x00, 0x04, 0x00, 0x00, 0x80, 0x00, 0x00, 0x00, 0x00, 0x00, 0x00, 0x00, 0x00, 0x00, 0x00, 0x00,
        0x00, 0x02, 0x00, 0x00, 0xF0, 0x00, 0x00, 0x00, 0x00, 0x00, 0x00, 0x00, 0x00, 0x00, 0x00, 0x00,
        0x00, 0x00, 0x40, 0x00, 0xF0, 0x00, 0x00, 0x00, 0x00, 0x00, 0x00, 0x00, 0x00, 0x00, 0x00, 0x00,
        0x00, 0x00, 0x01, 0x18, 0x60, 0x00, 0x00, 0x00, 0x00, 0x00, 0x00, 0x00, 0x00, 0x00, 0x00, 0x00,
        0x00, 0x00, 0x02, 0x00, 0x00, 0x00, 0x00, 0x00, 0x00, 0x00, 0x00, 0x00, 0x00, 0x00, 0x00, 0x00,
        0x00, 0x00, 0x02, 0x00, 0x00, 0x00, 0x00, 0x00, 0x00, 0x00, 0x00, 0x00, 0x00, 0x00, 0x00, 0x00,
        0x00, 0x00, 0x02, 0x00, 0x00, 0x00, 0x00, 0x00, 0x00, 0x00, 0x00, 0x00, 0x00, 0x00, 0x00, 0x00,
        0x00, 0x00, 0x01, 0x00, 0x00, 0x00, 0x00, 0x00, 0x00, 0x00, 0x00, 0x00, 0x00, 0x00, 0x00, 0x00,
        0x00, 0x00, 0x00, 0x00, 0x00, 0x00, 0x00, 0x00, 0x00, 0x00, 0x00, 0x00, 0x00, 0x00, 0x00, 0x00,
        0x00, 0x00, 0x00, 0x00, 0x00, 0x00, 0x00, 0x00, 0x00, 0x00, 0x00, 0x00, 0x00, 0x00, 0x00, 0x00,
        0x00, 0x00, 0x00, 0x00, 0x00, 0x00, 0x00, 0x00, 0x00, 0x00, 0x00, 0x00, 0x00, 0x00, 0x00, 0x00,
        0x00, 0x00, 0x00, 0x00, 0x00, 0x00, 0x00, 0x00, 0x00, 0x00, 0x00, 0x00, 0x00, 0x00, 0x00, 0x00,
        0x00, 0x00, 0x00, 0x00, 0x00, 0x00, 0x00, 0x00, 0x00, 0x00, 0x00, 0x00, 0x00, 0x00, 0x00, 0x00,
        0x00, 0x00, 0x00, 0x00, 0x00, 0x00, 0x00, 0x00, 0x00, 0x00, 0x00, 0x00, 0x00, 0x00, 0x00, 0x00,
    },
    // Frame 35 (delay: 100ms)
    {
        0x00, 0x00, 0x00, 0x00, 0x00, 0x00, 0x00, 0x00, 0x00, 0x00, 0x00, 0x00, 0x00, 0x00, 0x00, 0x00,
        0x00, 0x00, 0x00, 0x00, 0x00, 0x00, 0x00, 0x00, 0x00, 0x00, 0x00, 0x00, 0x00, 0x00, 0x00, 0x00,
        0x00, 0x00, 0x00, 0x00, 0x00, 0x00, 0x00, 0x00, 0x00, 0x00, 0x00, 0x00, 0x00, 0x00, 0x00, 0x00,
        0x00, 0x00, 0x00, 0x00, 0x00, 0x00, 0x00, 0x00, 0x00, 0x00, 0x00, 0x00, 0x00, 0x00, 0x00, 0x00,
        0x00, 0x00, 0x00, 0x00, 0x00, 0x00, 0x00, 0x00, 0x00, 0x00, 0x00, 0x00, 0x00, 0x00, 0x00, 0x00,
        0x00, 0x00, 0x00, 0x00, 0x00, 0x00, 0x00, 0x00, 0x00, 0x00, 0x00, 0x00, 0x00, 0x00, 0x00, 0x00,
        0x00, 0x00, 0x00, 0x06, 0xA8, 0x00, 0x00, 0x00, 0x00, 0x00, 0x00, 0x00, 0x00, 0x00, 0x00, 0x00,
        0x00, 0x00, 0x00, 0x14, 0x50, 0x00, 0x00, 0x00, 0x00, 0x00, 0x00, 0x00, 0x00, 0x00, 0x00, 0x00,
        0x00, 0x00, 0x00, 0x20, 0x20, 0x00, 0x00, 0x00, 0x00, 0x00, 0x00, 0x00, 0x00, 0x00, 0x00, 0x00,
        0x00, 0x00, 0x00, 0xBE, 0x00, 0x00, 0x00, 0x00, 0x00, 0x00, 0x00, 0x00, 0x00, 0x00, 0x00, 0x00,
        0x00, 0x00, 0x04, 0x3F, 0xC0, 0x00, 0x00, 0x00, 0x00, 0x00, 0x00, 0x00, 0x00, 0x00, 0x00, 0x00,
        0x00, 0x00, 0x3F, 0x1F, 0xC4, 0x00, 0x00, 0x00, 0x00, 0x00, 0x00, 0x00, 0x00, 0x00, 0x00, 0x00,
        0x00, 0x00, 0xFF, 0x8F, 0x9F, 0x80, 0x00, 0x00, 0x00, 0x00, 0x00, 0x00, 0x00, 0x00, 0x00, 0x00,
        0x00, 0x01, 0xFF, 0xC5, 0x5B, 0xC0, 0x00, 0x00, 0x00, 0x00, 0x00, 0x00, 0x00, 0x00, 0x00, 0x00,
        0x00, 0x01, 0x7F, 0xE0, 0x13, 0xE0, 0x00, 0x00, 0x00, 0x00, 0x00, 0x00, 0x00, 0x00, 0x00, 0x00,
        0x00, 0x02, 0x0F, 0xF0, 0x37, 0xF0, 0x00, 0x40, 0x00, 0x00, 0x00, 0x00, 0x00, 0x00, 0x00, 0x00,
        0x00, 0x02, 0x03, 0xF0, 0x60, 0xA0, 0x07, 0xE0, 0x00, 0x00, 0x00, 0x00, 0x00, 0x00, 0x00, 0x00,
        0x00, 0x02, 0x00, 0x06, 0xC5, 0x57, 0xFF, 0xE0, 0x00, 0x00, 0x00, 0x00, 0x00, 0x00, 0x00, 0x00,
        0x00, 0x02, 0x00, 0x7D, 0x8A, 0xAB, 0xFF, 0xE0, 0x00, 0x00, 0x00, 0x00, 0x00, 0x00, 0x00, 0x00,
        0x00, 0x02, 0x00, 0x00, 0x15, 0x57, 0xFF, 0xE0, 0x00, 0x00, 0x00, 0x00, 0x00, 0x00, 0x00, 0x00,
        0x00, 0x02, 0x00, 0x00, 0x08, 0xAF, 0xFF, 0xC0, 0x00, 0x00, 0x00, 0x00, 0x00, 0x00, 0x00, 0x00,
        0x00, 0x02, 0x00, 0x00, 0x10, 0x57, 0xFF, 0x00, 0x00, 0x00, 0x00, 0x00, 0x00, 0x00, 0x00, 0x00,
        0x00, 0x02, 0x00, 0x00, 0x08, 0x0B, 0x00, 0x00, 0x00, 0x00, 0x00, 0x00, 0x00, 0x00, 0x00, 0x00,
        0x00, 0x02, 0x00, 0x00, 0x10, 0x00, 0x00, 0x00, 0x00, 0x00, 0x00, 0x00, 0x00, 0x00, 0x00, 0x00,
        0x00, 0x02, 0x00, 0x00, 0x08, 0x00, 0x00, 0x00, 0x00, 0x00, 0x00, 0x00, 0x00, 0x00, 0x00, 0x00,
        0x00, 0x02, 0x00, 0x00, 0x00, 0x00, 0x00, 0x00, 0x00, 0x00, 0x00, 0x00, 0x00, 0x00, 0x00, 0x00,
        0x00, 0x02, 0x00, 0x00, 0x20, 0x00, 0x00, 0x00, 0x00, 0x00, 0x00, 0x00, 0x00, 0x00, 0x00, 0x00,
        0x00, 0x04, 0x00, 0x00, 0x44, 0x00, 0x00, 0x00, 0x00, 0x00, 0x00, 0x00, 0x00, 0x00, 0x00, 0x00,
        0x00, 0x04, 0x00, 0x00, 0x2A, 0x00, 0x00, 0x00, 0x01, 0xC7, 0x22, 0xF8, 0x07, 0x22, 0x20, 0x00,
        0x00, 0x04, 0x00, 0x00, 0x44, 0x00, 0x00, 0x00, 0x02, 0x28, 0xB6, 0x80, 0x08, 0xB2, 0x20, 0x00,
        0x00, 0x04, 0x00, 0x00, 0x22, 0x00, 0x00, 0x00, 0x02, 0x08, 0xAA, 0x80, 0x08, 0xAA, 0x20, 0x00,
        0x00, 0x04, 0x00, 0x00, 0x44, 0x00, 0x00, 0x00, 0x02, 0x08, 0xA2, 0xF0, 0x08, 0xA6, 0x20, 0x00,
        0x00, 0x04, 0x00, 0x00, 0x2A, 0x00, 0x00, 0x00, 0x02, 0x08, 0xA2, 0x80, 0x08, 0xA2, 0x20, 0x00,
        0x00, 0x04, 0x00, 0x00, 0x54, 0x00, 0x00, 0x00, 0x02, 0x28, 0xA2, 0x80, 0x08, 0xA2, 0x00, 0x00,
        0x00, 0x04, 0x00, 0x00, 0x2A, 0x00, 0x00, 0x00, 0x01, 0xC7, 0x22, 0xF8, 0x07, 0x22, 0x20, 0x00,
        0x00, 0x04, 0x00, 0x00, 0x55, 0x00, 0x00, 0x00, 0x00, 0x00, 0x00, 0x00, 0x00, 0x00, 0x00, 0x00,
        0x00, 0x04, 0x00, 0x00, 0x2A, 0x00, 0x00, 0x00, 0x00, 0x00, 0x00, 0x00, 0x00, 0x00, 0x00, 0x00,
        0x00, 0x04, 0x00, 0x00, 0x54, 0x00, 0x00, 0x00, 0x00, 0x00, 0x00, 0x00, 0x00, 0x00, 0x00, 0x00,
        0x00, 0x04, 0x00, 0x00, 0x28, 0x00, 0x00, 0x00, 0x00, 0x00, 0x00, 0x00, 0x00, 0x00, 0x00, 0x00,
        0x00, 0x04, 0x00, 0x00, 0x50, 0x00, 0x00, 0x00, 0x00, 0x00, 0x00, 0x00, 0x00, 0x00, 0x00, 0x00,
        0x00, 0x08, 0x00, 0x00, 0x70, 0x00, 0x00, 0x00, 0x00, 0x00, 0x00, 0x00, 0x00, 0x00, 0x00, 0x00,
        0x00, 0x08, 0x00, 0x00, 0x20, 0x00, 0x00, 0x00, 0x00, 0x00, 0x00, 0x00, 0x00, 0x00, 0x00, 0x00,
        0x00, 0x08, 0x00, 0x00, 0x00, 0x00, 0x00, 0x00, 0x00, 0x00, 0x00, 0x00, 0x00, 0x00, 0x00, 0x00,
        0x00, 0x08, 0x00, 0x00, 0x40, 0x00, 0x00, 0x00, 0x00, 0x00, 0x00, 0x00, 0x00, 0x00, 0x00, 0x00,
        0x00, 0x08, 0x00, 0x00, 0x00, 0x00, 0x00, 0x00, 0x00, 0x00, 0x00, 0x00, 0x00, 0x00, 0x00, 0x00,
        0x00, 0x08, 0x00, 0x00, 0x00, 0x00, 0x00, 0x00, 0x00, 0x00, 0x00, 0x00, 0x00, 0x00, 0x00, 0x00,
        0x00, 0x08, 0x00, 0x00, 0x00, 0x00, 0x00, 0x00, 0x00, 0x00, 0x00, 0x00, 0x00, 0x00, 0x00, 0x00,
        0x00, 0x08, 0x00, 0x00, 0x00, 0x00, 0x00, 0x00, 0x00, 0x00, 0x00, 0x00, 0x00, 0x00, 0x00, 0x00,
        0x00, 0x08, 0x00, 0x00, 0x00, 0x00, 0x00, 0x00, 0x00, 0x00, 0x00, 0x00, 0x00, 0x00, 0x00, 0x00,
        0x00, 0x04, 0x00, 0x00, 0x00, 0x00, 0x00, 0x00, 0x00, 0x00, 0x00, 0x00, 0x00, 0x00, 0x00, 0x00,
        0x00, 0x04, 0x00, 0x00, 0x80, 0x00, 0x00, 0x00, 0x00, 0x00, 0x00, 0x00, 0x00, 0x00, 0x00, 0x00,
        0x00, 0x02, 0x00, 0x00, 0xF0, 0x00, 0x00, 0x00, 0x00, 0x00, 0x00, 0x00, 0x00, 0x00, 0x00, 0x00,
        0x00, 0x00, 0x40, 0x00, 0xF0, 0x00, 0x00, 0x00, 0x00, 0x00, 0x00, 0x00, 0x00, 0x00, 0x00, 0x00,
        0x00, 0x00, 0x01, 0x18, 0x60, 0x00, 0x00, 0x00, 0x00, 0x00, 0x00, 0x00, 0x00, 0x00, 0x00, 0x00,
        0x00, 0x00, 0x02, 0x00, 0x00, 0x00, 0x00, 0x00, 0x00, 0x00, 0x00, 0x00, 0x00, 0x00, 0x00, 0x00,
        0x00, 0x00, 0x02, 0x00, 0x00, 0x00, 0x00, 0x00, 0x00, 0x00, 0x00, 0x00, 0x00, 0x00, 0x00, 0x00,
        0x00, 0x00, 0x02, 0x00, 0x00, 0x00, 0x00, 0x00, 0x00, 0x00, 0x00, 0x00, 0x00, 0x00, 0x00, 0x00,
        0x00, 0x00, 0x01, 0x00, 0x00, 0x00, 0x00, 0x00, 0x00, 0x00, 0x00, 0x00, 0x00, 0x00, 0x00, 0x00,
        0x00, 0x00, 0x00, 0x00, 0x00, 0x00, 0x00, 0x00, 0x00, 0x00, 0x00, 0x00, 0x00, 0x00, 0x00, 0x00,
        0x00, 0x00, 0x00, 0x00, 0x00, 0x00, 0x00, 0x00, 0x00, 0x00, 0x00, 0x00, 0x00, 0x00, 0x00, 0x00,
        0x00, 0x00, 0x00, 0x00, 0x00, 0x00, 0x00, 0x00, 0x00, 0x00, 0x00, 0x00, 0x00, 0x00, 0x00, 0x00,
        0x00, 0x00, 0x00, 0x00, 0x00, 0x00, 0x00, 0x00, 0x00, 0x00, 0x00, 0x00, 0x00, 0x00, 0x00, 0x00,
        0x00, 0x00, 0x00, 0x00, 0x00, 0x00, 0x00, 0x00, 0x00, 0x00, 0x00, 0x00, 0x00, 0x00, 0x00, 0x00,
        0x00, 0x00, 0x00, 0x00, 0x00, 0x00, 0x00, 0x00, 0x00, 0x00, 0x00, 0x00, 0x00, 0x00, 0x00, 0x00,
    },
    // Frame 36 (delay: 120ms)
    {
        0x00, 0x00, 0x00, 0x00, 0x00, 0x00, 0x00, 0x00, 0x00, 0x00, 0x00, 0x00, 0x00, 0x00, 0x00, 0x00,
        0x00, 0x00, 0x00, 0x00, 0x00, 0x00, 0x00, 0x00, 0x00, 0x00, 0x00, 0x00, 0x00, 0x00, 0x00, 0x00,
        0x00, 0x00, 0x00, 0x00, 0x00, 0x00, 0x00, 0x00, 0x00, 0x00, 0x00, 0x00, 0x00, 0x00, 0x00, 0x00,
        0x00, 0x00, 0x00, 0x00, 0x00, 0x00, 0x00, 0x00, 0x00, 0x00, 0x00, 0x00, 0x00, 0x00, 0x00, 0x00,
        0x00, 0x00, 0x00, 0x00, 0x00, 0x00, 0x00, 0x00, 0x00, 0x00, 0x00, 0x00, 0x00, 0x00, 0x00, 0x00,
        0x00, 0x00, 0x00, 0x00, 0x00, 0x00, 0x00, 0x00, 0x00, 0x00, 0x00, 0x00, 0x00, 0x00, 0x00, 0x00,
        0x00, 0x00, 0x00, 0x06, 0xA0, 0x00, 0x00, 0x00, 0x00, 0x00, 0x00, 0x00, 0x00, 0x00, 0x00, 0x00,
        0x00, 0x00, 0x00, 0x34, 0x50, 0x00, 0x00, 0x00, 0x00, 0x00, 0x00, 0x00, 0x00, 0x00, 0x00, 0x00,
        0x00, 0x00, 0x00, 0x20, 0x20, 0x00, 0x00, 0x00, 0x00, 0x00, 0x00, 0x00, 0x00, 0x00, 0x00, 0x00,
        0x00, 0x00, 0x00, 0xBE, 0x00, 0x00, 0x00, 0x00, 0x00, 0x00, 0x00, 0x00, 0x00, 0x00, 0x00, 0x00,
        0x00, 0x00, 0x04, 0x3F, 0x80, 0x00, 0x00, 0x00, 0x00, 0x00, 0x00, 0x00, 0x00, 0x00, 0x00, 0x00,
        0x00, 0x00, 0x3F, 0x1F, 0xC8, 0x00, 0x00, 0x00, 0x00, 0x00, 0x00, 0x00, 0x00, 0x00, 0x00, 0x00,
        0x00, 0x00, 0xFF, 0x0F, 0x9F, 0x00, 0x00, 0x00, 0x00, 0x00, 0x00, 0x00, 0x00, 0x00, 0x00, 0x00,
        0x00, 0x01, 0xFF, 0xC5, 0x57, 0xC0, 0x00, 0x00, 0x00, 0x00, 0x00, 0x00, 0x00, 0x00, 0x00, 0x00,
        0x00, 0x01, 0x7F, 0xE0, 0x17, 0xC0, 0x00, 0x00, 0x00, 0x00, 0x00, 0x00, 0x00, 0x00, 0x00, 0x00,
        0x00, 0x02, 0x0F, 0xF0, 0x37, 0xF0, 0x00, 0x00, 0x00, 0x00, 0x00, 0x00, 0x00, 0x00, 0x00, 0x00,
        0x00, 0x02, 0x03, 0xF0, 0x60, 0xA0, 0x07, 0x60, 0x00, 0x00, 0x00, 0x00, 0x00, 0x00, 0x00, 0x00,
        0x00, 0x02, 0x00, 0x04, 0xC5, 0x57, 0xFF, 0xE0, 0x00, 0x00, 0x00, 0x00, 0x00, 0x00, 0x00, 0x00,
        0x00, 0x02, 0x00, 0x79, 0x8A, 0xAF, 0xFF, 0xE0, 0x00, 0x00, 0x00, 0x00, 0x00, 0x00, 0x00, 0x00,
        0x00, 0x02, 0x00, 0x00, 0x11, 0x57, 0xFF, 0xC0, 0x00, 0x00, 0x00, 0x00, 0x00, 0x00, 0x00, 0x00,
        0x00, 0x02, 0x00, 0x00, 0x08, 0xAF, 0xFF, 0x80, 0x00, 0x00, 0x00, 0x00, 0x00, 0x00, 0x00, 0x00,
        0x00, 0x02, 0x00, 0x00, 0x10, 0x57, 0xFE, 0x00, 0x00, 0x00, 0x00, 0x00, 0x00, 0x00, 0x00, 0x00,
        0x00, 0x02, 0x00, 0x00, 0x08, 0x0F, 0x00, 0x00, 0x00, 0x00, 0x00, 0x00, 0x00, 0x00, 0x00, 0x00,
        0x00, 0x02, 0x00, 0x00, 0x10, 0x00, 0x00, 0x00, 0x00, 0x00, 0x00, 0x00, 0x00, 0x00, 0x00, 0x00,
        0x00, 0x02, 0x00, 0x00, 0x08, 0x00, 0x00, 0x00, 0x00, 0x00, 0x00, 0x00, 0x00, 0x00, 0x00, 0x00,
        0x00, 0x02, 0x00, 0x00, 0x00, 0x00, 0x00, 0x00, 0x00, 0x00, 0x00, 0x00, 0x00, 0x00, 0x00, 0x00,
        0x00, 0x02, 0x00, 0x00, 0x20, 0x00, 0x00, 0x00, 0x00, 0x00, 0x00, 0x00, 0x00, 0x00, 0x00, 0x00,
        0x00, 0x04, 0x00, 0x00, 0x54, 0x00, 0x00, 0x00, 0x00, 0x00, 0x00, 0x00, 0x00, 0x00, 0x00, 0x00,
        0x00, 0x04, 0x00, 0x00, 0x08, 0x00, 0x00, 0x00, 0x01, 0xC7, 0x22, 0xF8, 0x07, 0x22, 0x20, 0x00,
        0x00, 0x04, 0x00, 0x00, 0x44, 0x00, 0x00, 0x00, 0x02, 0x28, 0xB6, 0x80, 0x08, 0xB2, 0x20, 0x00,
        0x00, 0x04, 0x00, 0x00, 0x22, 0x00, 0x00, 0x00, 0x02, 0x08, 0xAA, 0x80, 0x08, 0xAA, 0x20, 0x00,
        0x00, 0x04, 0x00, 0x00, 0x44, 0x00, 0x00, 0x00, 0x02, 0x08, 0xA2, 0xF0, 0x08, 0xA6, 0x20, 0x00,
        0x00, 0x04, 0x00, 0x00, 0x2A, 0x00, 0x00, 0x00, 0x02, 0x08, 0xA2, 0x80, 0x08, 0xA2, 0x20, 0x00,
        0x00, 0x04, 0x00, 0x00, 0x54, 0x00, 0x00, 0x00, 0x02, 0x28, 0xA2, 0x80, 0x08, 0xA2, 0x00, 0x00,
        0x00, 0x04, 0x00, 0x00, 0x2A, 0x00, 0x00, 0x00, 0x01, 0xC7, 0x22, 0xF8, 0x07, 0x22, 0x20, 0x00,
        0x00, 0x04, 0x00, 0x00, 0x54, 0x00, 0x00, 0x00, 0x00, 0x00, 0x00, 0x00, 0x00, 0x00, 0x00, 0x00,
        0x00, 0x04, 0x00, 0x00, 0x2A, 0x00, 0x00, 0x00, 0x00, 0x00, 0x00, 0x00, 0x00, 0x00, 0x00, 0x00,
        0x00, 0x04, 0x00, 0x00, 0x54, 0x00, 0x00, 0x00, 0x00, 0x00, 0x00, 0x00, 0x00, 0x00, 0x00, 0x00,
        0x00, 0x04, 0x00, 0x00, 0x28, 0x00, 0x00, 0x00, 0x00, 0x00, 0x00, 0x00, 0x00, 0x00, 0x00, 0x00,
        0x00, 0x04, 0x00, 0x00, 0x50, 0x00, 0x00, 0x00, 0x00, 0x00, 0x00, 0x00, 0x00, 0x00, 0x00, 0x00,
        0x00, 0x08, 0x00, 0x00, 0x70, 0x00, 0x00, 0x00, 0x00, 0x00, 0x00, 0x00, 0x00, 0x00, 0x00, 0x00,
        0x00, 0x08, 0x00, 0x00, 0x60, 0x00, 0x00, 0x00, 0x00, 0x00, 0x00, 0x00, 0x00, 0x00, 0x00, 0x00,
        0x00, 0x08, 0x00, 0x00, 0x00, 0x00, 0x00, 0x00, 0x00, 0x00, 0x00, 0x00, 0x00, 0x00, 0x00, 0x00,
        0x00, 0x08, 0x00, 0x00, 0x40, 0x00, 0x00, 0x00, 0x00, 0x00, 0x00, 0x00, 0x00, 0x00, 0x00, 0x00,
        0x00, 0x08, 0x00, 0x00, 0x00, 0x00, 0x00, 0x00, 0x00, 0x00, 0x00, 0x00, 0x00, 0x00, 0x00, 0x00,
        0x00, 0x08, 0x00, 0x00, 0x00, 0x00, 0x00, 0x00, 0x00, 0x00, 0x00, 0x00, 0x00, 0x00, 0x00, 0x00,
        0x00, 0x08, 0x00, 0x00, 0x00, 0x00, 0x00, 0x00, 0x00, 0x00, 0x00, 0x00, 0x00, 0x00, 0x00, 0x00,
        0x00, 0x08, 0x00, 0x00, 0x00, 0x00, 0x00, 0x00, 0x00, 0x00, 0x00, 0x00, 0x00, 0x00, 0x00, 0x00,
        0x00, 0x08, 0x00, 0x00, 0x00, 0x00, 0x00, 0x00, 0x00, 0x00, 0x00, 0x00, 0x00, 0x00, 0x00, 0x00,
        0x00, 0x04, 0x00, 0x00, 0x00, 0x00, 0x00, 0x00, 0x00, 0x00, 0x00, 0x00, 0x00, 0x00, 0x00, 0x00,
        0x00, 0x04, 0x00, 0x00, 0x80, 0x00, 0x00, 0x00, 0x00, 0x00, 0x00, 0x00, 0x00, 0x00, 0x00, 0x00,
        0x00, 0x02, 0x00, 0x00, 0xF0, 0x00, 0x00, 0x00, 0x00, 0x00, 0x00, 0x00, 0x00, 0x00, 0x00, 0x00,
        0x00, 0x00, 0x40, 0x00, 0xF0, 0x00, 0x00, 0x00, 0x00, 0x00, 0x00, 0x00, 0x00, 0x00, 0x00, 0x00,
        0x00, 0x00, 0x01, 0x18, 0x60, 0x00, 0x00, 0x00, 0x00, 0x00, 0x00, 0x00, 0x00, 0x00, 0x00, 0x00,
        0x00, 0x00, 0x02, 0x08, 0x00, 0x00, 0x00, 0x00, 0x00, 0x00, 0x00, 0x00, 0x00, 0x00, 0x00, 0x00,
        0x00, 0x00, 0x02, 0x00, 0x00, 0x00, 0x00, 0x00, 0x00, 0x00, 0x00, 0x00, 0x00, 0x00, 0x00, 0x00,
        0x00, 0x00, 0x02, 0x00, 0x00, 0x00, 0x00, 0x00, 0x00, 0x00, 0x00, 0x00, 0x00, 0x00, 0x00, 0x00,
        0x00, 0x00, 0x01, 0x00, 0x00, 0x00, 0x00, 0x00, 0x00, 0x00, 0x00, 0x00, 0x00, 0x00, 0x00, 0x00,
        0x00, 0x00, 0x00, 0x00, 0x00, 0x00, 0x00, 0x00, 0x00, 0x00, 0x00, 0x00, 0x00, 0x00, 0x00, 0x00,
        0x00, 0x00, 0x00, 0x00, 0x00, 0x00, 0x00, 0x00, 0x00, 0x00, 0x00, 0x00, 0x00, 0x00, 0x00, 0x00,
        0x00, 0x00, 0x00, 0x00, 0x00, 0x00, 0x00, 0x00, 0x00, 0x00, 0x00, 0x00, 0x00, 0x00, 0x00, 0x00,
        0x00, 0x00, 0x00, 0x00, 0x00, 0x00, 0x00, 0x00, 0x00, 0x00, 0x00, 0x00, 0x00, 0x00, 0x00, 0x00,
        0x00, 0x00, 0x00, 0x00, 0x00, 0x00, 0x00, 0x00, 0x00, 0x00, 0x00, 0x00, 0x00, 0x00, 0x00, 0x00,
        0x00, 0x00, 0x00, 0x00, 0x00, 0x00, 0x00, 0x00, 0x00, 0x00, 0x00, 0x00, 0x00, 0x00, 0x00, 0x00,
    },
    // Frame 37 (delay: 700ms)
    {
        0x00, 0x00, 0x00, 0x00, 0x00, 0x00, 0x00, 0x00, 0x00, 0x00, 0x00, 0x00, 0x00, 0x00, 0x00, 0x00,
        0x00, 0x00, 0x00, 0x00, 0x00, 0x00, 0x00, 0x00, 0x00, 0x00, 0x00, 0x00, 0x00, 0x00, 0x00, 0x00,
        0x00, 0x00, 0x00, 0x00, 0x00, 0x00, 0x00, 0x00, 0x00, 0x00, 0x00, 0x00, 0x00, 0x00, 0x00, 0x00,
        0x00, 0x00, 0x00, 0x00, 0x00, 0x00, 0x00, 0x00, 0x00, 0x00, 0x00, 0x00, 0x00, 0x00, 0x00, 0x00,
        0x00, 0x00, 0x00, 0x00, 0x00, 0x00, 0x00, 0x00, 0x00, 0x00, 0x00, 0x00, 0x00, 0x00, 0x00, 0x00,
        0x00, 0x00, 0x00, 0x00, 0x00, 0x00, 0x00, 0x00, 0x00, 0x00, 0x00, 0x00, 0x00, 0x00, 0x00, 0x00,
        0x00, 0x00, 0x00, 0x06, 0xA0, 0x00, 0x00, 0x00, 0x00, 0x00, 0x00, 0x00, 0x00, 0x00, 0x00, 0x00,
        0x00, 0x00, 0x00, 0x34, 0x50, 0x00, 0x00, 0x00, 0x00, 0x00, 0x00, 0x00, 0x00, 0x00, 0x00, 0x00,
        0x00, 0x00, 0x00, 0x20, 0x20, 0x00, 0x00, 0x00, 0x00, 0x00, 0x00, 0x00, 0x00, 0x00, 0x00, 0x00,
        0x00, 0x00, 0x00, 0xBE, 0x00, 0x00, 0x00, 0x00, 0x00, 0x00, 0x00, 0x00, 0x00, 0x00, 0x00, 0x00,
        0x00, 0x00, 0x04, 0x3F, 0x80, 0x00, 0x00, 0x00, 0x00, 0x00, 0x00, 0x00, 0x00, 0x00, 0x00, 0x00,
        0x00, 0x00, 0x3F, 0x1F, 0xC8, 0x00, 0x00, 0x00, 0x00, 0x00, 0x00, 0x00, 0x00, 0x00, 0x00, 0x00,
        0x00, 0x00, 0xFF, 0x8F, 0x9F, 0x80, 0x00, 0x00, 0x00, 0x00, 0x00, 0x00, 0x00, 0x00, 0x00, 0x00,
        0x00, 0x01, 0xFF, 0xC5, 0x53, 0xC0, 0x00, 0x00, 0x00, 0x00, 0x00, 0x00, 0x00, 0x00, 0x00, 0x00,
        0x00, 0x01, 0x7F, 0xE0, 0x13, 0xC0, 0x00, 0x00, 0x00, 0x00, 0x00, 0x00, 0x00, 0x00, 0x00, 0x00,
        0x00, 0x02, 0x0F, 0xF0, 0x37, 0xF0, 0x00, 0x00, 0x00, 0x00, 0x00, 0x00, 0x00, 0x00, 0x00, 0x00,
        0x00, 0x02, 0x03, 0xF0, 0x60, 0xA0, 0x07, 0x30, 0x00, 0x00, 0x00, 0x00, 0x00, 0x00, 0x00, 0x00,
        0x00, 0x02, 0x00, 0x04, 0xC5, 0x57, 0xFF, 0xF0, 0x00, 0x00, 0x00, 0x00, 0x00, 0x00, 0x00, 0x00,
        0x00, 0x02, 0x00, 0x79, 0x8A, 0xAF, 0xFF, 0xE0, 0x00, 0x00, 0x00, 0x00, 0x00, 0x00, 0x00, 0x00,
        0x00, 0x02, 0x00, 0x00, 0x11, 0x57, 0xFF, 0xC0, 0x00, 0x00, 0x00, 0x00, 0x00, 0x00, 0x00, 0x00,
        0x00, 0x02, 0x00, 0x00, 0x08, 0xAF, 0xFF, 0x80, 0x00, 0x00, 0x00, 0x00, 0x00, 0x00, 0x00, 0x00,
        0x00, 0x02, 0x00, 0x00, 0x10, 0x57, 0xFF, 0x00, 0x00, 0x00, 0x00, 0x00, 0x00, 0x00, 0x00, 0x00,
        0x00, 0x02, 0x00, 0x00, 0x08, 0x0B, 0x00, 0x00, 0x00, 0x00, 0x00, 0x00, 0x00, 0x00, 0x00, 0x00,
        0x00, 0x02, 0x00, 0x00, 0x10, 0x00, 0x00, 0x00, 0x00, 0x00, 0x00, 0x00, 0x00, 0x00, 0x00, 0x00,
        0x00, 0x02, 0x00, 0x00, 0x08, 0x00, 0x00, 0x00, 0x00, 0x00, 0x00, 0x00, 0x00, 0x00, 0x00, 0x00,
        0x00, 0x02, 0x00, 0x00, 0x00, 0x00, 0x00, 0x00, 0x00, 0x00, 0x00, 0x00, 0x00, 0x00, 0x00, 0x00,
        0x00, 0x02, 0x00, 0x00, 0x20, 0x00, 0x00, 0x00, 0x00, 0x00, 0x00, 0x00, 0x00, 0x00, 0x00, 0x00,
        0x00, 0x04, 0x00, 0x00, 0x54, 0x00, 0x00, 0x00, 0x00, 0x00, 0x00, 0x00, 0x00, 0x00, 0x00, 0x00,
        0x00, 0x04, 0x00, 0x00, 0x0A, 0x00, 0x00, 0x00, 0x01, 0xC7, 0x22, 0xF8, 0x07, 0x22, 0x20, 0x00,
        0x00, 0x04, 0x00, 0x00, 0x44, 0x00, 0x00, 0x00, 0x02, 0x28, 0xB6, 0x80, 0x08, 0xB2, 0x20, 0x00,
        0x00, 0x04, 0x00, 0x00, 0x22, 0x00, 0x00, 0x00, 0x02, 0x08, 0xAA, 0x80, 0x08, 0xAA, 0x20, 0x00,
        0x00, 0x04, 0x00, 0x00, 0x44, 0x00, 0x00, 0x00, 0x02, 0x08, 0xA2, 0xF0, 0x08, 0xA6, 0x20, 0x00,
        0x00, 0x04, 0x00, 0x00, 0x2A, 0x00, 0x00, 0x00, 0x02, 0x08, 0xA2, 0x80, 0x08, 0xA2, 0x20, 0x00,
        0x00, 0x04, 0x00, 0x00, 0x54, 0x00, 0x00, 0x00, 0x02, 0x28, 0xA2, 0x80, 0x08, 0xA2, 0x00, 0x00,
        0x00, 0x04, 0x00, 0x00, 0x2A, 0x00, 0x00, 0x00, 0x01, 0xC7, 0x22, 0xF8, 0x07, 0x22, 0x20, 0x00,
        0x00, 0x04, 0x00, 0x00, 0x54, 0x00, 0x00, 0x00, 0x00, 0x00, 0x00, 0x00, 0x00, 0x00, 0x00, 0x00,
        0x00, 0x04, 0x00, 0x00, 0x2A, 0x00, 0x00, 0x00, 0x00, 0x00, 0x00, 0x00, 0x00, 0x00, 0x00, 0x00,
        0x00, 0x04, 0x00, 0x00, 0x54, 0x00, 0x00, 0x00, 0x00, 0x00, 0x00, 0x00, 0x00, 0x00, 0x00, 0x00,
        0x00, 0x04, 0x00, 0x00, 0x28, 0x00, 0x00, 0x00, 0x00, 0x00, 0x00, 0x00, 0x00, 0x00, 0x00, 0x00,
        0x00, 0x04, 0x00, 0x00, 0x50, 0x00, 0x00, 0x00, 0x00, 0x00, 0x00, 0x00, 0x00, 0x00, 0x00, 0x00,
        0x00, 0x08, 0x00, 0x00, 0x70, 0x00, 0x00, 0x00, 0x00, 0x00, 0x00, 0x00, 0x00, 0x00, 0x00, 0x00,
        0x00, 0x08, 0x00, 0x00, 0x20, 0x00, 0x00, 0x00, 0x00, 0x00, 0x00, 0x00, 0x00, 0x00, 0x00, 0x00,
        0x00, 0x08, 0x00, 0x00, 0x00, 0x00, 0x00, 0x00, 0x00, 0x00, 0x00, 0x00, 0x00, 0x00, 0x00, 0x00,
        0x00, 0x08, 0x00, 0x00, 0x40, 0x00, 0x00, 0x00, 0x00, 0x00, 0x00, 0x00, 0x00, 0x00, 0x00, 0x00,
        0x00, 0x08, 0x00, 0x00, 0x00, 0x00, 0x00, 0x00, 0x00, 0x00, 0x00, 0x00, 0x00, 0x00, 0x00, 0x00,
        0x00, 0x08, 0x00, 0x00, 0x00, 0x00, 0x00, 0x00, 0x00, 0x00, 0x00, 0x00, 0x00, 0x00, 0x00, 0x00,
        0x00, 0x08, 0x00, 0x00, 0x00, 0x00, 0x00, 0x00, 0x00, 0x00, 0x00, 0x00, 0x00, 0x00, 0x00, 0x00,
        0x00, 0x08, 0x00, 0x00, 0x00, 0x00, 0x00, 0x00, 0x00, 0x00, 0x00, 0x00, 0x00, 0x00, 0x00, 0x00,
        0x00, 0x08, 0x00, 0x00, 0x00, 0x00, 0x00, 0x00, 0x00, 0x00, 0x00, 0x00, 0x00, 0x00, 0x00, 0x00,
        0x00, 0x04, 0x00, 0x00, 0x00, 0x00, 0x00, 0x00, 0x00, 0x00, 0x00, 0x00, 0x00, 0x00, 0x00, 0x00,
        0x00, 0x04, 0x00, 0x00, 0x80, 0x00, 0x00, 0x00, 0x00, 0x00, 0x00, 0x00, 0x00, 0x00, 0x00, 0x00,
        0x00, 0x02, 0x00, 0x00, 0xF0, 0x00, 0x00, 0x00, 0x00, 0x00, 0x00, 0x00, 0x00, 0x00, 0x00, 0x00,
        0x00, 0x00, 0x40, 0x00, 0xF0, 0x00, 0x00, 0x00, 0x00, 0x00, 0x00, 0x00, 0x00, 0x00, 0x00, 0x00,
        0x00, 0x00, 0x01, 0x18, 0x60, 0x00, 0x00, 0x00, 0x00, 0x00, 0x00, 0x00, 0x00, 0x00, 0x00, 0x00,
        0x00, 0x00, 0x02, 0x00, 0x00, 0x00, 0x00, 0x00, 0x00, 0x00, 0x00, 0x00, 0x00, 0x00, 0x00, 0x00,
        0x00, 0x00, 0x02, 0x00, 0x00, 0x00, 0x00, 0x00, 0x00, 0x00, 0x00, 0x00, 0x00, 0x00, 0x00, 0x00,
        0x00, 0x00, 0x02, 0x00, 0x00, 0x00, 0x00, 0x00, 0x00, 0x00, 0x00, 0x00, 0x00, 0x00, 0x00, 0x00,
        0x00, 0x00, 0x01, 0x00, 0x00, 0x00, 0x00, 0x00, 0x00, 0x00, 0x00, 0x00, 0x00, 0x00, 0x00, 0x00,
        0x00, 0x00, 0x00, 0x00, 0x00, 0x00, 0x00, 0x00, 0x00, 0x00, 0x00, 0x00, 0x00, 0x00, 0x00, 0x00,
        0x00, 0x00, 0x00, 0x00, 0x00, 0x00, 0x00, 0x00, 0x00, 0x00, 0x00, 0x00, 0x00, 0x00, 0x00, 0x00,
        0x00, 0x00, 0x00, 0x00, 0x00, 0x00, 0x00, 0x00, 0x00, 0x00, 0x00, 0x00, 0x00, 0x00, 0x00, 0x00,
        0x00, 0x00, 0x00, 0x00, 0x00, 0x00, 0x00, 0x00, 0x00, 0x00, 0x00, 0x00, 0x00, 0x00, 0x00, 0x00,
        0x00, 0x00, 0x00, 0x00, 0x00, 0x00, 0x00, 0x00, 0x00, 0x00, 0x00, 0x00, 0x00, 0x00, 0x00, 0x00,
        0x00, 0x00, 0x00, 0x00, 0x00, 0x00, 0x00, 0x00, 0x00, 0x00, 0x00, 0x00, 0x00, 0x00, 0x00, 0x00,
    },
};

#endif // _SPLASH_ANIM_H_
